Date,target_price,SPY_price,VIX_price,TLT_price,HYG_price,UUP_price,target_open,target_high,target_low,target_volume,ret_1,ret_3,ret_5,ret_10,ret_20,vol_5,vol_10,vol_20,vol_shock,vol_chg_1,vol_to_ma20,price_to_ma_5,price_to_ma_10,price_to_ma_20,price_to_ma_60,price_to_ma_120,price_to_ma_200,slope_5,slope_20,slope_60,slope_120,slope_200,drawdown,dist_to_ma5,dist_10,intraday_range,close_open,rsi_14,macd,macd_signal,macd_hist,bb_width,bb_pos,bb_width_5,bb_pos_5,ret_accel,vol_breakout,bb_high_dist,spy_ret_1,spy_ret_5,spy_ret_20,spy_to_ma_60,vix_level,vix_ret_1,vix_ret_5,vix_to_ma_20,vix_z_score,vix_z_score_5,vix_speed,tlt_ret_1,tlt_ret_5,tlt_ret_20,tlt_to_ma_60,tlt_shock_5,hyg_ret,hyg_ret_5,uup_ret,uup_ret_5,uup_shock_5,hyg_z_score,uup_z_score,target_spy_ratio,target_spy_ratio_20,target_tlt_ratio,target_tlt_ratio_20,target_spy_rel_ret,target_tlt_rel_ret,target_spy_rel_ret_5,target_tlt_rel_ret_5,vol_ratio,vol_ratio_5,rel_strength_5,kbe_price,kbe_ret_5,kbe_ret_20,kbe_shock_5,kre_price,kre_ret_5,kre_ret_20,kre_shock_5,kie_price,kie_ret_5,kie_ret_20,kie_shock_5,iai_price,iai_ret_5,iai_ret_20,iai_shock_5,news_count,negative_news_count,positive_news_count,negative_news_ratio,positive_news_ratio,category_FOMC,category_FRASER,category_UCSB,title_positive_prob,title_negative_prob,title_neutral_prob,title_sentiment_score,body_positive_prob,body_negative_prob,body_neutral_prob,body_sentiment_score,body_emb_0,body_emb_1,body_emb_2,body_emb_3,body_emb_4,body_emb_5,body_emb_6,body_emb_7,body_emb_8,body_emb_9,body_emb_10,body_emb_11,body_emb_12,body_emb_13,body_emb_14,body_emb_15,body_emb_16,body_emb_17,body_emb_18,body_emb_19,body_emb_20,body_emb_21,body_emb_22,body_emb_23,body_emb_24,body_emb_25,body_emb_26,body_emb_27,body_emb_28,body_emb_29,category_BIS,category_EIA,days_since_news,news_count_lag1,body_sentiment_3d_mean,body_sentiment_5d_mean,title_sentiment_3d_mean,title_sentiment_5d_mean,body_sentiment_trend,title_sentiment_trend,negative_news_spike,negative_news_spike_5d,news_count_5d,news_count_zscore_20d,negative_count_ratio_5d,sentiment_gap,body_sentiment_gap,sentiment_shock,sentiment_shock_zscore_20d,fomc_sentiment,fomc_sentiment_shock,fomc_recent_5d,sentiment_divergence,body_sentiment_decay_3d,body_sentiment_decay_5d,body_sentiment_decay_7d,body_sentiment_decay_15d,target_logret,target_future_price,target_date
2026-01-29,53.27614212036133,692.1497192382812,16.8799991607666,85.99359130859375,79.02981567382812,26.59000015258789,53.04731880618058,53.35573481843571,52.71900841459559,51975400,0.0105680395421958,0.0026212698969698,-0.0048318242418499,-0.0110803304485047,-0.0295396539396142,0.0099561768039285,0.0105051148339993,0.0107402574675316,0.9269960154149596,0.1435530287695705,0.148782360850594,0.0065032871514822,0.0003736460862722,-0.0160229182191956,-0.0024802986048284,0.0046157435889127,0.027250163413053,-0.0009687070486997,-0.0014992368248232,0.0004295152170076,0.0004028085030368,0.0007385552044508,-0.050531938579584,0.0065032871514822,0.0003736460862722,0.0119514360180515,0.0043135698340721,30.25207213918486,-0.3482167281087029,-0.1468419569791394,-0.2013747711295635,0.0823675410230419,0.3054704799951077,0.0194430237754003,0.8344792058378482,0.0096942829098725,1.0614554852591978,-0.0535320112250169,-0.0019843824489698,0.0073441679434447,0.0102326740734959,0.0189638088791177,16.8799991607666,0.0324158267236218,0.0792838101166184,0.0602015667931985,0.7753134703193391,1.6578011411042708,0.0452012111132644,0.0002282412115597,-0.0007982017588806,-0.0027314978007868,-0.0055722198134119,-0.0007982017588806,-0.000123553602379,-0.0018478916430336,-0.0270764644414173,-0.0206261316320672,-0.0206261316320672,0.2314664709013931,-1.7991010780592387,0.0769719912318859,-0.0218071350260904,0.6195361922864266,-0.0157906923595174,-0.0163238755745005,-0.0030669182953917,-0.0120872215998952,-0.0040368446995088,1.2600455437677704,3.3674402904198093,-0.0121759921852946,63.67799377441406,-0.0120314240787571,0.0455436599618843,-0.6666211569217981,68.63140869140625,-0.0128700507190873,0.0548593574563267,-0.6740150735750801,58.1023063659668,-0.0018799649459408,-0.0372568138393775,-0.0582463302368132,183.48406982421875,-0.018175989867581,0.0197052535103212,-0.9675477756207256,0.0,0.0,0.0,0.0,0.0,0.0,0.0,0.0,0.0,0.0,1.0,0.0,0.0,0.0,1.0,0.0,0.2011348764011141,0.0048594568609843,0.077978491818896,0.144438369929277,-0.0009115587821557,-0.004111058277848,0.016680730935054,-0.0070191449415486,0.0164910603822161,0.0221868736676696,0.0590133722305019,-0.0120990345370714,0.0284834503239804,-0.01240549040313,-0.0201342796106725,-0.0012541413869761,-0.0211648363517595,-0.0238536877706936,-0.0136564907202266,-0.0329826855065222,0.0139057395923874,-0.0267169567780931,0.0005319919767615,-0.0177141133577678,-0.0246354874481763,-0.0201574744454841,0.0223219928942566,-0.0129357940671511,-0.0377059133685052,0.0025686845522913,0.0,0.0,1.0,3.0,0.0013688803661202,0.0008213282196722,-0.008508811187413,-0.0051052867124477,0.0,0.0,0.0,0.0,3.0,-0.4999999993749972,0.0,0.0,0.0,0.0051052867124477,0.0309292511711467,0.0,-0.000136888036612,0.6666666666666666,0.0,0.0032594431997969,0.003575038721433,0.0037194820234241,0.0039211917730433,-0.4867109305263739,53.01747131347656,2026-02-05
2026-01-30,53.16670227050781,690.0853271484375,17.440000534057617,85.51268768310547,79.11760711669922,26.850000381469727,53.10701154414771,53.38557838766448,52.74885200523266,42767000,-0.002054199975784,0.0083018516298587,0.006971905957986,-0.0171050119680147,-0.0242834023408099,0.0071755786176062,0.0103504042834085,0.0106494212664753,0.6737998022855354,-0.1771684296801948,-0.074956991783584,0.0030406297272571,5.611862373489096e-05,-0.0168428506690829,-0.0049840139429424,0.002248069217432,0.024474912845481,0.0013895429192978,-0.0012291552992884,0.000465404340997,0.0003081672021106,0.0006771108263173,-0.0524823358483616,0.0030406297272571,5.611862373489096e-05,0.0119760367907002,0.0011239707267369,30.560239042268563,-0.3442252223344866,-0.1863186100502088,-0.1579066122842777,0.0837624691825351,0.2989212730539375,0.0197883748845174,0.6536573743423512,-0.0048214838524036,-0.2862765219333336,-0.0524787590927595,-0.0029825802604032,0.0039754606543944,0.0147377327962257,0.0156601569781857,17.440000534057617,0.0331754384557436,0.0839030682826063,0.0868752699574828,1.1076966737284866,1.5330017798397366,0.0666666744438271,-0.005592319359736,-0.0090981263752925,-0.0003442684958918,-0.0107696156626605,-0.0090981263752925,0.000987173977758,-0.0002464170469693,-0.0211447290285524,-0.0022296345701448,-0.0022296345701448,0.7812366405705023,-0.8349928445992874,0.0770436642816369,-0.0189756046816871,0.6217405125603581,-0.0110906261956454,-0.0167214638186284,-0.0037937760085153,0.0029845802223475,0.0162175819433003,1.2368976500246431,2.0034058342855685,0.0029964453035915,63.20077896118164,0.0124223773283747,0.0474542923915013,0.6650667206005181,68.41268157958984,0.0177488298481978,0.0617189096591577,0.8521658458044802,58.1421012878418,0.0096751685314435,-0.0284289774366163,0.3096444976940996,183.16624450683597,-0.0024340842262948,0.0281541976527319,-0.1290808397861937,0.0,0.0,0.0,0.0,0.0,0.0,0.0,0.0,0.0,0.0,1.0,0.0,0.0,0.0,1.0,0.0,0.1596408571933111,0.0038569534665603,0.0618915699721046,0.1146408101851531,-0.0007235046848624,-0.0032629491174792,0.0132395049169516,-0.0055710990320657,0.0130889632994004,0.0176097332999721,0.0468389445794448,-0.0096030100759733,0.0226073295039852,-0.0098462442580549,-0.0159805883173017,-0.0009954126785014,-0.0167985417447589,-0.01893268453026,-0.0108391638677408,-0.0261783748348948,0.0110369928286758,-0.021205262647467,0.0004222423117749,-0.0140597010894022,-0.0195531993454922,-0.0159989980698918,0.0177169775011848,-0.0102671465551198,-0.0299272032732935,0.0020387662802408,0.0,0.0,2.0,0.0,0.0013688803661202,0.0008213282196722,-0.008508811187413,-0.0051052867124477,0.0,0.0,0.0,0.0,3.0,-0.4418360816106906,0.0,0.0,0.0,0.0051052867124477,0.0064747924787931,0.0,-0.000136888036612,0.6666666666666666,0.0,0.0025870217820941,0.003112251972749,0.0033688228874194,0.003744117041813,1.5227794822460552,53.98250961303711,2026-02-06
2026-02-02,53.753684997558594,693.5159912109375,16.34000015258789,85.26835632324219,79.16563415527344,26.989999771118164,53.17665313794596,53.81337951897587,52.92793165815687,48031500,0.0110404200746598,0.0196263074647551,0.0116083066250438,-0.0075312004006159,-0.0163844871770619,0.0082071637016558,0.0110934230202996,0.0109638741946547,0.7485641304688572,0.1230972478780367,0.0256639674872753,0.0117598362677577,0.0118735241931609,-0.0051647756031082,0.00544207875223,0.0129096312157244,0.0350672810818297,0.0023082894306151,-0.0008260098644668,0.0005623368652995,0.0004028804066757,0.0007193012073668,-0.042021342807967,0.0117598362677577,0.0118735241931609,0.0164723192625624,0.0108512255954835,39.569503526739545,-0.2903503467371422,-0.2071249573875955,-0.0832253893495467,0.0833801031905795,0.4380574572892612,0.0324142431564238,0.8627984220087253,0.0044983175864081,1.3452173163324526,-0.0439190554809766,0.0049713621309355,0.0038687928800782,0.0179164801803741,0.020156360488474,16.34000015258789,-0.0630734144372069,0.011764739228824,0.0125484245310589,0.1678605259052155,-0.6810059218457112,-0.0006116347797257,-0.0028572527245165,-0.0166265458622631,-0.0017114089343763,-0.013149519155271,-0.0166265458622631,0.000977304559105,-0.0001324947076796,-0.0160408504980801,0.0078416385021744,0.0078416385021744,1.2035075030460736,-0.3282036926873872,0.0775089337214851,-0.0113498343995591,0.6304060183098261,0.0034427515707886,-0.0128831200953268,0.0029662609409557,0.0077096865644772,0.0287122378263346,1.3044181729603934,2.3118947889034325,0.0077395137449656,64.12537384033203,0.0215394274922327,0.0544384270866284,1.0906922286782657,69.63558197021484,0.0310613839777413,0.0735745131420992,1.338701910062914,58.1619987487793,-0.0006838059697775,-0.0174789901237003,-0.0224842244938222,183.662841796875,-0.0045219648928261,0.0171057411478037,-0.235024760207359,2.0,1.0,0.0,0.49999999975,0.0,0.0,1.0,0.0,0.0319119933992623,0.0430984292179345,0.9249895811080932,-0.011186435818672,0.0490585478488561,0.1086457684133483,0.842295693845474,-0.0595872205644921,-0.1141595765948295,0.2313638925552368,0.0041628703474998,0.0598439499735832,-0.0113529115915298,-0.0055855475366115,0.0254403874278068,-0.0333253648132085,0.0403465591371059,-0.031881108880043,0.1278865728527307,-0.0103085413575172,-0.007942397147417,-0.0906500816345214,0.0302937943488359,0.0156943537294864,0.0156228765845298,-0.0427981540560722,0.0402532164007425,0.0044590546749532,0.0514192227274179,-0.0154642090201377,-0.0733610484749078,0.0293798865750432,-0.0057337787002325,0.0482263211160898,0.0100380163639783,-0.0203108116984367,-0.0121536627411842,0.042323637753725,0.0,0.0,0.0,0.0,-0.0198624068548307,-0.0110961158932262,-0.0037288119395574,-0.0073425738761822,-0.063693861662853,0.0143399977435668,4.504800421404894,3.0048340943459,5.0,1.7927762870217576,0.19999999996,-0.0111864358186722,-0.0595872205644921,-0.00384386194249,-0.0414004328228552,-0.0,-0.000136888036612,0.6666666666666666,0.04840078474582,-0.0595872205644921,-0.0595872205644921,-0.0595872205644921,-0.0595872205644921,-0.1667108594017735,53.66414642333984,2026-02-09
2026-02-03,53.25624084472656,687.6520385742188,18.0,85.47525787353516,79.11662292480469,26.920000076293945,53.445271594051576,53.892967211490046,52.88813412553928,66887100,-0.0092541404901752,-0.0003735494884333,0.0099999428471344,0.0062029270458401,-0.0463211223470844,0.0087037425082981,0.008660600836458,0.0097228873241351,0.8951807547447365,0.3925673776584117,0.414946728827738,0.0004111194938887,0.0018903203692794,-0.0120062109101246,-0.0042062291247308,0.0033127825122247,0.0247551859274042,0.0019900548532341,-0.0023714135216143,0.0003502511932215,0.0002247225197494,0.0007517081396974,-0.0508866118882114,0.0004111194938887,0.0018903203692794,0.0188678936029385,-0.0035369031475939,43.61310970255409,-0.28451400515047,-0.2226027669401704,-0.0619112382102995,0.0781904064965155,0.346449053687172,0.0276613887929224,0.5148625760248853,-0.0091296239940307,-1.0632368108449437,-0.0378108354905504,-0.0084553964307005,-0.0085694375500324,0.0026319499051163,0.0111857360035743,18.0,0.1015911769835082,0.1009174055066262,0.1048028253250674,1.3795358737143684,1.3886313092905542,0.0663507639168943,0.002426475180413,-0.0080653365392575,-0.0042092230131803,-0.010528681585108,-0.0080653365392575,0.0029550010585699,-0.0006283432535112,-0.0106578102879907,0.01700040704997,0.01700040704997,0.6449219104229568,-0.5397566238975465,0.0774464959853072,-0.0096353111087861,0.623060312067403,-0.0060733530822387,-0.011235258341541,0.0010979130134007,0.0187298849767947,0.0182121666394479,1.5521143481490012,1.7913932009136184,0.0185693803971669,64.85114288330078,0.0301643703648448,0.0451851613217371,1.5087623870765114,70.82865142822266,0.0436565814315268,0.0703124981985934,1.7472573978425352,58.1619987487793,0.0151067412689431,-0.034835710274586,0.5314696509008997,178.34921264648438,-0.0294563547835687,-0.045399005093609,-1.1568174907850648,0.0,0.0,0.0,0.0,0.0,0.0,0.0,0.0,0.0,0.0,1.0,0.0,0.0,0.0,1.0,0.0,-0.0906085159894383,0.1836336432148202,0.0033040723844142,0.0474981745709991,-0.0090108119016482,-0.0044332520177177,0.0201920488826895,-0.0264503595808556,0.0320230852087695,-0.0253040528870465,0.1015036401395163,-0.0081818946975902,-0.0063038847934795,-0.0719490174738212,0.0240442005087252,0.0124566168100739,0.012399885362526,-0.033968917385453,0.0319489990298211,0.0035391540409022,0.0408114641244452,-0.0122739508332114,-0.0582267027612794,0.0233188314279649,-0.0045509031702509,0.0382772564361185,0.0079671788679266,-0.0161207019282132,-0.0096463685103112,0.033592293546692,0.0,0.0,1.0,2.0,-0.0198624068548307,-0.0110961158932262,-0.0037288119395574,-0.0073425738761822,0.0,0.0,0.0,0.0,5.0,-0.5204834381676071,0.19999999996,0.0,0.0,0.0073425738761821,0.0349134028344478,0.0,-0.000136888036612,0.6666666666666666,0.0,-0.0472944083039679,-0.051873688427669,-0.0539695557529734,-0.0568963572563634,0.0373619275423434,53.27614212036133,2026-02-10
2026-02-04,53.684043884277344,684.3211059570312,18.63999938964844,85.25850677490234,79.01860809326172,27.01000022888184,53.23634445663685,53.90292000338795,53.12691019227019,59506400,0.0080329184479632,0.0097305567521819,0.0183053206117436,0.0093528098307424,-0.0432624614436393,0.0089546205142117,0.0088857163465729,0.0098728795192811,0.9069916825919128,-0.110345642134283,0.2320268938072875,0.004804299655198,0.0089941830163786,-0.001822104930524,0.0032539939715721,0.0111265315433679,0.0322179618009381,0.0036279590352359,-0.002211308976293,0.0005439087912963,0.0002438768775796,0.0007788339252312,-0.0432624614436393,0.004804299655198,0.0089941830163786,0.0144551295873042,0.0084096575790466,48.37048490512554,-0.24257230981042,-0.2265966755142203,-0.0159756342961996,0.0681912698243368,0.4732794984575323,0.0202443443734606,0.7373156456227976,0.0047893995305693,0.8970695673976165,-0.0307979754156455,-0.0048439216788971,-0.0132725157838402,-0.0081235916170784,0.0058486813737828,18.63999938964844,0.0355555216471354,0.1400610981498251,0.1305877028263244,1.6725737873688344,1.3040461967875183,0.0688072717226933,-0.0025358343926087,-0.0083218414060795,-0.0046858575651068,-0.0126222218002081,-0.0083218414060795,-0.0012512894037792,-0.0002653506663593,-0.0095342949951368,0.014269661287676,0.014269661287676,-0.4749789365161492,-0.2058358910061355,0.0784486163249335,0.0050310281673517,0.6296620233569512,0.0064961092475122,0.0081907671515741,0.0144534949828416,0.0320025912936527,0.0268506085236133,1.8782225100668144,1.8169626697980177,0.0315778363955838,65.89503479003906,0.0520634105868202,0.0528990401142988,2.583982385327813,71.93223571777344,0.067423983573881,0.0761564001918027,2.5142650348296587,58.87833023071289,0.0247619018532236,-0.0149800297753674,0.9513978285222032,176.68063354492188,-0.0397818729082456,-0.0591812796693735,-1.277762482204113,0.0,0.0,0.0,0.0,0.0,0.0,0.0,0.0,0.0,0.0,1.0,0.0,0.0,0.0,1.0,0.0,-0.0719160267994559,0.1457501192079793,0.0026224439893991,0.0376993261402866,-0.0071518861458819,-0.0035186744582826,0.0160264398188873,-0.0209936643117937,0.025416739573834,-0.0200838400859782,0.0805634925680348,-0.0064939741250239,-0.0050033966763278,-0.0571059730130111,0.0190838945906423,0.009886823314138,0.0098417955343794,-0.0269611475959445,0.0253579373346345,0.0028090284238028,0.0323920805417533,-0.0097418412322228,-0.0462145646079473,0.0185081687697103,-0.0036120542399309,0.0303806785665755,0.0063235540580827,-0.0127950095996557,-0.0076563277604705,0.0266622210570217,0.0,0.0,2.0,0.0,-0.0198624068548307,-0.0119174441128983,-0.0037288119395574,-0.0022372871637344,0.0,0.0,0.0,0.0,2.0,-0.5204834381676071,0.49999999975,0.0,0.0,0.0022372871637343,0.0094826436511234,0.0,-0.000136888036612,0.0,0.0,-0.0375375967469661,-0.0451586686809549,-0.0488815037952783,-0.0543270090193261,-2.286884206095407,52.47028350830078,2026-02-11
2026-02-05,53.01747131347656,675.7744750976562,21.770000457763672,86.18458557128906,78.93038940429688,27.09000015258789,53.66414488101927,53.783533923337664,52.90803325561232,64475000,-0.0124165864299951,-0.0136960597978625,-0.0048552841213685,-0.0096636484836997,-0.0417191260788252,0.0103213573678991,0.0095604713155842,0.0097784013204191,1.0555259468457503,0.0834969011736552,0.3081463176112304,-0.0067101289035882,-0.0025642277334616,-0.0120961992370695,-0.0094159724191724,-0.0015276753946731,0.0186118780078143,-0.0009734218610527,-0.0021307178086631,0.0002184229628582,0.0001003635855796,0.0008247091330742,-0.0551418757819451,-0.0067101289035882,-0.0025642277334616,0.016513436911179,-0.0120503842738288,41.40129255210352,-0.2601215306784112,-0.2333016465470585,-0.0268198841313527,0.063768838073714,0.310311750967034,0.0244054096957273,0.2250556746538441,-0.0078512331640409,-1.2029992552736464,-0.0287882541522059,-0.0124892112562017,-0.0236585289070783,-0.0173438943889703,-0.0069228777113838,21.770000457763672,0.1679185177362963,0.2896920343670794,0.295332193622585,2.887913214092288,1.629126704334281,0.3323133570666332,0.0108620105068428,0.0022210290300577,0.0002802566247486,-0.0016910518842092,0.0022210290300577,-0.0031036523924737,-0.0012580855552238,-0.0022099251118011,0.0188040615694142,0.0188040615694142,-1.5704480632559807,0.0879480040177411,0.0784543856969664,0.0063914251440408,0.6151618756653676,-0.0145584834256208,0.0069388736231148,-0.0110689733119065,0.0192588815925858,-0.0070606312843732,1.6471670989632947,1.5773781307171728,0.0188032447857097,65.74590301513672,0.0324744722336642,0.0590966670234904,1.5320638053908635,71.88253021240234,0.0473707531724201,0.083146041323266,1.6260866318858131,58.84848403930664,0.0128424794127779,-0.0080496580335668,0.5537840404749304,172.7872772216797,-0.058298208737068,-0.0650294025050648,-1.5979830089000282,0.0,0.0,0.0,0.0,0.0,0.0,0.0,0.0,0.0,0.0,1.0,0.0,0.0,0.0,1.0,0.0,-0.0570797882974147,0.1156819462776184,0.0020814351737499,0.0299219749867916,-0.0056764557957649,-0.0027927737683057,0.0127201937139034,-0.0166626824066042,0.0201732795685529,-0.0159405544400215,0.0639432864263653,-0.0051542706787586,-0.0039711985737085,-0.0453250408172607,0.0151468971744179,0.0078471768647432,0.0078114382922649,-0.0213990770280361,0.0201266082003712,0.0022295273374766,0.0257096113637089,-0.0077321045100688,-0.0366805242374539,0.0146899432875216,-0.0028668893501162,0.0241131605580449,0.0050190081819891,-0.0101554058492183,-0.0060768313705921,0.0211618188768625,0.0,0.0,3.0,0.0,0.0,-0.0119174441128983,0.0,-0.0022372871637344,0.0595872205644921,0.011186435818672,0.0,0.0,2.0,-0.4418360816106906,0.49999999975,0.0,0.0,0.0022372871637343,0.0074896469363275,0.0,-0.000136888036612,0.0,0.0,-0.029793610282246,-0.0393129044579083,-0.0442731347321895,-0.051873688427669,-3.048440128234582,51.42565155029297,2026-02-12
2026-02-06,53.98250961303711,688.739013671875,20.3700008392334,86.24369049072266,79.204833984375,27.01000022888184,53.55471214899596,54.07204949974077,53.55471214899596,53073800,0.0182022694717853,0.0136372518373584,0.0153443284554031,0.0224232136283684,-0.0293381349729255,0.0133121142221782,0.0101221138939351,0.0106783570913087,1.246644297592261,-0.1768313299728576,0.0578143755390714,0.0082878130293821,0.0133343287759277,0.0074173061335709,0.0081543705374178,0.0163049435676065,0.036402270161842,0.0030455589644921,-0.0014888552544995,0.0004591752651249,0.0003375983644117,0.0007521897038768,-0.0379433135923225,0.0082878130293821,0.0133343287759277,0.0095834253437499,0.0079880452508261,48.74653417125573,-0.1939234601037327,-0.2254260092583934,0.0315025491546606,0.054376104731744,0.6364074563664125,0.0293137722290898,0.7827276191072328,0.0136565188593325,1.3673461480757032,-0.0176206877966442,0.0191847118409513,-0.001950937693641,0.0016097759627855,0.0118525184715339,20.3700008392334,-0.0643086627970649,0.168004599509842,0.1945463027615492,1.7830413732202046,0.6389253294873789,0.1316667132907443,0.0006857945541167,0.0085484718984176,0.0060083909581698,-0.000815092763837,0.0085484718984176,0.0008558075610121,0.0011024962818595,0.0037161048694447,0.0059590258897177,0.0059590258897177,1.5083499119848134,-0.14507935677559,0.078378759648361,0.0070353991058884,0.6259299585381736,0.0045250530185787,0.0203653743270446,0.0230651149176686,0.0173290740928877,0.0067382547753935,1.1496687469571814,1.0498163205765905,0.0172952661490441,67.01847839355469,0.0604058920653163,0.0607396519799072,2.835926019393601,73.20484924316406,0.0700479436403778,0.0815217152395491,2.2894737317352423,59.29618835449219,0.0198494213502347,-0.011280674495908,1.0576533826270702,177.25669860839844,-0.0322632912759039,-0.0386748044507951,-0.8405434897060692,0.0,0.0,0.0,0.0,0.0,0.0,0.0,0.0,0.0,0.0,1.0,0.0,0.0,0.0,1.0,0.0,-0.0453042579947191,0.0918168216074101,0.0016520361922071,0.0237490872854995,-0.0045054059508241,-0.0022166260088588,0.0100960244413447,-0.0132251797904278,0.0160115426043847,-0.0126520264435232,0.0507518200697581,-0.0040909473487951,-0.0031519423967397,-0.0359745087369106,0.0120221002543626,0.0062283084050369,0.006199942681263,-0.0169844586927265,0.0159744995149105,0.0017695770204511,0.0204057320622226,-0.0061369754166057,-0.0291133513806397,0.0116594157139824,-0.0022754515851254,0.0191386282180592,0.0039835894339633,-0.0080603509641066,-0.0048231842551556,0.016796146773346,0.0,0.0,4.0,0.0,0.0,-0.0119174441128983,0.0,-0.0022372871637344,0.0,0.0,0.0,0.0,2.0,-0.4418360816106906,0.49999999975,0.0,0.0,0.0022372871637343,0.0086361596701503,0.0,-0.000136888036612,0.0,0.0,-0.0236472041519839,-0.0342238711206388,-0.0400992258180883,-0.0495311558590247,-4.929705208180045,51.385860443115234,2026-02-13
2026-02-09,53.66414642333984,692.0599975585938,17.360000610351562,86.2239990234375,79.3126449584961,26.790000915527344,53.80343364338112,54.11184585692937,53.62435386994531,31699900,-0.0058975248090425,-0.0003706401287576,-0.0016657197403827,0.0099232506991633,-0.0321191432399935,0.0129430146657357,0.0103089737139231,0.0107200118372973,1.2073693252217053,-0.4027203629662846,-0.3695429619541843,0.0026767870988266,0.0063620625518643,0.0031429602298778,0.0019247627308203,0.0100283533116332,0.0296308250059218,-0.0003334217188035,-0.0016323140570125,0.0002852492904213,0.0002819556292397,0.000663592268903,-0.0436170667681171,0.0026767870988266,0.0063620625518643,0.0090841282210731,-0.0025888165607514,55.910524736161896,-0.1652454146993776,-0.2133898903465902,0.0481444756472126,0.043633187265801,0.5720314152329017,0.0285497949987501,0.5937585400856282,-0.0057739780994567,-0.4556530689099913,-0.0100847800907646,0.0048218321030104,-0.0020994377502405,-0.0001728292796784,0.0164097815230399,17.360000610351562,-0.1477663281723809,0.0624235280439777,0.0095371341220051,0.0931538953545885,-1.0318596608604202,-0.068669464657156,-0.0002283235697951,0.0112074718148966,-0.0008556098673618,-0.0007709982435258,0.0112074718148966,0.0017242620357951,0.0018570027865161,0.0003734215319428,-0.0074101095697243,-0.0074101095697243,2.2482595043662474,-0.8261239725947782,0.0775426214672902,-0.0020667661850301,0.6223806252450991,0.0004427713617705,0.0081476679188376,0.0156162015905356,0.0004346304895148,-0.0127305146709161,1.17293086232128,1.0219537687496714,0.0004337180098578,66.85940551757812,0.0426357230143197,0.0632411215855857,1.8879021879106408,72.99606323242188,0.0482581055134199,0.0880260660284195,1.4998445359087105,57.25663757324219,-0.0155661977754179,-0.0398731795823835,-1.0943941845964789,180.05751037597656,-0.0196301624521623,-0.023642817687512,-0.5011032586503877,0.0,0.0,0.0,0.0,0.0,0.0,0.0,0.0,0.0,0.0,1.0,0.0,0.0,0.0,1.0,0.0,-0.0,0.0,0.0,0.0,-0.0,-0.0,0.0,-0.0,0.0,-0.0,0.0,-0.0,-0.0,-0.0,0.0,0.0,0.0,-0.0,0.0,0.0,0.0,-0.0,-0.0,0.0,-0.0,0.0,0.0,-0.0,-0.0,0.0,0.0,0.0,7.0,0.0,0.0,0.0,0.0,0.0,0.0,0.0,0.0,0.0,0.0,-0.4418360816106906,0.0,0.0,0.0,0.0,-0.0037133973488406,0.0,-0.000136888036612,0.0,0.0,-0.0118236020759919,-0.0225793343404774,-0.029793610282246,-0.043119375633782,-3.278983230094477,51.93304443359375,2026-02-17
2026-02-10,53.27614212036133,690.2349243164062,17.790000915527344,87.21903991699219,79.2342300415039,26.799999237060547,53.425376531656426,53.98251023742216,52.84834085618336,57920800,-0.0072302333837134,0.0048789729211211,0.000373689079798,0.0103773687963728,-0.0314704366261462,0.0126192673326612,0.0102679595252284,0.0107003959073527,1.1793270326253011,0.8271603380452304,0.134016834004607,-0.0046468227684466,-0.001938320624181,-0.002496063075866,-0.0053399971892315,0.0025214346434625,0.0216218443966194,7.472385508468684e-05,-0.0015988135846245,2.08445413631474e-05,0.0002056270316652,0.000572083423758,-0.050531938579584,-0.0046468227684466,-0.001938320624181,0.0212885043116764,-0.0027933244645766,50.7042456354052,-0.1718456321877184,-0.2050810387148159,0.0332354065270975,0.0347255233543949,0.428120217213368,0.0282967342832322,0.3357823654866015,-0.0088565576907538,-0.5729518695628406,-0.0065200924135077,-0.0026371604320808,0.0037560940669103,-0.0043731199620794,0.0134633094373017,17.790000915527344,0.0247696019618441,-0.0116666158040364,0.0265732311834479,0.2717087007937234,-0.7554191773906873,-0.182820370167561,0.0115401849232743,0.0204010152977489,0.0136720121612543,0.0108719248664725,0.0204010152977489,0.0008572259570525,0.001486503244849,0.0124669411509794,-0.0044576834655759,-0.0044576834655759,1.2961307690707715,-0.7125203893532003,0.0771855208183284,-0.0052802337349219,0.6108315589241193,-0.015869802928747,0.0152970220892532,-0.0017721992271662,-0.0033697478970294,-0.0196269171803077,1.177200665969813,1.0530292088971525,-0.0033824049871122,66.28276824951172,0.0220755610859031,0.0675739682125786,0.963156411616658,72.22056579589844,0.0196518547171031,0.089382071246215,0.6097416705710451,57.57500457763672,-0.0100924002573914,-0.031140171953541,-0.8051562496398996,174.42605590820312,-0.0219970510666484,-0.0632600951933839,-0.5202508580942605,0.0,0.0,0.0,0.0,0.0,0.0,0.0,0.0,0.0,0.0,1.0,0.0,0.0,0.0,1.0,0.0,-0.0,0.0,0.0,0.0,-0.0,-0.0,0.0,-0.0,0.0,-0.0,0.0,-0.0,-0.0,-0.0,0.0,0.0,0.0,-0.0,0.0,0.0,0.0,-0.0,-0.0,0.0,-0.0,0.0,0.0,-0.0,-0.0,0.0,0.0,0.0,8.0,0.0,0.0,0.0,0.0,0.0,0.0,0.0,0.0,0.0,0.0,-0.3841106393068823,0.0,0.0,0.0,0.0,-0.0378087624748495,0.0,-0.000136888036612,0.0,0.0,-0.0093843991867415,-0.0196564522289541,-0.0269847778764867,-0.0411721737897762,-1.8089791442973289,52.32105255126953,2026-02-18
2026-02-11,52.47028350830078,690.075439453125,17.649999618530273,86.75598907470703,79.22444152832031,26.82999992370605,53.395523894424166,53.65419635112882,52.42053617765017,60339900,-0.0151260691932225,-0.0280132605093097,-0.0226093320874443,-0.0047178825483786,-0.0274755650475589,0.0132324012686394,0.0114871925413882,0.0103831396631381,1.2744122128304227,0.0417656524081158,0.201020490928389,-0.0152363913202006,-0.0165768450158033,-0.0162191343113603,-0.0203684694979316,-0.0126777408375871,0.0056691975572256,-0.0045737684121908,-0.0013930038945039,-1.7521674571695205e-05,3.5946793729853536e-05,0.0005197663377708,-0.0648936581733841,-0.0152363913202006,-0.0165768450158033,0.0235115972507273,-0.0173280514665013,42.18977399434874,-0.2393434054590457,-0.2119335120636619,-0.0274098933953838,0.0367484820164726,0.0586447814609027,0.0438649015964879,0.152651875060389,-0.0057883156901193,-1.1431083250145078,-0.0121721885141066,-0.0002310588144163,0.0084088207217374,-0.0026089096726557,0.0126878922882771,17.649999618530273,-0.0078696621580763,-0.0531115774428593,0.0136104927505307,0.1422791881004228,-0.6791514727489096,-0.1335297549651691,-0.0053090568610459,0.0175640221304638,0.0065681574353726,0.0055661247567158,0.0175640221304638,0.0023388310825342,0.0026048729536676,0.0075103555855198,-0.00666420968717,-0.00666420968717,1.0843866096058226,-0.5327303114070282,0.0760355759797548,-0.0188708978623537,0.6048030120792899,-0.023917879502353,0.0002587058590652,-0.0136893794554473,-0.0307595016741142,-0.0394799278907264,1.3170565366253637,1.1395706363201008,-0.0310181528091817,65.34823608398438,-0.0082980259104035,0.0625606855508749,-0.3770400762427995,71.39535522460938,-0.0074636981293132,0.0840881053308491,-0.2403566695454824,57.51531600952149,-0.0231496752005445,-0.0111186471092756,-1.7312754189272317,170.13543701171875,-0.0370453535392093,-0.0813043472529094,-0.8045087015384514,0.0,0.0,0.0,0.0,0.0,0.0,0.0,0.0,0.0,0.0,1.0,0.0,0.0,0.0,1.0,0.0,-0.0,0.0,0.0,0.0,-0.0,-0.0,0.0,-0.0,0.0,-0.0,0.0,-0.0,-0.0,-0.0,0.0,0.0,0.0,-0.0,0.0,0.0,0.0,-0.0,-0.0,0.0,-0.0,0.0,0.0,-0.0,-0.0,0.0,0.0,0.0,9.0,0.0,0.0,0.0,0.0,0.0,0.0,0.0,0.0,0.0,0.0,-0.3841106393068823,0.0,0.0,0.0,0.0,-0.0269693639672902,0.0,-0.000136888036612,0.0,0.0,-0.0074484025705615,-0.0171119355603194,-0.0244407518976391,-0.0393129044579083,-1.1250000119642871,51.88330078125,2026-02-19
2026-02-12,51.42565155029297,679.41455078125,20.81999969482422,87.90867614746094,79.18522644042969,26.81999969482422,52.62946639108896,52.83839152227268,51.166982882425785,94645100,-0.0199090206524718,-0.0417130434794971,-0.0300244376758679,-0.0347339446217358,-0.0454294114860517,0.0146971043623273,0.0122664659253175,0.0111830619695943,1.314228883650861,0.5685325961759964,0.8206215056059387,-0.0290405265915,-0.0328013230713427,-0.0335879391342156,-0.0397003421217203,-0.0322356007616773,-0.0147292583065772,-0.0060968802564691,-0.0023246842578703,-0.0001851175561103,-0.0001047971605925,0.0004036234676912,-0.0835107096450676,-0.0290405265915,-0.0328013230713427,0.0325014577250868,-0.0228734000806783,40.36312363007959,-0.3728311799661625,-0.244113045644162,-0.1287181343220005,0.0476043103850722,-0.205565081450022,0.0777126836098884,0.1263090496619422,-0.0060046728259727,-1.35462189061419,-0.030124279144441,-0.0154488742279012,0.0053865243771862,-0.0131669605778412,-0.0032322094365622,20.81999969482422,0.1796034076378021,-0.0436380681195925,0.1818465408351792,1.7584462809158898,1.2214520916230445,0.1993086960152237,0.0132865417713272,0.0200046280288226,0.0140530152817739,0.0186638014064515,0.0200046280288226,0.0019664827163836,0.0032286301645807,0.008649851106298,-0.0099667942503823,-0.0099667942503823,0.641137289617326,-0.4965453267998441,0.0756911247943678,-0.021700866561323,0.5849894891379079,-0.0531093208395068,-0.0166406821107095,-0.0557622033686563,-0.0352212419745634,-0.0490478810879246,1.2344005046458195,1.1706241457733793,-0.0354109620530541,64.33415222167969,-0.0214728329631734,0.0361888616412247,-1.0465293604593375,70.29176330566406,-0.0221300906080768,0.0555387969379885,-0.7620693499110508,57.584957122802734,-0.0214708490308765,-0.0181509585768488,-1.5726608023249602,165.90438842773438,-0.0398344652720861,-0.1094049768822461,-0.7864498992905884,0.0,0.0,0.0,0.0,0.0,0.0,0.0,0.0,0.0,0.0,1.0,0.0,0.0,0.0,1.0,0.0,-0.0,0.0,0.0,0.0,-0.0,-0.0,0.0,-0.0,0.0,-0.0,0.0,-0.0,-0.0,-0.0,0.0,0.0,0.0,-0.0,0.0,0.0,0.0,-0.0,-0.0,0.0,-0.0,0.0,0.0,-0.0,-0.0,0.0,0.0,0.0,10.0,0.0,0.0,0.0,0.0,0.0,0.0,0.0,0.0,0.0,0.0,-0.3841106393068823,0.0,0.0,0.0,0.0,-0.017990483715838,0.0,-0.000136888036612,0.0,0.0,-0.0059118010379959,-0.014896805141123,-0.0221365673660947,-0.0375375967469661,1.5358431532064163,52.22156524658203,2026-02-20
2026-02-13,51.385860443115234,679.8931884765625,20.600000381469727,88.39142608642578,79.2440414428711,26.81999969482422,51.28636957176187,51.664427292527286,50.98790454807914,56449300,-0.0007737599034368,-0.0354808287915362,-0.04810167568228,-0.0334954351378011,-0.0500275072869098,0.0076463149825831,0.0122894464749714,0.0110910013387527,0.6894160463627735,-0.4035687003341959,0.0776268434543856,-0.0201843481227057,-0.0303018388120118,-0.0318740625263045,-0.0405560342561568,-0.0327492591382307,-0.015817453427647,-0.00985941041636,-0.0025661124922804,0.0001228126333864,-0.0002476957400554,0.0003481206622522,-0.0842198523098736,-0.0201843481227057,-0.0303018388120118,0.0131655427896757,0.0019399086381841,37.17203683840745,-0.4763410496828868,-0.290558646451907,-0.1857824032309798,0.0541776089789998,-0.0883253825147472,0.0794338428775856,0.2458973733171693,0.0110531830270752,-0.1011938174147314,-0.0522978916999421,0.0007044854938154,-0.0128435082371082,-0.0151536986429747,-0.0029686303958997,20.600000381469727,-0.0105667299029396,0.0112910914462673,0.1537707727819315,1.454777810008193,1.0255636277238842,0.1579538685402639,0.005491493674129,0.0249031040239884,0.0198527091986417,0.0239405909631551,0.0249031040239884,0.0015980554870091,0.0004950134546564,-0.0011173439932691,-0.0070344514049448,-0.0070344514049448,1.0864796501385063,-0.4191937826056124,0.0755793135069577,-0.0213913381550372,0.5813443986396609,-0.0557413749584385,-0.0190067643891673,-0.0649726262075861,-0.0357168977151807,-0.0712309089704539,1.2342187513174532,0.993989526009156,-0.0352581674451718,64.71194458007812,-0.0344163858799035,0.024071633981783,-1.674256333996549,70.86841583251953,-0.0319163748686048,0.0445486396886796,-1.1233404461032466,57.15715026855469,-0.0360737872921885,-0.0251145148876673,-2.662478922913605,168.14903259277344,-0.0513812233169589,-0.1108193477338906,-0.9773165246050732,0.0,0.0,0.0,0.0,0.0,0.0,0.0,0.0,0.0,0.0,1.0,0.0,0.0,0.0,1.0,0.0,-0.0,0.0,0.0,0.0,-0.0,-0.0,0.0,-0.0,0.0,-0.0,0.0,-0.0,-0.0,-0.0,0.0,0.0,0.0,-0.0,0.0,0.0,0.0,-0.0,-0.0,0.0,-0.0,0.0,0.0,-0.0,-0.0,0.0,0.0,0.0,11.0,0.0,0.0,0.0,0.0,0.0,0.0,0.0,0.0,0.0,0.0,-0.3841106393068823,0.0,0.0,0.0,0.0,-0.0090014349250732,0.0,-0.000136888036612,0.0,0.0,-0.0046921995933707,-0.0129684221069172,-0.0200496129090441,-0.0358424590848156,-1.797281071632902,50.47056198120117,2026-02-23
2026-02-17,51.93304443359375,680.9901733398438,20.290000915527344,88.53919982910156,79.204833984375,26.90999984741211,51.5549867311645,52.14196956051971,51.5549867311645,54064700,0.0106485322180067,-0.0102389207525825,-0.0322580736883424,-0.0338700605185957,-0.0411461787058652,0.0120582309278187,0.01223904043767,0.011451114105735,1.053018052519587,-0.0422432164792123,0.0226346536329598,-0.0031700133385763,-0.0165972850661736,-0.0195065705918309,-0.0306421515764024,-0.0223426040329609,-0.005710085780056,-0.0065579664601889,-0.0021008321990893,0.0003252856919033,-0.0001110629890775,0.0003918449064297,-0.0744681379025842,-0.0031700133385763,-0.0165972850661736,0.0113026847502802,0.0073330966876326,44.28570411306168,-0.5083601329876402,-0.3341189437590536,-0.1742411892285865,0.0539781124974655,0.1386207355296677,0.0608562532006686,0.4479098174492689,0.0140615058022009,0.8830923373965189,-0.0414328955491548,0.001613466470725,-0.0159954689735014,-0.0127374805697011,-0.0019611750054285,20.290000915527344,-0.0150485174855257,0.1687788134885581,0.1224828905323791,1.1648094633651551,0.5466909294628348,0.1495751475385529,0.0016718108216886,0.0268510024109962,0.0274915053839888,0.0252998686994432,0.0268510024109962,0.0004951621940485,-0.0013593163382397,-0.002964057961633,0.004479243291672,0.004479243291672,0.6578279365226413,0.0867060407171746,0.0762610775701706,-0.0111172730685696,0.58655425544657,-0.044019345309598,-0.0160995138418295,-0.0695611424853248,-0.0165269612101034,-0.0575634400322476,1.2524807552611912,1.7156993075180624,-0.0162626047148409,64.99032592773438,-0.0279553725519193,0.0333544571597155,-1.3988768794083009,71.11697387695312,-0.0257423383160495,0.054237309605057,-0.954526524442641,58.05255889892578,0.0139009442296618,-0.0030753206256766,0.93245810729343,168.099365234375,-0.0664129206087091,-0.1100068087158024,-1.2608068255628675,0.0,0.0,0.0,0.0,0.0,0.0,0.0,0.0,0.0,0.0,1.0,0.0,0.0,0.0,1.0,0.0,-0.0,0.0,0.0,0.0,-0.0,-0.0,0.0,-0.0,0.0,-0.0,0.0,-0.0,-0.0,-0.0,0.0,0.0,0.0,-0.0,0.0,0.0,0.0,-0.0,-0.0,0.0,-0.0,0.0,0.0,-0.0,-0.0,0.0,0.0,0.0,15.0,0.0,0.0,0.0,0.0,0.0,0.0,0.0,0.0,0.0,0.0,-0.3841106393068823,0.0,0.0,0.0,0.0,2.6278315081657943e-16,0.0,-0.000136888036612,0.0,0.0,-0.0018621006426403,-0.0074484025705615,-0.0134923889382433,-0.029793610282246,-2.364908741083695,50.71928405761719,2026-02-24
2026-02-18,52.32105255126953,684.4208374023438,19.6200008392334,88.20423889160156,79.3028564453125,27.07999992370605,52.08227825206778,52.51007951654557,52.012636538798255,45224000,0.0074713146881255,0.0174115635676659,-0.0179271533388071,-0.0175601634404436,-0.0114661608073376,0.0135314207884636,0.0124862720202966,0.0105278597176041,1.2852963343100812,-0.1635207445893531,-0.1349276775895501,0.0079733490807343,-0.0074923719290752,-0.0116147561827709,-0.0237652430026938,-0.0149278921229553,0.0013052108493629,-0.0036179582885946,-0.000576620204336,0.0003878129987045,-0.0001129389178338,0.0004300875297328,-0.0675531981069677,0.0079733490807343,-0.0074923719290752,0.0095075109060519,0.0045845594166624,47.2899821221585,-0.4967008169817575,-0.3666353184035944,-0.130065498578163,0.0551007719537925,0.2892088300956818,0.0383892053457994,0.7076976850370466,0.0016674601655702,0.5521455767859725,-0.0346399327277212,0.005037758541617,-0.0084233450224511,0.0128545731347948,0.0024412770593531,19.6200008392334,-0.0330211949759555,0.102866769506954,0.0868301133677986,0.8349802477440637,-0.1372722611622424,-0.05763683348608,-0.0037831936379201,0.0112956869915903,0.0371893708666664,0.0211014240355451,0.0112956869915903,0.0023539113984278,0.0008661206624036,0.0059435307191177,0.0104477871125574,0.0104477871125574,1.5364692925082275,1.0053586974382118,0.0764457329350889,-0.0075125835880982,0.593180704337457,-0.03091370396094,-0.0129219926284089,-0.0479562044817157,-0.0095845422223773,-0.028896435242723,1.2901019391283897,1.700280093457931,-0.009503808316356,64.95055389404297,-0.020098954685384,0.0481308329231953,-1.1350541355924533,70.96784210205078,-0.0173458028200438,0.0660095504144899,-0.7352524970787983,57.565059661865234,-0.0001727297434788,-0.0049870865488383,-0.0110988821173589,171.7344970703125,-0.0154309447856066,-0.0645929029755055,-0.3030416204576277,2.0,1.0,0.0,0.49999999975,0.0,0.5,0.5,0.0,0.0445317728444933,0.0393130527809262,0.916155219078064,0.0052187200635672,0.1406138990744652,0.4386207293159022,0.4207653863275698,-0.2980068302414368,0.2454855591058731,-0.0489968955516815,-0.0216891095042228,-0.0216310210525989,-0.0807848200201988,0.1435569450259208,-0.2092946656048298,0.0679769404232502,0.1103838626295328,0.1490219235420227,0.0554281435906887,0.0167951062321662,-0.0191817134618759,0.0418537594377994,-0.0298624001443386,0.0391182154417037,0.0118303373456001,-0.0398871637880802,0.0411297902464866,-0.0127435382455587,-0.0462269317358732,-0.0182820595800876,-0.0248009152710437,0.0309054050594568,-0.0005608387291431,-0.06409477815032,0.0459103416651487,-0.0061369203031063,0.0067890919744968,-0.0058798817917704,0.0,0.0,0.0,0.0,-0.099335610080479,-0.0596013660482873,0.0017395733545223,0.0010437440127134,-0.2980068302414368,0.0052187200635672,9.999999772012616,4.999999943003155,2.0,1.9344942575417607,0.49999999975,0.0052187200635671,-0.298006830241437,0.0041749760508536,-0.4351687702372055,-0.1490034151207184,-0.1416901324012945,0.5,0.3032255503050041,-0.2980068302414368,-0.2980068302414368,-0.2980068302414368,-0.2980068302414368,-1.3785440858298408,51.60473251342773,2026-02-25
2026-02-19,51.88330078125,682.61572265625,20.229999542236328,88.29290008544922,79.3322525024414,27.1200008392334,51.87334979702533,52.112124080966986,51.47539771737391,47344400,-0.0083666468596093,0.0096804905833081,-0.0111869555070713,-0.0335433580024089,-0.0245042728201473,0.0123722393177914,0.0121380432333909,0.0105863154568735,1.1687010650204348,0.0468866088802406,-0.0926178751656743,0.0018057390052839,-0.0124228369115555,-0.0186762008114673,-0.0322977179575731,-0.0229764406272167,-0.0073459160731332,-0.0022500000239285,-0.0012404749530989,0.0003938826524073,-0.0002000160984032,0.0002855478870977,-0.0753546512137788,0.0018057390052839,-0.0124228369115555,0.0122722794040733,0.0001918323043258,40.35812199322606,-0.5168259861868876,-0.396673451960253,-0.1201525342266345,0.057730734518495,0.1764946615137189,0.0300935850398158,0.5600041172527248,-0.0115934770540453,-0.6762434809464496,-0.0420012103726645,-0.0026374339404172,-0.0108100018786159,-0.0013423509169427,-0.0010263544310156,20.229999542236328,0.0310906563155255,0.1461756362304609,0.1103792372849581,1.049063940482743,-0.1803326177810746,-0.0179612054554243,0.0010051806462114,0.0177153304012098,0.0303835426780543,0.0218578847680317,0.0177153304012098,0.003969247456365,0.0013608297141805,0.0040725882791343,0.0108088302777484,0.0108088302777484,1.6087048274232394,1.3437948094192227,0.076006600872534,-0.0120564159577546,0.5876270994727517,-0.0373868355688209,-0.0311288530862632,-0.0667579150797382,-0.0003810730286104,-0.0283991849635272,1.2655083613298668,1.561629711233176,-0.0003769536284554,64.54293823242188,-0.0123231765663505,0.0021612201013845,-0.621790793305163,70.58009338378906,-0.0114189759019407,0.0129851813640686,-0.4460944176841187,57.20689392089844,-0.0053624340440376,-0.0157479601790083,-0.3428927305049037,170.04605102539062,-0.0005253813543969,-0.0841446477982309,-0.0105791418389335,0.0,0.0,0.0,0.0,0.0,0.0,0.0,0.0,0.0,0.0,1.0,0.0,0.0,0.0,1.0,0.0,0.1948420173838323,-0.0388888617709576,-0.0172146576216284,-0.0171685527870209,-0.0641189541415626,0.1139412227757439,-0.1661172861762196,0.0539533333687234,0.0876117298292168,0.1182787790984657,0.0439933467222518,0.0133302846504292,-0.0152245360639672,0.0332193508801934,-0.0237018027017092,0.0310481481716396,0.0093897449737721,-0.0316584628786132,0.0326447361522521,-0.0101145530083984,-0.0366903400333936,-0.0145104803047882,-0.0196844994955145,0.0245296362514425,-0.0004451379943131,-0.0508720591307432,0.0364390623277382,-0.0048708768724979,0.0053885058711125,-0.0046668652708525,0.0,0.0,1.0,2.0,-0.099335610080479,-0.0596013660482873,0.0017395733545223,0.0010437440127134,0.0,0.0,0.0,0.0,2.0,-0.4103472667512827,0.49999999975,0.0,0.0,-0.0010437440127134,-0.4402409171845499,0.0,0.0073132827194239,0.5,0.0,-0.2365281779094827,-0.2594300139327753,-0.2699118382619462,-0.2845493197639928,0.6688974916374406,52.23151016235352,2026-02-26
2026-02-20,52.22156524658203,687.5523071289062,19.09000015258789,88.08601379394531,79.39106750488281,27.09000015258789,51.77386580951963,52.23151243621066,51.455502608761634,52934100,0.0065197175244924,0.0055556306420128,0.0154769783618722,-0.0150121468862325,-0.024530723259438,0.0076529929528711,0.0120413706904529,0.01058526782703,0.7229852238923625,0.1180646496734565,0.0086978924648977,0.0052474684922123,-0.0044759194104561,-0.0110500281474911,-0.0262897010408148,-0.0164535256565165,-0.0012116955832131,0.0030716863064128,-0.0012418307149521,0.0003205739390773,-0.0001567010954043,0.0003502982935131,-0.0693262247293568,0.0052474684922123,-0.0044759194104561,0.0148599495971602,0.0086472089743023,43.658244164843374,-0.4997197541565938,-0.4172827123995212,-0.0824370417570726,0.0575253743551329,0.3079103652716153,0.0281443494419915,0.6864483847113907,0.0046678406438214,0.8519172450210074,-0.038516501558087,0.0072318645891229,0.0119776009187597,0.0006531643248806,0.0054071434969815,19.09000015258789,-0.0563519236502373,-0.083093158866203,0.0379794991473556,0.3825904428947514,-1.4481221824454962,-0.0591424696300101,-0.0023431815163357,0.0020172940175655,0.0235146834018358,0.0192866942439655,0.0020172940175655,0.0058365111848903,0.0025994882341844,0.0,0.010067131276507,0.010067131276507,1.863985627027124,1.2229634791019035,0.075952861629757,-0.0114951796703733,0.5928474112671396,-0.0265069806680019,-0.0318850762132233,-0.0362741341441102,0.0034579593855983,0.0134325868671789,1.3716497669973182,1.9897484650475308,0.0034993774431124,65.13945007324219,0.0125174238526939,0.0106431737334702,0.5997819128534023,71.4848403930664,0.0169732132371505,0.0281710403009347,0.6487142260284956,57.39592361450195,-0.0032826890518935,-0.014014677330898,-0.2116941160595122,170.8704071044922,0.0299330157798745,-0.0856717508118648,0.6192285452259064,2.0,0.0,0.0,0.0,0.0,0.0,0.0,1.0,0.0351544190198183,0.0389247704297304,0.9259207844734192,-0.0037703514099121,0.2391889598425915,0.2252150706966068,0.535595982218078,0.0139738891459846,0.0153706409037113,-0.0915507934987545,-0.3673450499773025,-0.0204731561243534,0.0949752926826477,0.0480755493044853,0.1113167330622673,0.061827503144741,0.0377616137266159,0.0094804801046848,-0.030010238289833,-0.1296040937304496,0.1574158445000648,0.1000117734074592,0.0722487345337867,0.0183563120663166,0.0727556981146335,-0.0509205944836139,0.0513881482183933,0.0130294733680784,0.0106356125324964,0.0882153436541557,-0.0875394716858863,0.1497776135802269,-0.0997030436992645,0.0098836040124297,-0.0245567914098501,-0.0906354114413261,-0.0771814696490764,0.0740498304367065,0.0,0.0,0.0,0.0,-0.0946776470318174,-0.0568065882190903,0.0004827895512182,0.000289673730731,0.0139738891459846,-0.0037703514099121,3.3926321433663413,1.6963160844597946,4.0,1.6836888826111465,0.2499999999375,-0.0037703514099121,0.0139738891459846,-0.0040600251406431,-0.4166648632517776,0.0,0.0073132827194239,0.5,0.0177442405558968,0.0139738891459846,0.0139738891459846,0.0139738891459846,0.0139738891459846,-2.0401045702313265,51.16698455810547,2026-02-27
2026-02-23,50.47056198120117,680.531494140625,21.01000022888184,88.41111755371094,79.26365661621094,27.09000015258789,51.92309450535435,52.20166514210968,50.381022097099205,94600400,-0.0335302715863244,-0.0353679920382919,-0.0178122630237418,-0.0650571390068863,-0.0440927155045197,0.0183469012163515,0.0136652730230734,0.0125604333747645,1.4606900262313187,0.7871353248662016,0.7245601114214253,-0.025023092276831,-0.031371152000534,-0.0420982234067511,-0.0586534646799842,-0.0490021444335667,-0.034891291742774,-0.0035945621432658,-0.0022547176689589,-0.0003186616308383,-0.000462549592987,0.0002081697771509,-0.1005319691724513,-0.025023092276831,-0.031371152000534,0.0360733658105216,-0.0279746909923365,30.94690021380889,-0.6203037957682866,-0.4578869290732743,-0.1624168666950123,0.0699626451650086,-0.1017242959791107,0.0577654648450789,0.0668157030512877,-0.0217409409068938,-1.8275712810220843,-0.0427294855552049,-0.0102113147108746,0.0009388322678931,-0.0099240000610926,-0.0052372938062641,21.01000022888184,0.1005762211077649,0.0199029048456191,0.1272971167735466,1.2959239472963933,1.3220073505835723,0.0708460412941933,0.0036907534552093,0.0002227757618245,0.0244882298388415,0.0229051179316772,0.0002227757618245,0.0007426646692743,0.0002475286845886,0.0029618631258103,0.010067131276507,0.010067131276507,0.6938865092545415,1.130613260119824,0.0741634478576709,-0.0331159438274165,0.5708621650499964,-0.0594454126570491,-0.053781302608023,-0.0879775648009963,-0.0187335076701433,-0.0180310219109236,1.9387971869009155,2.653020690152963,-0.0187510952916349,62.30600357055664,-0.0371792414079635,-0.001911158476744,-1.7065548547866602,68.34308624267578,-0.035634062934492,0.0167134871153629,-1.373062717572775,56.25178909301758,-0.0158398585528362,-0.0231513245193898,-1.089257545021794,166.0633087158203,-0.0124040194867155,-0.0955806454320449,-0.2577024435613286,0.0,0.0,0.0,0.0,0.0,0.0,0.0,0.0,0.0,0.0,1.0,0.0,0.0,0.0,1.0,0.0,0.0076853204518556,-0.0457753967493772,-0.1836725249886512,-0.0102365780621767,0.0474876463413238,0.0240377746522426,0.0556583665311336,0.0309137515723705,0.0188808068633079,0.0047402400523424,-0.0150051191449165,-0.0648020468652248,0.0787079222500324,0.0500058867037296,0.0361243672668933,0.0091781560331583,0.0363778490573167,-0.0254602972418069,0.0256940741091966,0.0065147366840392,0.0053178062662482,0.0441076718270778,-0.0437697358429431,0.0748888067901134,-0.0498515218496322,0.0049418020062148,-0.012278395704925,-0.045317705720663,-0.0385907348245382,0.0370249152183532,0.0,0.0,3.0,2.0,0.0046579630486614,-0.0568065882190903,-0.0012567838033041,0.000289673730731,0.2980068302414368,-0.0052187200635672,0.0,0.0,4.0,-0.4888129014032361,0.2499999999375,0.0,0.0,-0.000289673730731,-0.233108791623235,0.0,0.0073132827194239,0.5,0.0,0.0069869445729923,0.0092193286361951,0.010382559733983,0.0121649770674745,1.11733064767733,51.03764724731445,2026-03-02
2026-02-24,50.71928405761719,685.4779052734375,19.549999237060547,88.56875610351562,79.204833984375,27.11000061035156,50.19199573123974,50.91826200187673,49.98307059760212,64114100,0.0049280623526375,-0.0224352866164111,-0.0233716391791469,-0.0548757888086312,-0.0454970843191302,0.0174018452512043,0.0141490500193235,0.0125115109234564,1.3908666960209288,-0.3222639650572302,0.1346248695070175,-0.0156020899411775,-0.0210649758326503,-0.0351640921483821,-0.053611417651316,-0.0439798130816209,-0.0303225716614305,-0.0047298174821673,-0.0023282290576361,-0.0004442074417644,-0.0003596135421419,0.0002033397986727,-0.0960993346323291,-0.0156020899411775,-0.0210649758326503,0.0184385766015985,0.0105054265863602,34.839501804994896,-0.6878684057981914,-0.5038832244182577,-0.1839851813799337,0.0771294331795086,0.0440898409490142,0.067326634037955,0.2682627363729208,0.0124064912247745,0.2831919258162904,-0.0673464431683118,0.007268452930395,0.006590009825816,-0.0077663874609763,0.001644631644297,19.549999237060547,-0.0694907651554552,-0.03647124914127,0.0394788812240951,0.4258982199790747,-0.472155594992345,-0.0336134612240633,0.0017830172739183,0.0003338213409553,0.0214359391193812,0.0245983660115551,0.0003338213409553,-0.0013593163382397,0.0,0.0119447437061768,0.0074322097388894,0.0074322097388894,0.1750875925825807,1.1195298738859891,0.0739911289152131,-0.0335198435205366,0.572654356783994,-0.0533610155000157,-0.0458005221499405,-0.0798968773192809,-0.029765494106332,-0.02369754977226,1.9337267538762508,2.281108802241206,-0.029961649004963,62.33583068847656,-0.0408444672551644,-0.0069686150709328,-1.746236229893638,68.27349090576172,-0.0399831828630843,0.0108935407820105,-1.5067705903556956,56.609954833984375,-0.0248499651402636,-0.0273504035982364,-1.7770191526626926,168.4370574951172,0.0020088848061463,-0.0870478241869048,0.0427820342192775,1.0,0.0,0.0,0.0,0.0,0.0,1.0,0.0,0.0228321831673383,0.6620259881019592,0.3151418268680572,-0.6391938049346209,0.0340559552607704,0.1680274779607153,0.7979165631003244,-0.1339715226999449,-0.3394672274589538,-0.0358828231692314,-0.092489555478096,0.4869664311408996,0.2690431475639343,0.1185527294874191,0.1016841381788253,-0.1193692907691001,0.0734290927648544,-0.0722462236881256,0.1022669300436973,0.0005863606929779,-0.0005353540182113,-0.0270252227783203,-0.0387082919478416,0.0383100807666778,-0.0560169368982315,0.0745186954736709,0.0773877575993537,-0.0084769399836659,-0.1067586243152618,-0.0326726138591766,-0.0556266568601131,0.0627544522285461,0.0219981614500284,0.0351357795298099,0.0871421098709106,-0.0720069855451583,0.0615354552865028,0.0158059224486351,0.0,0.0,0.0,0.0,-0.0399992111846534,-0.0836008927590793,-0.2143213854481777,-0.1275490872561931,-0.1339715226999449,-0.6391938049346209,2.019892936615852,1.009946474378313,5.0,0.542326143958403,0.19999999996,-0.639193804934621,-0.1339715226999449,-0.5116447176784278,-4.353754870866761,-0.0,0.0073132827194239,0.5,0.5052222822346759,-0.1339715226999449,-0.1339715226999449,-0.1339715226999449,-0.1339715226999449,0.4501443299008347,50.9481086730957,2026-03-03
2026-02-25,51.60473251342773,691.26220703125,17.93000030517578,88.57861328125,79.3126449584961,27.07999992370605,50.9779571053634,51.624630687599584,50.90831159816759,47652800,0.017457826392121,-0.0118118392323498,-0.013690856794975,-0.031372572044679,-0.0213207679985044,0.0195709815249502,0.0158699488740243,0.0131821584738858,1.4846567107400528,-0.2567500752564569,-0.16336692982922,0.0043761012753382,-0.0007513272321312,-0.0172693137125106,-0.0368226412556503,-0.027096880806034,-0.013630114679491,-0.0027570881716596,-0.0010775669379838,-0.0002853091292147,-0.0002013799350819,0.0002485912680816,-0.0803191937406177,0.0043761012753382,-0.0007513272321312,0.0138808798058511,0.0122950279621618,38.21872134808438,-0.6623306205341848,-0.5355727036414432,-0.1267579168927416,0.0788523950973387,0.2809918938899367,0.0587207528543263,0.5745239300012787,0.0213951061362376,0.8920260579592652,-0.054180452705414,0.0084383489435813,0.0099958523397272,-0.0033644339390276,0.0097174170611045,17.93000030517578,-0.082864398726613,-0.0861366188465285,-0.0506446326302049,-0.5762209220940695,-1.4008091290791207,-0.0607647898449522,0.0001112940744347,0.0042444036063677,0.0279488958659284,0.0246568323165687,0.0042444036063677,0.0009896596073579,0.0001234320379157,0.0104477871125574,0.0,0.0,1.0103191218500915,0.9248442634830008,0.074652905928495,-0.0240025564185624,0.5825868186666593,-0.0346016567916003,-0.0328120463913751,-0.0462398182359938,-0.023452283571096,-0.0178594576548647,2.0219255860544743,2.39454455091013,-0.0236867091347022,63.41950225830078,-0.0235725724254771,0.0074226714915375,-0.9841128177372328,69.46656036376953,-0.0211543946358468,0.023586238776956,-0.7925939974656656,56.908424377441406,-0.0114068375552961,-0.0067720081276081,-0.8953494475644211,172.16156005859375,0.0024867629717191,-0.0631284232433709,0.05524437041764,0.0,0.0,0.0,0.0,0.0,0.0,0.0,0.0,0.0,0.0,1.0,0.0,0.0,0.0,1.0,0.0,-0.2694353169885357,-0.0284802156232134,-0.0734090088310003,0.386505512533132,0.2135396877339124,0.0940953637510152,0.0807067539567735,-0.0947434688697837,0.0582807095500002,-0.0573418657416302,0.0811693161664617,0.0004653947904329,-0.000424910765842,-0.0214499335339903,-0.030722791678948,0.0304067312550055,-0.0444606722801444,0.0591455277931015,0.0614227039113371,-0.0067281517237713,-0.0847343762723622,-0.0259322708053038,-0.0441509068086088,0.0498082417416411,0.0174599523135707,0.0278872866936715,0.0691647384399059,-0.0571519823017216,0.0488407232275683,0.0125451689611455,0.0,0.0,1.0,1.0,-0.044657174233315,-0.0239995267107919,-0.2130646016448737,-0.1285928312689065,-0.0139738891459846,0.0037703514099121,0.0,0.0,3.0,-0.542326143958403,0.0,0.0,0.0,0.1285928312689065,1.2685459927250822,0.0,0.0073132827194239,0.0,0.0,-0.106333268033837,-0.1166289845520765,-0.1213411784468092,-0.1279215836131361,-0.7158762206076221,51.23662567138672,2026-03-04
2026-02-26,52.23151016235352,687.422607421875,18.6299991607666,88.93327331542969,79.2440414428711,27.100000381469727,51.80370891836106,52.39069175580267,51.71416903484663,60884300,0.0121457397102617,0.0348905998274449,0.0067113960727294,-0.004550639523598,-0.0092470526891843,0.0201993379300202,0.0159108100946944,0.0135063564579109,1.4955429687809076,0.2776646912668301,0.0546479702751625,0.0151989601863422,0.0118531162988186,-0.004871404748777,-0.0249297222482133,-0.0150962948729957,-0.0019484481431283,0.0013377949832748,-0.0004645036044021,-0.0002032820021492,-0.0001875494179385,0.0003089541284216,-0.0691489900512675,0.0151989601863422,0.0118531162988186,0.0129523867652529,0.0082581199864789,45.52660889879912,-0.5847751003072332,-0.5454131829746012,-0.039361917332632,0.0789345727612004,0.4382855372700321,0.064149440128467,0.7369305196725706,0.0005155397677801,0.6012939211694088,-0.0397375864545058,-0.005554476391621,0.007041860604851,-0.008800438697429,0.0039158448090534,18.6299991607666,0.0390406493963502,-0.0790904803595885,-0.0194995365365198,-0.2388289048540147,-0.529693015923658,-0.1132794403706629,0.0040039014051123,0.0072528281363588,0.0344209399775308,0.0285502894784182,0.0072528281363588,0.0002473973204819,-0.0011119192609285,0.0100633789985631,-0.0007374799832136,-0.0007374799832136,0.3668703534791471,0.9795848674322332,0.0759816590237608,-0.0066084574726709,0.587311230264719,-0.0246810439481948,-0.0007091016974517,-0.0289214528784088,-0.000328153719373,-0.0005375334260726,1.9746817738276017,2.327886759981288,-0.0003304645321215,63.85694885253906,-0.0106284188273632,0.0195238474876076,-0.4422868117826439,69.98355865478516,-0.0084518835326579,0.0385069811685179,-0.3223301645414119,57.744140625,0.0093912930292008,0.005021629110125,0.7673739330780737,175.44906616210938,0.0317738348179106,-0.046475155029689,0.7569577660058942,1.0,0.0,0.0,0.0,0.0,0.0,1.0,0.0,0.0272102411836385,0.1855491399765014,0.7872406244277954,-0.1583388987928629,0.0447529566496353,0.174842615985953,0.7804044174673773,-0.1300896593363177,-0.2306593358516693,0.0379293635487556,0.2105435580015182,-0.1430010199546814,-0.0765114799141883,-0.2366407364606857,0.0009358748793601,-0.0179890617728233,0.0496504940092563,0.1990592032670974,-0.132060021162033,0.1277311742305755,0.0712967216968536,0.1603169292211532,-0.0141145884990692,-0.0034225434064865,0.117482304573059,-0.0066079869866371,0.0022952929139137,0.0006903307512402,0.0229714065790176,0.0606597587466239,0.0567061305046081,0.1722522377967834,-0.0244067218154668,0.0015948172658681,0.0341599769890308,0.0005532875657081,0.0099637582898139,0.0584640800952911,0.0,0.0,0.0,0.0,-0.0880203940120876,-0.0500174585780555,-0.265844234575828,-0.1602606110274791,-0.1300896593363177,-0.1583388987928629,1.736779483445277,1.5388767858149175,4.0,0.8164965798166095,0.0,-0.1583388987928629,-0.1300896593363177,0.0019217122346162,0.1716721490469001,-0.0,0.0074501707560359,0.0,0.0282492394565452,-0.1300896593363177,-0.1300896593363177,-0.1300896593363177,-0.1300896593363177,-2.44878505615786,50.9680061340332,2026-03-05
2026-02-27,51.16698455810547,684.1216430664062,19.86000061035156,89.47512817382812,79.11662292480469,27.07999992370605,51.614683993295664,51.793763767371736,50.749130486865056,81998700,-0.0203809080177681,0.0088270272107882,-0.0201943523426959,-0.0050299215350636,-0.0395891571407489,0.022029114926228,0.0159758611492823,0.013951930684767,1.5789293858340625,0.3467954792943337,0.3843960725411406,-0.0013979709818169,-0.0082724125801264,-0.0231904120715794,-0.0444251686265194,-0.0349761714428614,-0.0223896389350051,-0.0040802091404626,-0.0020197062378929,-0.0004083938593239,-0.0002051213999775,0.0001057258272036,-0.0881205788632791,-0.0013979709818169,-0.0082724125801264,0.0204161587697314,-0.0086738772874856,34.15455296858059,-0.60226754604885,-0.556784055589451,-0.045483490459399,0.0808171521691165,0.2130508629770614,0.0549884802274383,0.4745770209317519,-0.0233232504213642,-0.9251804786910448,-0.0496279865925781,-0.0048019432585273,-0.0049896771880904,-0.0115987566688749,-0.0010921921188042,19.86000061035156,0.0660226250667392,0.0403352777165531,0.0371028185805686,0.4806103723054379,0.392857085219424,0.015856848357485,0.006092824858437,0.0157699766404719,0.0404860038085936,0.0342806483040138,0.0157699766404719,-0.0008663676131128,-0.003456869755042,0.0096942666607118,-0.0003691483508861,-0.0003691483508861,-0.821656545568345,0.8181474028619933,0.0747922318737967,-0.020763810356687,0.5718570691365832,-0.0465704610150834,-0.0118758034447651,-0.022448984546163,-0.0152809220226348,-0.0354059775443601,2.508895649825377,2.644853273564149,-0.0152046751546055,60.69541549682617,-0.0682233972104336,-0.0468384460753268,-2.253052605843169,66.38446044921875,-0.0713491128441039,-0.0327393577522305,-2.172121705770283,57.833683013916016,0.0076270120218686,-0.0046232820838266,0.6487623223854855,169.52957153320312,-0.0078470906344192,-0.0760529145902655,-0.2072967733003707,0.0,0.0,0.0,0.0,0.0,0.0,0.0,0.0,0.0,0.0,1.0,0.0,0.0,0.0,1.0,0.0,-0.183074436188613,0.0301045557988894,0.1671085327283688,-0.1134999847542933,-0.0607272018517132,-0.187821876998111,0.0007428043840034,-0.0142779277910503,0.0394076232105171,0.1579933943350711,-0.104816108257777,0.1013803001713745,0.0565882455117347,0.127243631046985,-0.0112027563157603,-0.0027164745019317,0.0932457669334612,-0.0052447627469899,0.0018217751930609,0.0005479158803623,0.0182324174843609,0.048145682423264,0.0450076856080305,0.1367166917412452,-0.0193716279424836,0.0012658073027681,0.0271127917037985,0.000439144631923,0.0079082401954038,0.0464029711228091,0.0,0.0,1.0,1.0,-0.0433632197787726,-0.0528122364072524,-0.0527796329309543,-0.1595065407454967,0.1339715226999449,0.6391938049346209,0.0,0.0,2.0,-0.544331053211073,0.0,0.0,0.0,0.1595065407454967,1.383050534164985,0.0,0.0074501707560359,0.0,0.0,-0.1032522310403277,-0.1132496262142322,-0.117825282936933,-0.1242150189728492,-1.6863151550292992,50.31138229370117,2026-03-06
2026-03-02,51.03764724731445,684.5106201171875,21.440000534057617,88.57661437988281,79.0713119506836,27.32999992370605,50.35117732460803,51.36596142460141,50.20194291762512,70107200,-0.0025277493271884,-0.0109890166752772,0.01123596100088,-0.0067764399155338,-0.040044895249679,0.0147591728325395,0.0159901886088108,0.0139525639612965,1.0578107232240437,-0.1450205917898698,0.1569288755715463,-0.0061221425909364,-0.0101111624729386,-0.0236754068899682,-0.046440223237911,-0.0371970071048479,-0.0249292044025682,0.0022346612953546,-0.0020434380749447,-0.0004348126251735,-0.0002324920853916,7.247198978144268e-05,-0.0904255814565345,-0.0061221425909364,-0.0101111624729386,0.0228070565505454,0.0136336419361325,34.89703315268821,-0.6194265121368758,-0.569312546898936,-0.0501139652379398,0.0827951307821653,0.2140483182246741,0.0455992581330364,0.3657403027681939,0.0011352562312372,-0.1712663158432034,-0.0564553717940649,0.0005685787823312,0.0058470857128916,-0.0080782865711487,-0.0006905557766412,21.440000534057617,0.0795568920014291,0.0204664588525169,0.1080389847487766,1.388839533978148,1.468007961991726,0.1957613033541676,-0.0100420509283845,0.001871900624617,0.0358300829946043,0.023548665896478,0.001871900624617,-0.0021797158378402,-0.0024266438584666,0.0190156687056286,0.0088593491977235,0.0088593491977235,-1.1887683591526024,2.304897767019208,0.0745607821812565,-0.0222048273297167,0.5761977651169509,-0.0356723006841114,-0.0134763241215131,-0.0088529854845993,0.0053575492383806,0.0093465645362698,2.5110843346467986,2.2555869763257683,0.0053888752879884,61.53053665161133,-0.0124461026948575,-0.0264275589165789,-0.3806235487831143,67.36874389648438,-0.0142566336956406,-0.0152594176840001,-0.3967867174072518,58.38087844848633,0.037849273592847,0.0041067858807239,3.0784399152693087,170.82073974609375,0.0286482972491817,-0.0674005453023384,0.9195883622990744,1.0,0.0,0.0,0.0,0.0,0.0,1.0,0.0,0.0265552680939435,0.0480785071849823,0.9253662824630736,-0.0215232390910387,0.0405107954246199,0.0694552704600367,0.8900339560454956,-0.0289444750354168,-0.1468020677566528,0.1974067091941833,0.0874759405851364,0.0591813027858734,-0.2449856698513031,-0.0615486502647399,0.0972975268959999,-0.1248010396957397,0.1329092681407928,0.0092377662658691,0.3148153722286224,0.0746548622846603,0.0384897887706756,-0.0995713621377945,-0.0020418241620063,-0.2010426223278045,0.0563906356692314,0.0622490346431732,-0.1365461945533752,0.0559854768216609,-0.0709684789180755,0.1346588730812072,-0.0261831544339656,0.1367504894733429,-0.0429519936442375,0.1579639166593551,-0.206397607922554,-0.014942105859518,-0.0003664121031761,-0.0439004451036453,0.0,0.0,0.0,0.0,-0.0530113781239115,-0.0586011314143358,-0.0599540459613006,-0.1638111885637045,-0.0289444750354168,-0.0215232390910387,0.6453984041704587,0.8422386252873062,3.0,0.7433111152348636,0.0,-0.0215232390910388,-0.0289444750354168,0.1422879494726656,1.145765988651111,-0.0,0.0074501707560359,0.0,0.007421235944378,-0.0289444750354168,-0.0289444750354168,-0.0289444750354168,-0.0289444750354168,-1.908941073134212,50.07260894775391,2026-03-09
2026-03-03,50.9481086730957,678.4771118164062,23.56999969482422,88.39868927001953,78.91372680664062,27.459999084472656,50.03281541926928,51.28637004846388,49.82389028026831,94738700,-0.0017543632798132,-0.0245714030719877,0.0045115900141368,-0.0189654924189448,-0.0521931905615459,0.0147670377558514,0.0154973188494048,0.013614914574513,1.0846220584353197,0.351340518520209,0.5053890218388482,-0.0087491680040945,-0.0099564978042675,-0.0227658628696604,-0.0474776395211824,-0.038620002228651,-0.026712608364519,0.0009002886598016,-0.0026802292503395,-0.0006865336181286,-0.0002831354860853,7.741563613979129e-05,-0.0920213054166847,-0.0087491680040945,-0.0099564978042675,0.0287052808491763,0.0182938586636863,36.13744797113551,-0.6329538332302747,-0.5820408041652038,-0.0509130290650708,0.081477571303976,0.2205873652673608,0.0412377582652494,0.2878359937070748,0.0064361044108493,-0.1188026461377093,-0.0547846088367842,-0.0088143384827956,-0.0102130111024346,-0.0216849785514997,-0.0094616699832944,23.56999969482422,0.0993469733073504,0.2056266299050813,0.1957789816752722,2.3983632761945985,1.4474221671233944,0.2651637550505581,-0.0020087142764364,-0.0019201673476968,0.0367115432002773,0.021230928106547,-0.0019201673476968,-0.0036753713515995,-0.0036753713515995,0.0204384704637388,0.012910308603514,0.012910308603514,-2.151794914074021,2.481659494935229,0.0750918605591548,-0.0136770227163592,0.5763446165753816,-0.0310430915516509,-0.0153317661940967,-0.0174061287193549,0.0148765353371354,0.0064441311720946,2.207251806616684,2.186379225600836,0.0147246011165714,61.152740478515625,-0.0189792964478717,-0.0463565852920884,-0.5265107583313944,66.9113998413086,-0.0199505114852444,-0.039120548027752,-0.4962382771923745,57.79388427734375,0.0209138030021645,-0.0063291234715909,1.6818682028811816,170.0063018798828,0.0093165031977069,-0.0743565752516007,0.3903708679836991,1.0,0.0,0.0,0.0,0.0,0.0,1.0,0.0,0.0689432844519615,0.0473001934587955,0.8837565183639526,0.0216430909931659,0.1013322557914998,0.1664470179241877,0.7322207199400187,-0.0651147621326879,-0.0897805243730545,0.2463429868221283,0.0319902747869491,-0.0791055634617805,0.119947925209999,0.1196785271167755,0.10736895352602,0.1083742976188659,0.0888243317604065,-0.2313898205757141,0.1095201447606086,-0.0274585857987403,-0.1515993177890777,0.4083120226860046,0.0588207244873046,-0.1021046489477157,-0.0272745192050933,-0.0228994861245155,-0.0787769258022308,-0.0507041662931442,-0.0476921908557415,-0.0418729819357395,-0.0203335396945476,-0.0511041581630706,-0.0787026286125183,-0.0426274165511131,-0.0007919333875179,-0.0747310817241668,-0.0281427428126335,0.050181932747364,0.0,0.0,0.0,1.0,-0.0313530790560349,-0.0448297793008844,3.995063404232599e-05,-0.0316438093781471,0.0649748972036298,0.1799819897860288,1.3394971878488082,2.026160448091885,3.0,0.9045340323696472,0.0,0.021643090993166,-0.0651147621326879,0.053286900371313,0.4219398628573796,-0.0,0.0074501707560359,0.0,0.0867578531258538,-0.0651147621326879,-0.0651147621326879,-0.0651147621326879,-0.0651147621326879,-2.271254828043635,49.80398941040039,2026-03-10
2026-03-04,51.23662567138672,683.2639770507812,21.149999618530277,88.1219253540039,79.18951416015625,27.40999984741211,51.06749688406493,51.38586007976719,50.818775400223245,51472400,0.005662957974402,0.0013610556471657,-0.0071331993038668,-0.0207263964886826,-0.0379226010192536,0.0121967255476951,0.0153872241068578,0.0136390852795074,0.8942479941651627,-0.4566908771177987,-0.1719675752023333,-0.0017058158385743,-0.0022473583449655,-0.0153246004859181,-0.0414972533534458,-0.0329789212050239,-0.021269770109371,-0.0014317524412152,-0.0019330187615962,-0.000626618677739,-0.0002079080134542,7.238867432515435e-05,-0.0868794602276068,-0.0017058158385743,-0.0022473583449655,0.0110679552393052,0.0033118675799941,42.17172646308708,-0.6133234116223463,-0.5882973256566323,-0.0250260859657139,0.0803801716768391,0.3093484976925754,0.0404808758318482,0.4578611923897102,0.0052092727586801,0.4643014625487541,-0.0506125479034301,0.0070553083530846,-0.0115704719556687,-0.0063812237545833,-0.0025398326156144,21.149999618530277,-0.1026728938322963,0.1795872425292144,0.0644990549031672,0.807634453911301,0.1188189787092803,0.0649546308425754,-0.0031308599516699,-0.0051557357959086,0.0309641356611596,0.0177351190888128,-0.0051557357959086,-0.0014292333244567,-0.0015524737373754,0.0121861124311588,0.0121861124311588,0.0121861124311588,-0.0435998613709062,1.8655378043379731,0.0749880388726811,-0.0134478436371748,0.5814288040752474,-0.0190626431563526,-0.0190683509260818,-0.0198116698272166,0.0044892149879225,-0.0019877116239295,2.1314230989913696,1.9590884316812984,0.0044372726518019,61.47088623046875,-0.0307258171137252,-0.0521233166069992,-0.7809883501339,67.11024475097656,-0.0339201423023373,-0.0524986231174301,-0.7580398612378549,57.89337539672852,0.017307648736758,-0.0046185371519134,1.4850470020344388,172.1118927001953,-0.0002884927296287,-0.0349725118139567,-0.0117306496302647,0.0,0.0,0.0,0.0,0.0,0.0,0.0,0.0,0.0,0.0,1.0,0.0,0.0,0.0,1.0,0.0,-0.0712588494180216,0.1955225582132174,0.0253906979247774,-0.0627861273278838,0.0952027313298777,0.094988909921587,0.0852187948879644,0.0860167370232512,0.0704999188384208,-0.1836542222983107,0.0869261965023498,-0.0217938939912397,-0.1203244582680217,0.3240774671715136,0.0466860399643395,-0.0810405135752238,-0.021647800239046,-0.0181753341817935,-0.062525287444641,-0.0402439234564538,-0.0378533169675361,-0.0332346077869191,-0.016138741150681,-0.0405613972140038,-0.062466317726087,-0.0338334029379618,-0.0006285579462173,-0.0593140988718319,-0.0223369097730224,0.0398294264164815,0.0,0.0,1.0,1.0,-0.0313530790560349,-0.0448297793008844,3.995063404232599e-05,-0.0316438093781471,0.0,0.0,0.0,0.0,3.0,-0.6030226882464315,0.0,0.0,0.0,0.031643809378147,0.2428069036735277,0.0,0.0074501707560359,0.0,0.0,-0.0516816209540439,-0.0566856928535045,-0.0589759809564907,-0.0621742839130209,-3.6784902617751136,49.38613510131836,2026-03-11
2026-03-05,50.9680061340332,679.4544067382812,23.75,87.76607513427734,78.87432861328125,27.479999542236328,50.97795711871607,51.554988989096245,50.64964293757752,58430700,-0.0052427249810779,-0.001364504773188,-0.0241904556156409,-0.017641411271728,-0.0505930171001816,0.0095768134917853,0.0152745566618421,0.0134549971951983,0.7117662412770117,0.1351850700569625,-0.05921595452733,-0.0020259513525784,-0.005706079252111,-0.0179238947959733,-0.0458526241543904,-0.0376820619828054,-0.0264160978093415,-0.0048975701123157,-0.00259588589129,-0.00072043700076,-0.0003869886288634,1.59708194149619e-05,-0.0916667000922069,-0.0020259513525784,-0.005706079252111,0.0177630266551509,-0.0001952017155119,46.7787278809239,-0.612382350246925,-0.5931143305746909,-0.0192680196722341,0.0767045862331453,0.266325643925733,0.0098655846101085,0.2946445717466526,-0.0047878900566818,-0.547439337534935,-0.043305070614059,-0.0055755468463938,-0.0115914149426622,-0.0071117187185741,-0.0080444192601576,23.75,0.122931462334012,0.2748256076154711,0.1801828563859184,2.038971495804311,1.076563451294294,0.1077425097202273,-0.0040381575674502,-0.0131244261865017,0.0294113567575775,0.0133194760211616,-0.0131244261865017,-0.0057722285037358,-0.0046654968986706,0.0132742880480347,0.0140221090559997,0.0140221090559997,-2.213238758240239,1.8899434707333929,0.0750131364644538,-0.0108823689348686,0.5807255942122843,-0.0161877939214739,-0.0130707648635192,-0.0117447021532188,-0.0127467940520245,-0.0112131961949141,2.0670121268721737,1.5375876099713213,-0.0125990406729786,60.59599685668945,-0.0510665174964736,-0.0804163462426857,-1.1559506136313116,66.21543884277344,-0.0538429294600335,-0.0794747558998428,-1.066142461065982,57.54515838623047,-0.0034459295197023,-0.0226428269833472,-0.2909095268186347,169.3408660888672,-0.0348146627785319,-0.0415425692606457,-1.371628491342194,0.0,0.0,0.0,0.0,0.0,0.0,0.0,0.0,0.0,0.0,1.0,0.0,0.0,0.0,1.0,0.0,-0.0565581862641055,0.1551863572955873,0.0201526102979992,-0.049833382284646,0.0755624579316468,0.0753927477674199,0.0676382023263085,0.0682715294187905,0.0559558226638909,-0.14576645283737,0.0689933678857122,-0.0172978251240887,-0.0955015858160806,0.2572204561536251,0.037054734475811,-0.0643218982506767,-0.0171818704361295,-0.0144257723000263,-0.0496263535321186,-0.0319416232150512,-0.0300441975873762,-0.0263783256813529,-0.0128093273400167,-0.0321936023034048,-0.0495795492354851,-0.0268535897076922,-0.0004988867725241,-0.0470776314728459,-0.0177288170357073,0.0316126366964064,0.0,0.0,2.0,0.0,-0.021704920710896,-0.0188118474336208,0.0072143636643885,2.3970380425440003e-05,0.0289444750354168,0.0215232390910387,0.0,0.0,2.0,-0.6030226882464315,0.0,0.0,0.0,-2.3970380425507308e-05,-0.0036342127924994,0.0,0.0074501707560359,0.0,0.0,-0.0410197297349355,-0.0493477618444494,-0.0534159415754711,-0.0593665929734905,-4.798041166191911,48.58028030395508,2026-03-12
2026-03-06,50.31138229370117,670.5487060546875,29.489999771118164,87.43987274169922,78.49019622802734,27.46999931335449,50.18204605727631,50.36112583226805,49.495576116600446,75632700,-0.0128830592000258,-0.0124975469350596,-0.0167217644696781,-0.0365784316088817,-0.0510414577069338,0.0066879964227366,0.0153504937327392,0.0134734726144547,0.4963824930463017,0.2944000328594387,0.206909923020949,-0.0115710729666022,-0.0148445210575319,-0.0280420367421142,-0.0573479656534756,-0.0496532007729915,-0.0389107718131929,-0.0033726303100585,-0.0026195083501443,-0.0008743374250751,-0.0004594950032883,-5.176943073657866e-05,-0.1033688117682738,-0.0115710729666022,-0.0148445210575319,0.017203854798002,0.0025773408337563,43.0412345664372,-0.657046584577607,-0.6059007813752741,-0.0511458032023328,0.0787210483930453,0.1437796839022834,0.0273830110403854,0.0774360624718467,-0.0087172102216726,-1.926295479156199,-0.0639254344514712,-0.0131071350708364,-0.0198399468125016,-0.0077330074389293,-0.0208266651170055,29.489999771118164,0.2416842008891859,0.4848942026591474,0.4378351818208903,3.2834062602867684,1.6727349848407589,0.2511667438669476,-0.0037167253073474,-0.0227466053826143,0.0145651007322165,0.0092569858788971,-0.0227466053826143,-0.0113472624209274,-0.0079177633425117,0.0140272852944336,0.0144017500275923,0.0144017500275923,-3.3091876460088803,1.6219381752538289,0.0750301683373883,-0.0084192211847213,0.5753826111152168,-0.0219438078186828,-0.0121482360581283,-0.0294591826159683,0.003181299148729,0.0061650754513826,1.960582729699776,0.8431292558130533,0.0031181823428235,59.2041244506836,-0.0245700772280001,-0.0995009310762224,-0.4996919642430118,64.53520202636719,-0.0278567967614373,-0.102212987833412,-0.4931579636592378,57.007911682128906,-0.0142783804999658,-0.0312764617003279,-1.150232885479895,167.4835968017578,-0.0120685418652438,-0.0306948549985972,-0.4481126975938079,0.0,0.0,0.0,0.0,0.0,0.0,0.0,0.0,0.0,0.0,1.0,0.0,0.0,0.0,1.0,0.0,-0.0448902621865272,0.1231714934110641,0.0159951373934745,-0.0395527817308902,0.0599739626049995,0.0598392635583877,0.05368447676301,0.0541871488094329,0.0444121658802032,-0.115694910287857,0.0547600723803043,-0.0137292928993701,-0.0757996588945388,0.2041560113430023,0.0294103622436523,-0.0510523244738578,-0.0136372596025466,-0.0114497430622577,-0.0393884629011154,-0.0253520831465721,-0.0238460954278707,-0.0209364909678697,-0.0101667698472738,-0.0255520790815353,-0.0393513143062591,-0.0213137082755565,-0.0003959666937589,-0.0373655408620834,-0.0140713714063167,0.025090966373682,0.0,0.0,3.0,0.0,0.0,-0.0188118474336208,0.0,2.3970380425440003e-05,0.0651147621326879,-0.0216430909931659,0.0,0.0,2.0,-0.6030226882464315,0.0,0.0,0.0,-2.3970380425507308e-05,-0.0027512061444935,0.0,0.0074501707560359,0.0,0.0,-0.0325573810663439,-0.0429597218710884,-0.0483800823338425,-0.0566856928535045,-3.378566353228713,48.63997268676758,2026-03-13
2026-03-09,50.07260894775391,676.4227294921875,25.5,88.20099639892578,78.96296691894531,27.459999084472656,49.66470208717274,50.26163590165199,48.92848864972672,78178700,-0.0047459110654799,-0.0227184501004885,-0.018908361799756,-0.0078848544146484,-0.0724290273518321,0.006693468802654,0.0112748176000186,0.01256130119908,0.5328642442138127,0.0336626882287687,0.2230395510002911,-0.0125176614830961,-0.0187553578396222,-0.0289876025061985,-0.0610152693821623,-0.0537207332501963,-0.0434275515644955,-0.0038178821462684,-0.0037592983526349,-0.0008911788090248,-0.0004805303311432,-4.836079856240102e-05,-0.1076241436461571,-0.0125176614830961,-0.0187553578396222,0.026624281816757,0.0082132146864627,37.44969088846663,-0.7035996665979738,-0.6254405584198142,-0.0781591081781596,0.0731210232707667,0.1035667827177739,0.0387602002438941,0.1770485858088912,0.0028269056346829,-0.7090360015664963,-0.0596998306210903,0.008760025013039,-0.0118155809235148,-0.0178823675371977,-0.0121829691599107,25.5,-0.1353000950181722,0.1893656420154019,0.2279392236331978,1.602939976083145,0.2608975483484305,0.2056737806112551,0.0087045375680605,-0.0042405998873031,0.0226950620626986,0.0176117040000554,-0.0042405998873031,-0.0037935380488631,-0.0013702192244622,0.0136581369435473,0.0047566469494879,0.0047566469494879,-0.9135576861841732,1.403651853027163,0.0740256155870827,-0.0188729328317435,0.5677102412911489,-0.0301867507010298,-0.0018584932951444,-0.0055213393912197,-0.0071775882510571,-0.0147302269110316,1.4020190259431349,0.6869167384321851,-0.0070927808762412,59.07487869262695,-0.0399095813658902,-0.1185284997710673,-0.7348898715777327,64.3761215209961,-0.0444215255087225,-0.1206030449272785,-0.7117086726408293,56.1025505065918,-0.0390252425527455,-0.0538590748667986,-2.574187858630387,167.39419555664062,-0.02005929838816,-0.0556396634326716,-0.7665483857242522,0.0,0.0,0.0,0.0,0.0,0.0,0.0,0.0,0.0,0.0,1.0,0.0,0.0,0.0,1.0,0.0,-0.0,0.0,0.0,-0.0,0.0,0.0,0.0,0.0,0.0,-0.0,0.0,-0.0,-0.0,0.0,0.0,-0.0,-0.0,-0.0,-0.0,-0.0,-0.0,-0.0,-0.0,-0.0,-0.0,-0.0,-0.0,-0.0,-0.0,0.0,0.0,0.0,6.0,0.0,0.0,-0.0130229524265375,0.0,0.0043286181986331,0.0,0.0,0.0,0.0,1.0,-0.6030226882464315,0.0,0.0,0.0,-0.0043286181986332,-0.033805829591557,0.0,0.0074501707560359,0.0,0.0,-0.0162786905331719,-0.0283428464267522,-0.0359462630280326,-0.0493477618444494,-2.0677280257403505,49.0478744506836,2026-03-16
2026-03-10,49.80398941040039,675.3356323242188,24.93000030517578,87.26194763183594,78.83493041992188,27.450000762939453,50.072609058230434,50.43076479348199,49.495573415812885,70834200,-0.0053646003872854,-0.0228381844204722,-0.0224565600665661,-0.0180462848445774,-0.0719317695372971,0.0066128656257607,0.0111698152774767,0.0125569067130405,0.5266316976187674,-0.093945025946965,0.0752271307300302,-0.0133627738642483,-0.0222656287649171,-0.0305682826603123,-0.0649936068925031,-0.0583341155464962,-0.0485845131537767,-0.0045425096560872,-0.0037325012346604,-0.0011705613034449,-0.0005067065559038,2.806383756950747e-05,-0.1124113835107572,-0.0133627738642483,-0.0222656287649171,0.0187774390915321,-0.0053646025817759,32.7421638748103,-0.7534829883504273,-0.6510490444059368,-0.1024339439444904,0.0688384933275727,0.0559420146682901,0.0479069707290977,0.2210682775203711,0.0022481277528719,-0.8112367435912629,-0.0510309370378481,-0.0016071269053671,-0.0046301922901675,-0.0241660626150538,-0.0135702445359022,24.93000030517578,-0.0223529292087928,0.0577004933373082,0.1790021383412179,1.2708014371305467,-0.0112103342273368,0.0496842233758223,-0.0106466911421567,-0.012859258972849,0.0120378156911546,0.0065980443991022,-0.012859258972849,-0.0046702145039038,-0.0009985130585939,0.0125415029484752,-0.0003641049477987,-0.0003641049477987,-1.3598971851527664,1.237311174083631,0.0737470185587515,-0.0201006613532089,0.5707412080753319,-0.0206894863997659,-0.0032991841054529,-0.0033408437148828,-0.017909291238614,-0.0097223229625097,1.4784891519428998,0.7302934796956005,-0.0178263677763985,58.98540496826172,-0.0354413472445334,-0.1177695267907555,-0.6185281981432346,64.34629821777344,-0.0383357937454412,-0.1184963220154393,-0.584597687953126,55.77423477172852,-0.0349457305192233,-0.02589049696845,-2.437430514472341,165.6262969970703,-0.0257637795445204,-0.0801478002709943,-1.0819882761510948,0.0,0.0,0.0,0.0,0.0,0.0,0.0,0.0,0.0,0.0,1.0,0.0,0.0,0.0,1.0,0.0,-0.0,0.0,0.0,-0.0,0.0,0.0,0.0,0.0,0.0,-0.0,0.0,-0.0,-0.0,0.0,0.0,-0.0,-0.0,-0.0,-0.0,-0.0,-0.0,-0.0,-0.0,-0.0,-0.0,-0.0,-0.0,-0.0,-0.0,0.0,0.0,0.0,7.0,0.0,0.0,0.0,0.0,0.0,0.0,0.0,0.0,0.0,0.0,-0.6030226882464315,0.0,0.0,0.0,0.0,3.2447264610884443e-16,0.0,0.0074501707560359,0.0,0.0,-0.0129204052385109,-0.0246738809222247,-0.0325573810663439,-0.0471192960689434,-1.0038176016202334,49.306549072265625,2026-03-17
2026-03-11,49.38613510131836,674.4879760742188,24.229999542236328,86.13509368896484,78.65763854980469,27.549999237060547,49.72439645660911,49.86367987434262,48.96828484811781,56301200,-0.0083899766671055,-0.0183904148564538,-0.0361165581421528,-0.0429921308386219,-0.073015929161212,0.0034226061954611,0.0090094659226017,0.0125769717298161,0.2721327515759942,-0.2051692543997109,-0.1443245916478741,-0.0144145277984079,-0.0262275584644442,-0.0350485459029387,-0.0713816726298607,-0.0656378427427716,-0.0565596566016743,-0.0073569805235502,-0.0037909448562549,-0.0016113476516793,-0.0006574339078607,-8.09422805477612e-06,-0.1198582312930904,-0.0144145277984079,-0.0262275584644442,0.018130494001765,-0.00680272420372,32.831744449835426,-0.8173117694980476,-0.6843015894243589,-0.1330101800736887,0.0681163005766381,-0.0145397739782624,0.047154287304313,0.1943114057607764,-0.0022598383816208,-2.451340801898578,-0.0578071841018692,-0.0012551629285171,-0.0128442319093755,-0.0228138966711702,-0.0145497604078111,24.229999542236328,-0.0280786503959297,0.1456264765606689,0.1287091598092402,0.9383410080555794,-0.5907603091311721,-0.1783655567889613,-0.0129134631239881,-0.0225463941812159,-0.0124278624146626,-0.0063848864385455,-0.0225463941812159,-0.0082585369462103,-0.006716490383763,0.0173559569674537,0.0051076027153518,0.0051076027153518,-1.851862933965092,1.4879426976484615,0.0732201860569328,-0.0245310411450755,0.5733567235632488,-0.0130284486308888,-0.0191917495205673,-0.0158432954671631,-0.0235751306785058,-0.0138831796007029,1.3409336974554849,0.4319892801677976,-0.0232723262327773,58.31929397583008,-0.0512696733022949,-0.1201439602477723,-0.8756564214669259,63.61056900024414,-0.0521481595502822,-0.1192180745300015,-0.7796279185515719,55.11759948730469,-0.0479463477539898,-0.0426818045149846,-3.1576279712416038,164.3649444580078,-0.0450111152730279,-0.0576812414739817,-1.8781877652840115,0.0,0.0,0.0,0.0,0.0,0.0,0.0,0.0,0.0,0.0,1.0,0.0,0.0,0.0,1.0,0.0,-0.0,0.0,0.0,-0.0,0.0,0.0,0.0,0.0,0.0,-0.0,0.0,-0.0,-0.0,0.0,0.0,-0.0,-0.0,-0.0,-0.0,-0.0,-0.0,-0.0,-0.0,-0.0,-0.0,-0.0,-0.0,-0.0,-0.0,0.0,0.0,0.0,8.0,0.0,0.0,0.0,0.0,0.0,0.0,0.0,0.0,0.0,0.0,-0.6030226882464315,0.0,0.0,0.0,0.0,3.2447264610884443e-16,0.0,0.0074501707560359,0.0,0.0,-0.0102549324337338,-0.0214798609355442,-0.0294879904782453,-0.0449914642335997,-1.358899643285687,48.71956634521485,2026-03-18
2026-03-12,48.58028030395508,664.2459106445312,27.290000915527344,85.96705627441406,78.15531921386719,27.68000030517578,48.7295109117967,48.96828519760722,48.54048395712191,67871700,-0.0163174298962659,-0.0298032931608563,-0.0468475424327763,-0.0699047346524953,-0.074137262927697,0.0049711519018941,0.0076065724315802,0.0126365769905124,0.3933938369728362,0.2055107173559356,0.0256555561046132,-0.0211682509792983,-0.035170906451422,-0.047173024354333,-0.0848427152183636,-0.0801722801736007,-0.0718913606935849,-0.0095960823323838,-0.0038514643713383,-0.0019098307013688,-0.0008022351265517,-7.240434702493379e-05,-0.1342198829027409,-0.0211682509792983,-0.035170906451422,0.0088060677667701,-0.0030624277783485,26.478141751981585,-0.9222906927566754,-0.7318994100908223,-0.1903912826658531,0.0779748804023434,-0.1049771940774313,0.0548376848139762,0.1139835032951055,-0.0063829988426471,-3.282423658714756,-0.0756027901002111,-0.0151849488693635,-0.0223833945926679,-0.0374300074047894,-0.0291909919580736,27.290000915527344,0.1262897825465081,0.149052670127467,0.2433368638849709,1.7380115807372098,0.4729092112963396,0.0701961143344056,-0.0019508589049379,-0.0204978843717333,-0.009093698414453,-0.0084339699970833,-0.0204978843717333,-0.0137388529052848,-0.0091158861451531,0.0214022109056,0.0072780482631396,0.0072780482631396,-2.8132270254165026,1.7849521169274374,0.07313598702748,-0.0237672055706319,0.5651034525235196,-0.023900302322088,-0.0374520908445937,-0.037812622331757,-0.0250242760861403,-0.0269010731479041,0.9731501291997962,0.5080447740600714,-0.0244641478401084,57.732723236083984,-0.0472518609996162,-0.1165373895955366,-0.8095661020723599,63.09357070922852,-0.0471471334798173,-0.1162790560991466,-0.706747786337095,54.908668518066406,-0.045816015492885,-0.0453209279250688,-2.792057823746096,160.2828826904297,-0.0534896484684567,-0.0579100656179607,-2.2194413016121706,0.0,0.0,0.0,0.0,0.0,0.0,0.0,0.0,0.0,0.0,1.0,0.0,0.0,0.0,1.0,0.0,-0.0,0.0,0.0,-0.0,0.0,0.0,0.0,0.0,0.0,-0.0,0.0,-0.0,-0.0,0.0,0.0,-0.0,-0.0,-0.0,-0.0,-0.0,-0.0,-0.0,-0.0,-0.0,-0.0,-0.0,-0.0,-0.0,-0.0,0.0,0.0,0.0,9.0,0.0,0.0,0.0,0.0,0.0,0.0,0.0,0.0,0.0,0.0,-0.6030226882464315,0.0,0.0,0.0,0.0,3.2447264610884443e-16,0.0,0.0074501707560359,0.0,0.0,-0.0081393452665859,-0.0186993050369604,-0.0267079707877355,-0.0429597218710884,0.3271353528817884,48.73946380615234,2026-03-19
2026-03-13,48.63997268676758,660.4862060546875,27.190000534057617,85.5420150756836,78.007568359375,27.88999938964844,48.85884880662127,49.20705736530791,48.60017633857806,47595200,0.0012287368956913,-0.0233719574960341,-0.0332213016366049,-0.0493875473249396,-0.0541690533721496,0.0063995314817032,0.0064213709788509,0.0120875245331476,0.5294327167420482,-0.2987474897490412,-0.2542447506893251,-0.0133198768143812,-0.0291127213227537,-0.0433889434207431,-0.0820240276272338,-0.0783195524494254,-0.0706164138187699,-0.0067571327064574,-0.0027845714626414,-0.0019014923840162,-0.0008104548977066,-0.000153413127813,-0.1331560669293075,-0.0133198768143812,-0.0291127213227537,0.0124770017992825,-0.0044797641614517,34.868422712217566,-0.9892669161365788,-0.7833729112999737,-0.2058940048366051,0.087839485003123,0.0060428300644004,0.0546113627519506,0.2560969706088227,0.0090193893943694,0.1920041658049889,-0.0729517096529844,-0.0056601095010063,-0.0150063670381302,-0.0278597870840373,-0.0343003408606281,27.190000534057617,-0.0036643597696923,-0.0779925145782168,0.2210621037080116,1.5037654253363428,0.9973217755489024,0.0906538387972917,-0.0049442334907188,-0.0217047166985474,-0.0269218144953909,-0.0133548788589822,-0.0217047166985474,-0.0140179715011821,-0.0061488936433568,0.0299113540703264,0.0152894097849416,0.0152894097849416,-2.509322037185957,2.2190836679269434,0.0736426775319214,-0.0156580603782882,0.5686091523999428,-0.0164535224106735,-0.0153699697558835,-0.0056795953253567,-0.0184924389244043,-0.0117720949233164,0.8192330421909043,0.7403976800640101,-0.0182149345984746,57.48417282104492,-0.029051212995665,-0.1064750084376867,-0.4988624943001359,62.7455940246582,-0.0277307259529118,-0.1073549577664072,-0.4160113597597872,55.12754821777344,-0.0329842544459479,-0.0426744939618302,-1.907872094476178,160.88873291015625,-0.0393761778319555,-0.0302322052183862,-1.6354093329587955,2.0,0.0,1.0,0.0,0.49999999975,0.0,0.0,1.0,0.3493685275316238,0.0593530582264065,0.5912784337997437,0.2900154693052172,0.2013432650435475,0.0438873399798479,0.754769434572667,0.1574559250636996,-0.0347152799367904,0.0798480696976184,-0.2373760864138603,0.0500463508069515,0.0544134713709354,-0.1423864215612411,-0.0204955115914344,0.1921325549483299,-0.3201831057667732,0.2340549752116203,0.0349711403250694,-0.0385432951152324,0.0604004859924316,0.0935453884303569,-0.0266074910759925,-0.0046427641063928,0.1422424763441085,0.0263546397909522,-0.0835836008191108,0.043511469848454,-0.0760182393714785,-0.0925320610404014,-0.076126953586936,-0.0395577969029545,-0.0236747870221734,-0.0507226744666695,0.0159264169633388,-0.0069063147529959,-0.1114514507353305,-0.045299008488655,0.0,0.0,0.0,0.0,0.0524853083545664,0.0314911850127399,0.096671823101739,0.0580030938610434,0.1574559250636996,0.2900154693052172,1.56858346279215,4.999999430359759,2.0,2.0225995846624407,0.0,0.2900154693052172,0.1574559250636996,0.2320123754441737,1.6010560091039965,0.0,0.0074501707560359,0.0,0.1325595442415175,0.1574559250636996,0.1574559250636996,0.1574559250636996,0.1574559250636996,0.38787712801355,48.82900238037109,2026-03-20
2026-03-16,49.0478744506836,667.2078857421875,23.51000022888184,86.20428466796875,78.2538070678711,27.729999542236328,48.99813091437676,49.49557386782221,48.8588474946422,45720100,0.0083861429475469,-0.0068493039583034,-0.0204649711409989,-0.0389863738621995,-0.0454986249577317,0.0094016958870074,0.0076956037391515,0.0123357635890764,0.7621494248790088,-0.0393968299324302,-0.2775525138138941,-0.0008917186444756,-0.0170667831238939,-0.0331437870875268,-0.072831579191494,-0.069930949479695,-0.0627532726436886,-0.0041354560514807,-0.002328309761415,-0.001655886353816,-0.0007297583273454,-7.816564566484259e-05,-0.1258865897933628,-0.0008917186444756,-0.0170667831238939,0.0129817322424486,0.0010152129352395,36.53844263161387,-0.9979282961231348,-0.826283988264606,-0.1716443078585288,0.0928697198498915,0.1431152463784935,0.04197570754944,0.4787563165331889,0.0106692442669813,0.8919818462916008,-0.0676137379131253,0.0101768661114831,-0.0136229067241987,-0.018657787648673,-0.0242866465513654,23.51000022888184,-0.1353438849905975,-0.0780392067105162,0.048944814029467,0.3364952502326968,-1.111591989995587,-0.0297152012776323,0.00774203871278,-0.0226381992548708,-0.0247438186631192,-0.0057716370887486,-0.0226381992548708,-0.0103388303879714,-0.0089809169886202,0.0146359172940688,0.0098325006105459,0.0098325006105459,-1.637028847634086,1.4975863627932648,0.0735121324235006,-0.0160436066582478,0.5689725822747705,-0.0147706857645032,-0.0140643610096068,-0.0125394149016072,-0.0069365605339407,0.0022235656357911,0.8640791008520065,1.0292893298691388,-0.0068420644168002,57.82220077514648,-0.0212049173050069,-0.1064678839376537,-0.3654622693028865,63.09357070922852,-0.0199227723178271,-0.1097081828619535,-0.2997868123133335,55.47576141357422,-0.0111722031771788,-0.0294169469100612,-0.642528616925335,162.4480438232422,-0.0295479285703477,-0.0339043804274391,-1.2878096207920298,1.0,0.0,0.0,0.0,0.0,0.0,0.0,1.0,0.0918045938014984,0.0215029548853635,0.886692464351654,0.0703016389161348,0.098604567348957,0.0320502929389476,0.8693451881408691,0.0665542744100093,-0.0451927185058593,0.2160200476646423,-0.3476260900497436,0.0893779397010803,0.0410689637064933,-0.0084711387753486,0.1117883771657943,0.0802677869796752,-0.0031626001000404,0.0553405806422233,-0.0327680110931396,-0.1488130241632461,0.1067373603582382,0.0547342039644718,-0.0485418066382408,0.057188618928194,0.0558819323778152,0.1241974383592605,-0.0424493849277496,-0.064596489071846,-0.2140822261571884,0.0616928860545158,-0.0436274521052837,0.0031545218080282,0.0901238769292831,0.0984670221805572,0.0960024297237396,-0.0454307124018669,0.0319175645709037,-0.0736582204699516,0.0,0.0,0.0,2.0,0.0746700664912362,0.0448020398947418,0.1201057027404505,0.0720634216442704,0.0665542744100093,0.0703016389161348,1.3222904794173362,2.110303521240746,3.0,0.6081636397376158,0.0,0.0703016389161349,0.0665542744100094,-0.0017617827281355,-0.0964181284515752,0.0,0.0074501707560359,0.0,0.0037473645061255,0.0665542744100093,0.0665542744100093,0.0665542744100093,0.0665542744100093,0.4518535113144618,49.27000045776367,2026-03-23
2026-03-17,49.306549072265625,668.9630126953125,22.3700008392334,86.44152069091797,78.60838317871094,27.68000030517578,49.44583249810322,49.9333244885348,49.25680173859044,46974000,0.0052739211327521,0.0149498678016359,-0.009987961687882,-0.0322202264928617,-0.0505746464505195,0.0102105418045276,0.0082206308350029,0.0120961363682539,0.8441158936674273,0.0274255743097675,-0.2535572587401208,0.0064170825364855,-0.0086215016164969,-0.0255219940089965,-0.0665139769409073,-0.0644356330427716,-0.057740971176199,-0.0020076352032404,-0.0025949184204233,-0.0015651692097539,-0.0006488047685081,-7.749631802686033e-05,-0.121276584606852,0.0064170825364855,-0.0086215016164969,0.0137207483118078,-0.0028168890844934,29.411792849053413,-0.9727068628112008,-0.855568563173925,-0.1171382996372757,0.0935160366960937,0.2270843064924006,0.0302981990946558,0.7117974905517552,0.0002906318655401,0.5165172149725042,-0.0572172683415936,0.0026305548699752,-0.0094362259651166,-0.017661283694514,-0.0217525083176617,22.3700008392334,-0.0484899778200749,-0.1026875023908802,-0.0065283680370842,-0.0456273281095641,-1.1470820130485495,-0.1802858157287413,0.0027520212465421,-0.0094018866548728,-0.0236920950520508,-0.0031514901523674,-0.0094018866548728,-0.0038693347822471,-0.0028736911417845,0.0080116980348889,0.0083788537648004,0.0083788537648004,-0.7166524447427466,1.203839372017603,0.0737059420872987,-0.0117595642633958,0.570403536149799,-0.0109097863752738,-0.018456307535013,-0.0103082084133695,-0.000556991621567,-0.0005916375421211,0.9404228811433544,1.0801749140249843,-0.0005517357227654,57.88185119628906,-0.0187089293116906,-0.1093774285629762,-0.3312996172548473,63.08363342285156,-0.0196229593604362,-0.1129595371704212,-0.3031782852004135,55.7642822265625,-0.0001784434193807,-0.0394173265703473,-0.0102255511526892,164.545654296875,-0.0065245840774573,-0.0211405375180636,-0.294864386008946,0.0,0.0,0.0,0.0,0.0,0.0,0.0,0.0,0.0,0.0,1.0,0.0,0.0,0.0,1.0,0.0,-0.0358694844487519,0.1714552254545369,-0.2759110105182776,0.0709393177521226,0.0325964580954657,-0.0067235473016785,0.0887264937553999,0.0637085847453479,-0.0025101573628794,0.0439238479639981,-0.0260079876400777,-0.118112975551653,0.084717499058488,0.0434425664759222,-0.0385276574609902,0.0453906369236118,0.0443535191212798,0.0985755721516229,-0.0336920991448564,-0.0512702673530503,-0.1699171755048074,0.0489656761109463,-0.0346271316833098,0.0025037456182603,0.0715313685224983,0.0781533272967963,0.0761971789674837,-0.0360583803291941,0.0253329877880577,-0.0584625683300533,0.0,0.0,1.0,1.0,0.0746700664912362,0.0448020398947418,0.1201057027404505,0.0720634216442704,0.0,0.0,0.0,0.0,3.0,-0.7433111152348638,0.0,0.0,0.0,-0.0720634216442705,-0.5758970710902676,0.0,0.0074501707560359,0.0,0.0,0.0528241626057144,0.0579388610773984,0.0602797812910591,0.0635487901247472,-0.0538618993954459,49.27999877929688,2026-03-24
2026-03-18,48.71956634521485,659.6285400390625,25.09000015258789,85.95716857910156,78.20457458496094,27.850000381469727,49.117518449402446,49.4557798253157,48.66981901140126,49239100,-0.0119047619047618,0.0016363836994695,-0.0134970828297459,-0.0491261727951287,-0.068834360748488,0.0108636716198989,0.00798046371308,0.0120294221221423,0.903091653655642,0.0482202920764678,-0.2200516907359724,-0.0028507062821565,-0.0154408645732126,-0.0336838731947576,-0.0760664494672972,-0.0749252402704143,-0.0688279504606111,-0.0027177992865713,-0.0035659051057491,-0.0017372917857482,-0.0007253225249624,-0.0001481815918395,-0.1317375776472467,-0.0028507062821565,-0.0154408645732126,0.0161323442073625,-0.0081020401019963,18.31242363226461,-0.9886863350202972,-0.8821921175431996,-0.1064942174770976,0.0936917853678472,0.1404821077695346,0.0252691627706776,0.3871863580116516,-0.0124502231379183,-1.0958321666427933,-0.0629772950274543,-0.0139536453871201,-0.0220306907791654,-0.0362237617682391,-0.0350966394163482,25.09000015258789,0.1215913818198901,0.0354932161204732,0.1008973070794969,0.7197342275826697,-1.7436713993227497e-07,-0.0772342898206018,-0.0056032345098169,-0.0020656517830672,-0.0254757633049986,-0.0086818828175746,-0.0020656517830672,-0.0124377524681276,-0.0057599487245841,0.0160525551443648,0.0108893340369176,0.0108893340369176,-1.4861598615885956,1.634194491052787,0.0738590940021026,-0.007985902604881,0.5667888688118078,-0.0149236377885164,-0.0150549992712213,-0.0251792397638851,0.0087258443275877,-0.0114550932805387,0.8857141337250349,1.0010486225463235,0.0085336079494194,57.21574401855469,-0.0189225534474534,-0.119087666105303,-0.3576022497302095,62.2584228515625,-0.0212566271601256,-0.1227234616766881,-0.3477702951239291,54.80917739868164,-0.005595709745924,-0.0478742188294692,-0.3120424711604364,162.9497528076172,-0.0086100576680581,-0.0511530555162637,-0.3884361428198866,2.0,0.0,0.0,0.0,0.0,1.0,0.0,0.0,0.034337387420237,0.05149448197335,0.9141681492328644,-0.0171570945531129,0.0876791220014098,0.0741123798296472,0.8382085038913756,0.0135667421717625,0.4449988603591919,0.0662417784333229,0.018074981868267,0.0147421397268772,-0.002484668046236,-0.0066117718815803,0.053526546806097,0.0136360302567482,0.0429926663637161,0.0553723163902759,0.1027845442295074,-0.0278574042022228,0.0363970883190631,-0.0293211229145526,-0.0489742867648601,0.0118852704763412,-0.0140514560043811,-0.0114192590117454,0.0021566115319728,-0.0410540467128157,0.0144321774132549,-0.0500435791909694,-0.0084691680967807,-0.0203693760558962,-0.0232399795204401,-0.0418244414031505,0.0222942493855953,-0.0239826757460832,-0.026465218514204,0.0085841417312622,0.0,0.0,0.0,0.0,0.0267070055272572,0.0475153883290943,0.0177148481210072,0.0686320027336478,-0.1438891828919371,-0.3071725638583301,4.939178180192356,2.4695891723883725,5.0,1.9596383947100957,0.0,-0.017157094553113,0.0135667421717625,-0.0857890972867609,-0.6354943688164574,0.0135667421717625,0.0128884050631744,1.0,0.0307238367248754,0.0135667421717625,0.0135667421717625,0.0135667421717625,0.0135667421717625,1.265439179204906,49.34000015258789,2026-03-25
2026-03-19,48.73946380615234,658.0029907226562,24.059999465942383,86.4810562133789,78.46065521240234,27.57999992370605,48.52058768518086,48.92849076823492,48.271866200509145,58374000,0.0004084080058617,-0.0062879512717997,0.0032767102454183,-0.0437243380096201,-0.0605943902519363,0.0077336900261802,0.0081591329278713,0.0120022002489245,0.6443559698578761,0.1855212625738489,-0.0833619452311352,-0.0030930526995577,-0.0105828290161896,-0.0302658014974028,-0.0740413616389449,-0.0739214648433048,-0.0683171904440538,0.0006542707057635,-0.0031253966889152,-0.0018219104009042,-0.0007001294272669,-0.0001481018498542,-0.1313829723227688,-0.0030930526995577,-0.0105828290161896,0.0134721335946025,0.0045109948459741,23.008876582922756,-0.9883515219467114,-0.903423998423902,-0.0849275235228094,0.0942949201015879,0.1790304136766204,0.0228738008973813,0.3647774931051445,0.0025043917631282,0.0528089374761905,-0.0703361563629909,-0.0024643404851918,-0.009398507121884,-0.0360564972600084,-0.0369877067732208,24.059999465942383,-0.0410522391543018,-0.1183584221775224,0.0469062482834681,0.3424596841416188,-0.2107547921500944,0.0233942676182909,0.006094752106629,0.0059790338443614,-0.0205208331623134,-0.0027466529009478,0.0059790338443614,-0.0052447153357987,0.0039067846130809,0.0036390241315698,-0.0036127305045956,-0.0036127305045956,-0.8134465270690792,0.5696147482871413,0.0740717967750023,-0.0038347037180868,0.5635854363977135,-0.018440499462844,-0.0125489978664943,-0.029515072153519,0.0127954757371457,-0.0026862623454647,0.9082468095509896,0.8565099313611353,0.0126752173673023,57.603477478027344,-0.0022386915221047,-0.1075169638141547,-0.043377771218308,62.82513046264648,-0.0042546370979565,-0.1098746480678891,-0.0709109220884536,54.08290100097656,-0.0150389280850644,-0.0546086792308896,-0.7877720569051012,163.18914794921875,0.0181321000097198,-0.0403238007282393,0.8362147243195809,0.0,0.0,0.0,0.0,0.0,0.0,0.0,0.0,0.0,0.0,1.0,0.0,0.0,0.0,1.0,0.0,0.3531958295294156,0.0525761343846505,0.0143461226159966,0.0117008440553535,-0.0019720823351934,-0.0052477668200972,0.0424840483541117,0.0108229243871161,0.0341233019063404,0.04394903664392,0.081580146817996,-0.0221104363678559,0.0288883881431301,-0.0232721906797249,-0.0388709171649656,0.0094333454285353,-0.0111526480215197,-0.009063471883971,0.0017117037072702,-0.0325846184697376,0.0114548268039963,-0.0397196151259994,-0.0067219831730626,-0.0161671844895328,-0.018445583969233,-0.0331960811406717,0.0176949574637677,-0.0190350623541723,-0.0210054578550078,0.0068132378072248,0.0,0.0,1.0,2.0,0.0045222473905874,0.0475153883290943,-0.0057190315177043,0.0686320027336478,-0.0665542744100093,-0.0703016389161348,0.0,0.0,5.0,-0.7433111152348638,0.0,0.0,0.0,-0.0686320027336479,-0.4861458960467004,0.0,-0.0006783371085881,1.0,0.0,0.0107679303976186,0.0118105350397211,0.0122877194319324,0.0129540898551248,0.6351123425297274,49.04999923706055,2026-03-26
2026-03-20,48.82900238037109,648.5700073242188,26.780000686645508,84.84020233154297,77.7317886352539,27.68000030517578,48.70961333840089,49.08767104759605,48.5404845550593,82914000,0.001837085745852,-0.0096852588729059,0.0038863034488285,-0.0294641062469012,-0.064964787060514,0.0077492806309167,0.0077840438745818,0.0118503764212931,0.6539269050614892,0.4203926405591531,0.2720439522068383,-0.0020333516955897,-0.0057733085191238,-0.0251943772226715,-0.0705132031372287,-0.0715485044910154,-0.0664740727887972,0.000775754256027,-0.0033585544752378,-0.0019947146611138,-0.0007453955420984,-0.0001487234818335,-0.1297872483626187,-0.0020333516955897,-0.0057733085191238,0.0112061780061415,0.0024510365364793,25.22323281687163,-0.9696832605189414,-0.91667585084291,-0.0530074096760314,0.0903109527154289,0.2210263377238485,0.0202927354275796,0.3997990338539457,0.005065505370154,0.2370652962879513,-0.0623695532547115,-0.0143357758725042,-0.018041555783047,-0.0566972132890812,-0.0499962113553835,26.780000686645508,0.1130507598120842,-0.0150790672805817,0.1460852323505135,1.095158769438664,1.4474970557761846,0.1971390112635882,-0.0189735643120196,-0.0082043045574703,-0.036848204642284,-0.0214991856374743,-0.0082043045574703,-0.0096624499519677,-0.0035352944582325,0.0076447396094108,-0.0075295478332135,-0.0075295478332135,-2.115592263516825,0.856882255314859,0.075287173056033,0.0129638938746377,0.5755408525495327,0.003894412248077,0.0034253517530309,0.0002750194935665,0.0223307405328763,0.0121906235950179,0.8515098293359523,0.7286960817157584,0.0219278592318755,57.51399993896485,0.0005188753087355,-0.1170634711484877,0.0105216931797008,62.67599868774414,-0.0011091669143608,-0.1232267101232371,-0.0192833179328386,54.0629997253418,-0.0193106446204771,-0.0580690000137578,-0.95667983848361,163.2190704345703,0.0144841561137496,-0.0447785944891139,0.6997544339526995,0.0,0.0,0.0,0.0,0.0,0.0,0.0,0.0,0.0,0.0,1.0,0.0,0.0,0.0,1.0,0.0,0.2803317156728875,0.0417297055153078,0.0113865250661489,0.009286966081192,-0.0015652427867269,-0.004165155285353,0.0337196115245924,0.0085901607787402,0.0270836826713766,0.0348823735007737,0.0647502054393035,-0.0175490649749052,0.0229287288640352,-0.0184711499832999,-0.0308518673993175,0.0074872512284182,-0.0088518626007957,-0.0071936824015499,0.0013585801327893,-0.025862428818422,0.0090917020593886,-0.0315254794173917,-0.0053352415801161,-0.0128319028330241,-0.0146402696984641,-0.026347747061962,0.0140444970462586,-0.0151081390026467,-0.0166720429480565,0.0054076704312491,0.0,0.0,2.0,0.0,0.0045222473905874,0.0160242033163544,-0.0057190315177043,0.0106289088726043,0.0,0.0,0.0,0.0,3.0,-0.6726915824711505,0.0,0.0,0.0,-0.0106289088726044,-0.0731443290730336,0.0,-0.0006783371085881,1.0,0.0,0.00854651202035,0.0102816679316578,0.0111292782693366,0.012369103934467,-2.1089596037454044,47.810001373291016,2026-03-27
2026-03-23,49.27000045776367,655.3800048828125,26.149999618530277,85.39374542236328,78.24396514892578,27.559999465942383,49.70000076293945,49.86000061035156,49.220001220703125,81044800,0.0090314783406235,0.0112980092771883,0.0045287590862559,-0.0160288929787477,-0.0237873619058308,0.0079109034728725,0.0086082291094341,0.0097726682820255,0.8094926006984292,-0.022543840605929,0.2564319724395087,0.0060662927016374,0.0048481743003465,-0.0152102889331465,-0.0603667284091956,-0.0625102559665075,-0.0579756302337232,0.0009037070226289,-0.0012037424699413,-0.001877972868887,-0.0007121418703796,-7.530055884985418e-05,-0.1219279407444713,0.0060662927016374,0.0048481743003465,0.0129896363649736,-0.0086519174763559,32.55078014679516,-0.9088272744741984,-0.9151061355691678,0.0062788610949692,0.0912672664873093,0.3333434371537622,0.0237767742305486,0.7551352274625791,0.0052654752482274,1.1416492730500865,-0.0469105294472826,0.0105000192449378,-0.017727429654429,-0.0369585970294787,-0.0393009882405664,26.149999618530277,-0.0235250579522725,0.1122926143745937,0.1069485703205492,0.8086690429134348,0.7203232263603153,0.0422478859902697,0.0065245376084459,-0.0094025401257884,-0.0341288767163763,-0.0150236467149506,-0.0094025401257884,-0.0091055566688316,-0.000125769202983,0.0036416746104799,-0.0061305473891196,-0.0061305473891196,-0.9312068987578508,0.3205781703394175,0.0751777596061594,0.0108020399973522,0.5769743464708205,0.0058586166563023,0.0155641261465953,0.0163183689598449,0.022657854258167,0.0140635321372755,0.9148989376385294,0.7366181365449198,0.022256188740685,58.470001220703125,0.0112033170109824,-0.0615671384782293,0.2410826950591111,63.810001373291016,0.0113550502215864,-0.0663283606082476,0.2109022899452724,54.75,-0.0130824957617731,-0.0266976236175213,-0.6490309851370789,165.23387145996094,0.0171490377548035,-0.004994705105381,0.8110357609604391,0.0,0.0,0.0,0.0,0.0,0.0,0.0,0.0,0.0,0.0,1.0,0.0,0.0,0.0,1.0,0.0,0.1401658578364437,0.0208648527576539,0.0056932625330744,0.004643483040596,-0.0007826213933634,-0.0020825776426765,0.0168598057622962,0.0042950803893701,0.0135418413356883,0.0174411867503868,0.0323751027196517,-0.0087745324874526,0.0114643644320176,-0.0092355749916499,-0.0154259336996587,0.0037436256142091,-0.0044259313003978,-0.0035968412007749,0.0006792900663946,-0.012931214409211,0.0045458510296943,-0.0157627397086958,-0.002667620790058,-0.006415951416512,-0.007320134849232,-0.013173873530981,0.0070222485231293,-0.0075540695013233,-0.0083360214740282,0.0027038352156245,0.0,0.0,5.0,0.0,0.0,0.0027133484343525,0.0,-0.0034314189106225,-0.0135667421717625,0.0171570945531129,0.0,0.0,2.0,-0.6726915824711505,0.0,0.0,0.0,0.0034314189106225,0.0250747784164749,0.0,-0.0006783371085881,1.0,0.0,0.004273256010175,0.0067833710858812,0.0082690219752251,0.0107679303976186,-1.8642347479200672,48.36000061035156,2026-03-30
2026-03-24,49.27999877929688,653.1799926757812,26.950000762939453,85.01812744140625,77.97802734375,27.649999618530277,48.79999923706055,49.59000015258789,48.77999877929688,43296400,0.000202929195054,0.0110902937975345,-0.0005384739647837,-0.0105210573953357,-0.0283774762412908,0.0075305663318313,0.0085158846173011,0.0096744255487097,0.7783992460861353,-0.4657720174520758,-0.3177698926989715,0.0063795731259614,0.0061272999104002,-0.0135916025568699,-0.0583307979820271,-0.0617058756247553,-0.0577304398818457,-0.0001077237987908,-0.0014393949995792,-0.0019645516807269,-0.0006703272571645,-6.04851483878763e-05,-0.1217497542882871,0.0063795731259614,0.0061272999104002,0.0164367165859449,0.0098360563471443,28.40381635677716,-0.8499934902487496,-0.902083606505084,0.0520901162563345,0.091374092066868,0.3512532135813339,0.0231699109032727,0.775338699082372,-0.0034938354041241,0.0269473979996533,-0.0507547031936555,-0.0033568497522664,-0.02359326258703,-0.0471173649058354,-0.041698993551216,26.950000762939453,0.0305927784351587,0.2047384779563115,0.1232208976884796,0.9681216746819046,0.939021412960824,0.1201164323003394,-0.0043986591652491,-0.0164665456846974,-0.0400889525642602,-0.0190963988366476,-0.0164665456846974,-0.0108695862558322,-0.0080189390682144,0.0072859326059051,-0.0010838398235095,-0.0010838398235095,-1.3493152076635362,0.6121923767553104,0.0754462771852811,0.0134210027118077,0.5796410749373446,0.0098925797051356,0.0230417264282458,0.0155935242384637,0.0236118696633851,0.016194743198646,0.906520609979804,0.7381501955630013,0.0230547886222463,58.900001525878906,0.0175901480092108,-0.055118045667318,0.4011788172425988,64.33999633789062,0.0199158299367068,-0.0576137900038027,0.3964951744439324,54.720001220703125,-0.0187267003924951,-0.0333855347318995,-0.9274734212559932,163.3287811279297,-0.0073953528225656,-0.030327508941051,-0.3761057744362134,0.0,0.0,0.0,0.0,0.0,0.0,0.0,0.0,0.0,0.0,1.0,0.0,0.0,0.0,1.0,0.0,0.0,0.0,0.0,0.0,-0.0,-0.0,0.0,0.0,0.0,0.0,0.0,-0.0,0.0,-0.0,-0.0,0.0,-0.0,-0.0,0.0,-0.0,0.0,-0.0,-0.0,-0.0,-0.0,-0.0,0.0,-0.0,-0.0,0.0,0.0,0.0,6.0,0.0,0.0,0.0027133484343525,0.0,-0.0034314189106225,0.0,0.0,0.0,0.0,2.0,-0.6030226882464315,0.0,0.0,0.0,0.0034314189106225,-0.2818976149671265,0.0,-0.0006783371085881,1.0,0.0,0.0033916855429406,0.0059052675198605,0.0074894488832796,0.0102816679316578,0.1824636181364257,49.369998931884766,2026-03-31
2026-03-25,49.34000015258789,656.8200073242188,25.32999992370605,85.83855438232422,78.22425842285156,27.700000762939453,49.59000015258789,49.95000076293945,48.9900016784668,40438800,0.001217560364799,0.0104650463311988,0.012734797411307,-0.0009341680339192,-0.0438861369982017,0.0036874045469807,0.0081255822458149,0.008634518661869,0.4270538132265466,-0.0660008684324793,-0.3591553531013783,0.0050580255354129,0.0074472137223595,-0.0101469999072572,-0.0553805664550143,-0.0600277315832318,-0.0564785168992251,0.0025308783584098,-0.0022439134732317,-0.0019113414162024,-0.0005856012414986,-0.0001162088619676,-0.1206804315987336,0.0050580255354129,0.0074472137223595,0.0194568115424358,-0.0050413389641208,31.16349114431796,-0.7894256752198601,-0.8795520202480394,0.0901263450281792,0.0866730227896592,0.3829278178992067,0.0231172936222513,0.7187983428364818,-0.0022707884122672,0.3301943193625575,-0.0395325513973194,0.0055727589473859,-0.0042577489365112,-0.0498250871473929,-0.0356132090911412,25.32999992370605,-0.0601113466928415,0.0095655547891022,0.0396699899751364,0.3567205269406089,-0.4413141683851125,-0.0541449113428339,0.009650023655054,-0.0013799221023454,-0.030933639593405,-0.0095786985539917,-0.0013799221023454,-0.0055097017269176,0.0002516967580872,0.0054447016345875,-0.0053859826382651,-0.0053859826382651,-0.7484541155263804,0.7593242600465058,0.0751195146347494,0.0087156989103309,0.5747999894409677,0.0021378796628011,0.0259399583653034,0.0025172215104574,0.0170652057092783,0.0141342236412547,0.8293227669489803,0.388241483488502,0.0169925463478182,59.18999862670898,0.0345054432485236,-0.0666908991869013,0.8842429993247195,64.56999969482422,0.0371287407773406,-0.0704880253650664,0.8370149916321636,54.59999847412109,-0.0038164945085561,-0.0405638695601521,-0.1937492605462576,163.5282745361328,0.0035503074938607,-0.0501464178154674,0.18377526453596,0.0,0.0,0.0,0.0,0.0,0.0,0.0,0.0,0.0,0.0,1.0,0.0,0.0,0.0,1.0,0.0,0.0,0.0,0.0,0.0,-0.0,-0.0,0.0,0.0,0.0,0.0,0.0,-0.0,0.0,-0.0,-0.0,0.0,-0.0,-0.0,0.0,-0.0,0.0,-0.0,-0.0,-0.0,-0.0,-0.0,0.0,-0.0,-0.0,0.0,0.0,0.0,7.0,0.0,0.0,0.0,0.0,0.0,0.0,0.0,0.0,0.0,0.0,-0.6030226882464315,0.0,0.0,0.0,0.0,-0.25516061261737,0.0,-0.0006783371085881,0.0,0.0,0.0026919825994046,0.0051408339658289,0.0067833710858812,0.0098173642987385,0.2024671178722516,49.43999862670898,2026-04-01
2026-03-26,49.04999923706055,645.0900268554688,27.440000534057617,85.11697387695312,77.7317886352539,27.809999465942383,49.11000061035156,49.4900016784668,48.880001068115234,45035700,-0.0058776026475576,-0.0044652165345872,0.0063713345748586,0.0096689218375551,-0.06091171623037,0.005310155144992,0.006262252654753,0.0079730328109723,0.666014376821574,0.1136754799845691,-0.2772305980516905,-0.0021117586825459,0.000566202170577,-0.0128145041430612,-0.0591352442476894,-0.0649821587082253,-0.0619188209167395,0.0012702246850594,-0.0031422892634691,-0.0019194526101528,-0.0006284805475096,-0.000118308103929,-0.1258487226220181,-0.0021117586825459,0.000566202170577,0.0124363021374048,-0.001221775046738,34.05245754897156,-0.7561099310629942,-0.8548636024110304,0.0987536713480362,0.0752483864904261,0.3297039346525836,0.0172803191195156,0.3777939997554174,-0.0043891971360285,-1.1068606058036052,-0.0400753584730496,-0.0178587441581387,-0.0196244759510982,-0.0615815949451695,-0.0518873225199957,27.440000534057617,0.0833004586145631,0.1404821755253869,0.1062731949392374,1.0848009594850054,1.1177216734289797,0.0493308196690462,-0.0084062518359429,-0.0157731923747568,-0.042911941686222,-0.0176553996333385,-0.0157731923747568,-0.0054190883342734,-0.0092895805569722,0.0046965014210023,0.0083393597850822,0.0083393597850822,-1.6516322128992875,1.2210968701710887,0.0760358976190622,0.0209838417245722,0.5762657787619218,0.0056617311074238,0.0396509394272979,0.0197527128679817,0.0265161765958776,0.0224994145435297,0.6135159128216419,0.4331607951721626,0.0259958105259568,59.09000015258789,0.0258061273319405,-0.0746504301506668,0.8361141801150205,64.47000122070312,0.0261817324682616,-0.078783610608876,0.7657102137444054,54.83000183105469,0.013813993263132,-0.0504663981904278,0.7523111926319808,162.08200073242188,-0.0067844414332097,-0.0761877262848281,-0.3321170426186453,0.0,0.0,0.0,0.0,0.0,0.0,0.0,0.0,0.0,0.0,1.0,0.0,0.0,0.0,1.0,0.0,0.0,0.0,0.0,0.0,-0.0,-0.0,0.0,0.0,0.0,0.0,0.0,-0.0,0.0,-0.0,-0.0,0.0,-0.0,-0.0,0.0,-0.0,0.0,-0.0,-0.0,-0.0,-0.0,-0.0,0.0,-0.0,-0.0,0.0,0.0,0.0,8.0,0.0,0.0,0.0,0.0,0.0,0.0,0.0,0.0,0.0,0.0,-0.5353033782125928,0.0,0.0,0.0,0.0,-0.2538062833423465,0.0,-0.0006783371085881,0.0,0.0,0.0021366280050875,0.0044753559047642,0.0061438597159662,0.0093740278731803,0.9738351497362944,49.52999877929688,2026-04-02
2026-03-27,47.810001373291016,634.0900268554688,31.049999237060547,84.65239715576172,77.53480529785156,27.84000015258789,48.790000915527344,48.84000015258789,47.66999816894531,64823900,-0.0252802830388757,-0.0298294935555766,-0.0208687656393674,-0.0170635645464158,-0.0656083842697872,0.0129516712401697,0.0103935381799957,0.0085835897468471,1.508887320254302,0.4393891956825362,0.054884629952153,-0.0232890424251069,-0.023074410285792,-0.0345092603367539,-0.0808378043718817,-0.0878300831130391,-0.0854174519289912,-0.0042179192074908,-0.0033929819919949,-0.002303975018237,-0.0008994530590871,-0.0002522130432755,-0.1479475143329283,-0.0232890424251069,-0.023074410285792,0.0244719085972709,-0.0200860734545394,27.173105683622623,-0.8203084234224178,-0.847952566613308,0.0276441431908901,0.0772288497402769,0.0531558419837964,0.0528475420151588,0.0593164499793249,-0.0153371185203502,-1.9518933594125856,-0.0503782280783293,-0.0170518835233279,-0.0223260099992744,-0.0731326317739096,-0.066887596649214,31.049999237060547,0.1315597169366786,0.159447290550085,0.2242000943202637,2.2580594271198766,1.6658163436957707,0.152133519779311,-0.0054580972517068,-0.0022136342278785,-0.0539002415140107,-0.0227207361410824,-0.0022136342278785,-0.0060604768417527,-0.0025341413192826,-0.0017927299445945,0.0057803412445118,0.0057803412445118,-1.8242393895830544,1.3992950394569583,0.0753993902260011,0.0120245024268821,0.5647802422572851,-0.0137730875446361,0.023854546751348,-0.0067338172917142,0.0014905217637077,-0.0186965186651481,0.9325629428054724,1.0054300529967508,0.001457244359907,57.880001068115234,0.0063636876158639,-0.0463859486859952,0.2059723703702409,63.369998931884766,0.0110728230689738,-0.0454091439010778,0.3332819932055467,53.54999923706055,-0.0094889386620695,-0.0740690122713562,-0.4918371104171262,157.8728485107422,-0.0327548852569361,-0.0687592313071936,-1.6410216828570368,1.0,0.0,0.0,0.0,0.0,0.0,1.0,0.0,0.1054124236106872,0.0446546971797943,0.849932849407196,0.0607577264308929,0.0357504473152554,0.120798006623658,0.8434515455643561,-0.0850475593084025,-0.1013094410300254,-0.1869695782661438,0.3034291267395019,0.3843622803688049,0.1933108866214752,0.0452004820108413,0.0776071846485138,-0.1626141965389251,0.0091997049748897,0.0932064428925514,0.0803000479936599,-0.0821928977966308,0.1173547357320785,0.0286506526172161,-0.0160861164331436,-0.0694157034158706,-0.0760584473609924,-0.1396391540765762,0.0228879079222679,-0.007155898027122,-0.0405002646148204,-0.0482569225132465,0.0292194969952106,-0.0550188720226287,0.0657681599259376,0.0064403861761093,-0.0051671937108039,-0.010573286563158,-0.0214567855000495,0.0067830197513103,0.0,0.0,0.0,0.0,-0.0283491864361342,-0.0170095118616804,0.0202525754769642,0.0121515452861785,-0.0850475593084025,0.0607577264308929,5.32241979644699,4.99999979304297,1.0,0.9045340323696472,0.0,0.0607577264308929,-0.0850475593084026,0.0486061811447142,0.510975427135457,-0.0,-0.0006783371085881,0.0,0.1458052857392954,-0.0850475593084025,-0.0850475593084025,-0.0850475593084025,-0.0850475593084025,4.238529086359302,49.880001068115234,2026-04-06
2026-03-30,48.36000061035156,631.969970703125,30.61000061035156,85.77925109863281,77.62344360351562,27.979999542236328,48.22999954223633,48.720001220703125,48.09000015258789,58128900,0.0115038531951978,-0.0198621714472152,-0.0184696537235107,-0.014024539249375,-0.0524641471811533,0.0136107382026005,0.0107687113749553,0.009205415664401,1.4785575383280236,-0.1032798088359385,-0.0447536377449251,-0.0083661298374076,-0.0104451161225267,-0.0207548473123009,-0.0684341580677136,-0.0766202836729939,-0.0747312259983248,-0.0037284694958401,-0.00269452516774,-0.001989039513991,-0.0008010316901839,-0.0001891437643763,-0.1381456276232109,-0.0083661298374076,-0.0104451161225267,0.0130273172076921,0.0026954399616236,36.21462091509457,-0.8173835603667428,-0.841838765363995,0.0244552049972522,0.0744320284341217,0.2211570375155019,0.0542994391069747,0.3459260357933769,0.0181245770109362,0.8452041453413376,-0.0488627078810953,-0.0033434623831846,-0.035719787001853,-0.0767565146104929,-0.0689091666700699,30.61000061035156,-0.0141706485513793,0.1705545337240031,0.1854233005052501,1.8416567635933656,0.9473665847804472,0.2084485077990077,0.0133115420322671,0.0045144486210646,-0.0315812847537027,-0.0097568201577072,0.0045144486210646,-0.0080553712078026,-0.007930599429989,0.0090155068203019,0.0152394805672244,0.0152394805672244,-1.4759916720975692,1.9962143245281196,0.0765226242578371,0.0257502431569316,0.5637727071637064,-0.0144633091292982,0.0409523127011621,-0.0091390609548791,0.0178891291616449,-0.0228808081119455,1.0776424563196347,1.3552346956796852,0.0172501332783423,58.09000015258789,-0.0064990774787376,-0.0559159189282536,-0.2285324084122766,63.61000061035156,-0.0031343168568425,-0.0557935782787982,-0.1060220948731899,54.40999984741211,-0.0062100484490938,-0.0680167669038761,-0.3441377533041709,159.2493133544922,-0.0362187126198209,-0.0677401725856077,-1.81293784494956,0.0,0.0,0.0,0.0,0.0,0.0,0.0,0.0,0.0,0.0,1.0,0.0,0.0,0.0,1.0,0.0,-0.0506547205150127,-0.0934847891330719,0.1517145633697509,0.1921811401844024,0.0966554433107376,0.0226002410054206,0.0388035923242569,-0.0813070982694625,0.0045998524874448,0.0466032214462757,0.0401500239968299,-0.0410964488983154,0.0586773678660392,0.014325326308608,-0.0080430582165718,-0.0347078517079353,-0.0380292236804962,-0.0698195770382881,0.0114439539611339,-0.003577949013561,-0.0202501323074102,-0.0241284612566232,0.0146097484976053,-0.0275094360113143,0.0328840799629688,0.0032201930880546,-0.0025835968554019,-0.005286643281579,-0.0107283927500247,0.0033915098756551,0.0,0.0,3.0,1.0,-0.0283491864361342,-0.0170095118616804,0.0202525754769642,0.0121515452861785,0.0,0.0,0.0,0.0,1.0,-0.5353033782125928,0.0,0.0,0.0,-0.0121515452861786,-0.2902831235375179,0.0,-0.0006783371085881,0.0,0.0,-0.0425237796542012,-0.056110463649682,-0.063190093718661,-0.0740382006628903,3.0947103857941065,49.880001068115234,2026-04-07
2026-03-31,49.369998931884766,650.3400268554688,25.25,85.6902847290039,78.36215209960938,27.780000686645508,48.91999816894531,49.459999084472656,48.5099983215332,85361900,0.0208849939782054,0.0065239490275554,0.0018263018428827,0.0012868444621048,-0.0309748444507871,0.0176241591047969,0.0127806593743944,0.0106066957995949,1.6616067601244204,0.4684932967938495,0.4136645456650185,0.0119706241569095,0.0100905888299311,0.001296516249075,-0.0473638235590612,-0.0567443571419483,-0.055329775904042,0.0003649272362728,-0.0015732353554614,-0.0016931581567559,-0.000639638539718,-8.579430303499995e-05,-0.1201458042460316,0.0119706241569095,0.0100905888299311,0.0192424708019572,0.0091987076815778,49.86159989215916,-0.7252074219487739,-0.8185124966809509,0.093305074732177,0.0683261009058198,0.5189754168888118,0.05578557235727,0.7145827971477181,0.0187103443023535,1.1850206678797086,-0.0300157679500743,0.0290679256989148,-0.0043479069355423,-0.0414709420124864,-0.041115094963389,25.25,-0.1751061909008567,-0.0630798038891793,-0.0253223243206828,-0.2572647597998005,-0.9633009201053973,-0.0798105135362319,-0.0010371548887342,0.007906046719988,-0.0306385147040204,-0.010836335345272,0.007906046719988,-0.0031323768425789,0.004926064032962,0.0036127305045956,0.0047016661811492,0.0047016661811492,0.1204685906611376,0.7218377277934731,0.0759141324432991,0.0170331971696364,0.5761446479961844,0.0071818078823133,0.0299594617946123,0.0100650004471178,0.0062011708923566,-0.0060320551671363,0.8681465429058433,0.9118512766668158,0.0061742087784251,59.54999923706055,0.0110356145049681,-0.0262088212059466,0.363986007592901,65.1500015258789,0.0125894503278245,-0.0263243381487628,0.4081908407207388,55.0,0.0051169366420067,-0.0483422132337798,0.3140658298621064,163.75767517089844,0.0026259550827898,-0.0367552651865771,0.1376314167983427,0.0,0.0,0.0,0.0,0.0,0.0,0.0,0.0,0.0,0.0,1.0,0.0,0.0,0.0,1.0,0.0,-0.0402046783163431,-0.0741989263064318,0.1204159287460193,0.1525342720485842,0.0767154761949587,0.0179378231733698,0.0307984316378352,-0.0645334866627133,0.0036509053387342,0.0369890013744625,0.0318670951645581,-0.0326182731066716,0.0465722577386378,0.011370019026036,-0.0063837795370137,-0.0275476401563664,-0.0301838148379768,-0.0554158350192766,0.0090830722782898,-0.0028398200140076,-0.0160725406636391,-0.0191507723905688,0.0115957650670447,-0.0218342538317061,0.0261001115631115,0.0025558689477593,-0.0020506021830634,-0.0041960115532795,-0.0085151309686586,0.0026918431721877,0.0,0.0,4.0,0.0,-0.0283491864361342,-0.0170095118616804,0.0202525754769642,0.0121515452861785,0.0,0.0,0.0,0.0,1.0,-0.4685212849341065,0.0,0.0,0.0,-0.0121515452861786,-0.2408983411788825,0.0,-0.0006783371085881,0.0,0.0,-0.0337511462783714,-0.0488469957370373,-0.0572327632280453,-0.0706947542715954,3.639661631075647,51.20000076293945,2026-04-08
2026-04-01,49.43999862670898,655.239990234375,24.540000915527344,85.6059341430664,78.55416107177734,27.729999542236328,49.79999923706055,49.84999847412109,49.13999938964844,61558300,0.0014178589495372,0.0340932274962988,0.0020267222094008,0.0147873295174536,-0.035065288182728,0.0176264546156791,0.0120519843339637,0.010497334175816,1.679136116019935,-0.2788550864027159,0.0110134696301216,0.0129901830516951,0.0100339890912206,0.0045464091733842,-0.0440446423849818,-0.0548635797742084,-0.0540120653447954,0.0004049342357445,-0.0017847418039918,-0.0020297246957341,-0.0005874384216874,2.4305533189032475e-05,-0.1188982951002939,0.0129901830516951,0.0100339890912206,0.0143608233048997,-0.0072289280294537,58.43906662133279,-0.6391411563994467,-0.78263822862465,0.1434970722252033,0.0577919958408025,0.5786684921889184,0.0575236557627858,0.7258233222391808,-0.0099465502158956,0.0804392545189887,-0.0155691231788773,0.00753446378289,-0.002405555665517,-0.0410148753010045,-0.0331632216545028,24.540000915527344,-0.0281187756226795,-0.0311882751898218,-0.0588866665930074,-0.6620334853253707,-1.0836177794226989,-0.2096617868435571,-0.0009843658030108,-0.0027099738681726,-0.0285512510176128,-0.0117661853121622,-0.0027099738681726,0.0044701539350056,0.0042173956721001,-0.0043088272025031,0.0010829883924412,0.0010829883924412,0.668912588354589,0.3417531326175713,0.0754532680598823,0.0105440035968242,0.5775300406638147,0.0099478382822644,0.0215839915086735,0.0189509223681902,0.0044429656761719,0.0047495672807897,0.8331075256782153,0.903609738710195,0.0044322778749178,60.09999847412109,0.0153742163967796,-0.0223014151969093,0.4687058190423873,65.8499984741211,0.0198234286099814,-0.018778746546549,0.5870232714203453,54.70000076293945,0.0018315438024372,-0.055159586255002,0.1313879928903739,164.41598510742188,0.0054284836907083,-0.0447145602319246,0.2870151295329642,0.0,0.0,0.0,0.0,0.0,0.0,0.0,0.0,0.0,0.0,1.0,0.0,0.0,0.0,1.0,0.0,-0.0319104743267031,-0.0588917268368703,0.0955741859825794,0.121066531955563,0.0608891138070594,0.0142372596877133,0.0244447313904351,-0.0512202623077834,0.0028977254876715,0.0293581898465374,0.0252929301936951,-0.0258891405214582,0.0369644254634239,0.009024390081414,-0.0050668091762943,-0.0218645764817287,-0.0239569097131088,-0.0439835774026479,0.0072092392448302,-0.002253966638818,-0.0127567839786312,-0.0151999781193962,0.0092035648329014,-0.0173298587506955,0.0207156722758853,0.002028594528183,-0.0016275640312815,-0.0033303765768733,-0.0067584639286478,0.0021365173416321,0.0,0.0,5.0,0.0,0.0,-0.0170095118616804,0.0,0.0121515452861785,0.0850475593084025,-0.0607577264308929,0.0,0.0,1.0,-0.4685212849341065,0.0,0.0,0.0,-0.0121515452861786,-0.2060861521638461,0.0,-0.0006783371085881,0.0,0.0,-0.0267883025537097,-0.0425237796542012,-0.0518370680268537,-0.0675022925567429,3.751562687191096,51.33000183105469,2026-04-09
2026-04-02,49.52999877929688,655.8300170898438,23.8700008392334,86.13191223144531,78.74220275878906,27.86000061035156,48.83000183105469,49.810001373291016,48.59999847412109,39519800,0.0018203914864041,0.0241935102187502,0.0097859235413333,0.0162196075091975,-0.028213922101538,0.0172592522806278,0.0120455932764972,0.010491770169647,1.6450275174280573,-0.3580102114580812,-0.3407012125186659,0.0128419925422518,0.0102410840995252,0.0078474486262856,-0.0402688549792052,-0.0526401078260244,-0.0522689990848996,0.0019476702994725,-0.001430979160522,-0.0020793913427017,-0.0005426401751097,-2.332391798798953e-05,-0.1172943450580384,0.0128419925422518,0.0102410840995252,0.0244296977385691,0.014335386483582,58.684894466518216,-0.5572471623136153,-0.7375600153624432,0.1803128530488279,0.0477284066777853,0.6644188267013335,0.0632146920150062,0.7031488588001571,-0.0062441119198459,0.1054733630015943,-0.0100786798892474,0.0009004744280911,0.0166488238652948,-0.0347696466667223,-0.0314805083629951,23.8700008392334,-0.0273023655785608,-0.1301020271626181,-0.0847918786958604,-0.956041927995074,-0.918921513252711,-0.2201894686940601,0.0061441778965916,0.011924041801103,-0.0186195281073222,-0.0057845912790186,0.011924041801103,0.0035883914762697,0.0129987247337943,0.0101523091885449,0.0017979556047964,0.0017979556047964,1.1599687541662584,1.0800017773304869,0.0755226163619034,0.0111278147468287,0.575048173157989,0.0061071534345347,0.0195866665865835,0.0203389513283773,-0.0067505122347645,-0.0021129236696109,0.833226494847402,1.0196987577267589,-0.0068629003239615,60.2400016784668,0.0194618636471359,-0.0058748959781054,0.5200293749868533,66.0,0.0237319489735878,-0.0032536043940596,0.6127728285897122,55.18000030517578,0.0063833387275733,-0.0411009048785697,0.4912470199417366,165.7226104736328,0.0224615301190731,-0.0213667007781546,1.14023741408907,0.0,0.0,0.0,0.0,0.0,0.0,0.0,0.0,0.0,0.0,1.0,0.0,0.0,0.0,1.0,0.0,-0.0,-0.0,0.0,0.0,0.0,0.0,0.0,-0.0,0.0,0.0,0.0,-0.0,0.0,0.0,-0.0,-0.0,-0.0,-0.0,0.0,-0.0,-0.0,-0.0,0.0,-0.0,0.0,0.0,-0.0,-0.0,-0.0,0.0,0.0,0.0,6.0,0.0,0.0,-0.0170095118616804,0.0,0.0121515452861785,0.0,0.0,0.0,0.0,1.0,-0.4685212849341065,0.0,0.0,0.0,-0.0121515452861786,-0.1959229993958966,0.0,-0.0006783371085881,0.0,0.0,-0.0212618898271006,-0.0370191003314451,-0.0469500591979794,-0.0644539972925106,2.4727116021309814,50.77000045776367,2026-04-10
2026-04-06,49.880001068115234,658.9299926757812,24.170000076293945,85.99297332763672,78.88076782226562,27.82999992370605,49.5099983215332,50.0099983215332,49.45000076293945,27345800,0.0070664707741656,0.010330203509506,0.0432963738834071,0.0215240663644324,-0.0085742272606957,0.0080503511400052,0.0121662796752088,0.0102866588995182,0.7826010793243267,-0.3080481176524172,-0.5246508971962698,0.0114364804400382,0.0152036567987983,0.0154150307651912,-0.0317842025722502,-0.0456668685295994,-0.0456087751046438,0.0084770581727186,-0.0004305598713006,-0.0017269286767027,-0.0003006636697597,4.066278879112337e-05,-0.1110567313452003,0.0114364804400382,0.0152036567987983,0.0112268954811975,0.0074732934584065,58.21271116566081,-0.4588143956191075,-0.6818108914137762,0.2229964957946686,0.0446129512119091,0.8455281559825699,0.0461705027639293,0.7477010159173095,0.0036230696043303,0.877784058544433,-0.0041524439079912,0.004726797348638,0.0391741941495231,-0.0173271729167405,-0.0262129109309117,24.170000076293945,0.0125680446800595,-0.2215780782549842,-0.0637407823428229,-0.7466312070338057,-0.5422702813450223,-0.0427722742061803,-0.0016130943828954,0.0158362458349325,-0.0165473641337139,-0.0073563742280119,0.0158362458349325,0.0147813295845171,0.0173594622343284,0.005419061303342,-0.0003592036216604,-0.0003592036216604,1.3834903049527982,0.8005492207891477,0.0756984833328995,0.0130291811752405,0.5800474054789384,0.0144398652938591,0.0054632185028429,0.0078301182434619,0.0039667841610111,0.0270320419861613,0.8930195732480969,0.639633571208466,0.0041221797338839,60.869998931884766,0.0516585661470667,0.0281378112869286,1.1583400334052252,66.63999938964844,0.051601712369895,0.0326147171960706,1.1117826333207248,55.7400016784668,0.0408964047172311,-0.0222409480763278,2.995407249254741,166.739990234375,0.0561663503717009,-0.004439876988449,2.6111547731769678,0.0,0.0,0.0,0.0,0.0,0.0,0.0,0.0,0.0,0.0,1.0,0.0,0.0,0.0,1.0,0.0,-0.0,-0.0,0.0,0.0,0.0,0.0,0.0,-0.0,0.0,0.0,0.0,-0.0,0.0,0.0,-0.0,-0.0,-0.0,-0.0,0.0,-0.0,-0.0,-0.0,0.0,-0.0,0.0,0.0,-0.0,-0.0,-0.0,0.0,0.0,0.0,10.0,0.0,0.0,0.0,0.0,0.0,0.0,0.0,0.0,0.0,0.0,-0.4685212849341065,0.0,0.0,0.0,0.0,0.0035532167927461,0.0,-0.0006783371085881,0.0,0.0,-0.0084377865695928,-0.0212618898271006,-0.0315950468593305,-0.0535766051074194,3.50636424884663,51.65999984741211,2026-04-13
2026-04-07,49.880001068115234,659.219970703125,25.780000686645508,85.98304748535156,78.90056610107422,27.75,49.619998931884766,50.02000045776367,49.5,31750000,0.0,0.0088997260038059,0.0314309437258011,0.0123807713554717,-0.0038465716823271,0.0086151387848768,0.0119357403863183,0.0102352565611906,0.8417119680058779,0.1610558111300455,-0.4248854163440138,0.0052398503605419,0.01394481455786,0.0156141393230331,-0.0299847514972844,-0.0453124810729427,-0.0456474594873981,0.0061894207715882,-0.0001926994382759,-0.0018136176818034,-0.0003801659341139,4.265318709294095e-05,-0.1110567313452003,0.0052398503605419,0.01394481455786,0.010425029002176,0.0052398658167523,55.9642447638734,-0.3764660525323151,-0.620741923637484,0.2442758711051689,0.0433088995201627,0.8605295792788223,0.0196718981625024,0.766362214630103,-0.0029665753346019,0.0,-0.0031221534735959,0.0004400741058487,0.0431191374009145,-0.0254319644196124,-0.0251021341689438,25.780000686645508,0.0666115269039928,-0.1577915657431469,-0.0019163981696617,-0.0224724572331927,1.34859744714143,0.0505297361392342,-0.0001154262017123,0.0023758238048081,-0.0251465289977295,-0.0075195360693055,0.0023758238048081,0.0083917136727247,0.0164527936184055,0.0068940688584704,-0.0082201410292783,-0.0082201410292783,1.453821950030996,0.1598840273153949,0.0756651850442473,0.0114739110130548,0.5801143658767504,0.0134577012593675,0.0064836387868085,0.0054422166689671,-0.0112050419324452,0.0289862536894653,0.8997282364565751,0.7275157928856281,-0.0116881936751134,60.95000076293945,0.0492339577007927,0.0317414459717972,0.9947524250485732,66.75,0.0493632975871636,0.0368751397710356,0.9535039311142228,55.709999084472656,0.0238926528341532,-0.0069970334427669,1.5036882682955828,166.9594268798828,0.0484153643301918,-0.0025972745071122,2.0875088360096505,0.0,0.0,0.0,0.0,0.0,0.0,0.0,0.0,0.0,0.0,1.0,0.0,0.0,0.0,1.0,0.0,-0.0,-0.0,0.0,0.0,0.0,0.0,0.0,-0.0,0.0,0.0,0.0,-0.0,0.0,0.0,-0.0,-0.0,-0.0,-0.0,0.0,-0.0,-0.0,-0.0,0.0,-0.0,0.0,0.0,-0.0,-0.0,-0.0,0.0,0.0,0.0,11.0,0.0,0.0,0.0,0.0,0.0,0.0,0.0,0.0,0.0,0.0,-0.4685212849341065,0.0,0.0,0.0,0.0,6.643645101894034e-16,0.0,-0.0006783371085881,0.0,0.0,-0.0066970756384274,-0.0185095501657225,-0.0286163816140226,-0.0511571715528434,3.738380852305864,51.77999877929688,2026-04-14
2026-04-08,51.20000076293945,676.010009765625,21.040000915527344,86.26092529296875,79.36573791503906,27.530000686645508,51.18999862670898,51.47999954223633,50.959999084472656,48175400,0.0264635057449507,0.0337169801090451,0.0370670826543773,0.0389610801786219,0.0280301110225427,0.0110135801626446,0.0143194659445669,0.0117438050975704,0.9378203344930146,0.5173354330708662,-0.1090747862398274,0.0242868143164476,0.0367310715519055,0.0410113440355432,-0.002942925656413,-0.0198005786261344,-0.0205424113828394,0.0072793232621512,0.0013822228740981,-0.0013275308058582,-0.000253786148112,0.0001593313408773,-0.0875321760482187,0.0242868143164476,0.0367310715519055,0.0101562587893566,0.0001953923910685,72.38484678024031,-0.2023587875349477,-0.5370652964169768,0.334706508882029,0.0564477900879954,1.2265358656487957,0.0566172522135674,0.9289649067537682,0.015224512375269,2.4028066215835726,0.0179731816810255,0.0254695546383276,0.0394716330690516,0.0009985811633916,0.0001266756617206,21.040000915527344,-0.1838634462711076,-0.166732637008818,-0.1792470977414154,-1.8795504373567324,-1.626485890228195,-0.1185588531297656,0.0032317743525493,0.0066593379374277,-0.0114714645505114,-0.0043049928229913,0.0066593379374277,0.017796174365525,0.0128070221215208,-0.0043399252636642,-0.0089992798351578,-0.0089992798351578,2.2264503511204894,-1.6453459431502404,0.0757385246125137,0.0111084116634736,0.5935480124870958,0.0348646068746738,0.0038735831393634,0.0239923258565732,-0.0023132429382176,0.030206588833967,0.9374364057464468,1.0703656891023037,-0.0024045504146743,62.70000076293945,0.0528967517419971,0.0629748290560427,0.9423819070055176,68.69000244140625,0.0543361601322631,0.0675051144190455,0.9245768427250874,56.97999954223633,0.0359999916770241,0.021618669900945,1.6986795886477328,172.09617614746094,0.0509197566945207,0.0390631153850229,1.8463838878785697,2.0,1.0,1.0,0.49999999975,0.49999999975,0.5,0.5,0.0,0.031470158137381,0.0390316313132643,0.9294982254505156,-0.0075614731758833,0.1717433099968787,0.277148012639921,0.5511086882863555,-0.1054047026430423,0.2742888554930687,0.1178774498403072,-0.0701459348201751,0.0268851779401302,0.1310271620750427,0.0601806119084358,-0.0142122767865657,-0.0695666838437318,0.0586312264204025,-0.0154956392943859,0.0119036473333835,0.0048327967524528,-0.1054096110165119,-0.0751381404697895,-0.1116225272417068,-0.007703274488449,0.1217361837625503,-0.032847105525434,-0.0330878980457782,-0.0277997367084026,0.026144178584218,-0.0463941730558872,0.0021098162978887,0.042852422222495,-0.0444737533107399,0.0515878424048423,-0.035344460979104,0.0518531315028667,0.0268301591277122,-0.0150226904079318,0.0,0.0,0.0,0.0,-0.0351349008810141,-0.0210809405286084,-0.0025204910586278,-0.0015122946351766,-0.1054047026430423,-0.0075614731758833,6.964462320501075,4.999999909795502,2.0,2.177324212844292,0.49999999975,-0.0075614731758833,-0.1054047026430423,-0.0060491785407067,-0.0943349872016264,-0.0527023513215211,-0.0507455708640332,0.5,0.097843229467159,-0.1054047026430423,-0.1054047026430423,-0.1054047026430423,-0.1054047026430423,1.8768034989830369,52.16999816894531,2026-04-15
2026-04-09,51.33000183105469,679.9099731445312,19.489999771118164,86.04258728027344,79.45480346679688,27.479999542236328,50.93999862670898,51.540000915527344,50.79999923706055,30330500,0.0025390833237903,0.0290697821148671,0.0382282212144857,0.0403324214088478,0.0393605761161179,0.0108730263771965,0.0142978188944389,0.0115139278333767,0.9443367711009032,-0.370415191155652,-0.4252856683899917,0.0191803890812405,0.0351921265325805,0.0415961983983448,0.0007831161955558,-0.0170838838369176,-0.0181598538572366,0.0075031253743821,0.0019302846704912,-0.0011531579234627,-0.000232653937297,0.0001094408234659,-0.0852153442129274,0.0191803890812405,0.0351921265325805,0.0144165527385408,0.0076561290706673,72.9229423177929,-0.053273423057341,-0.4403069217450496,0.3870334986877086,0.0685015379667951,1.1072301386650296,0.0664030532059135,0.7888479995304245,-0.0071508440478319,0.2335212848921415,0.0112223873561667,0.0057690911710883,0.037650301077216,0.0080386860294687,0.0062278925315508,19.489999771118164,-0.0736692527073652,-0.2057865100246945,-0.232616760630258,-2.115251429302924,-1.3274976713003044,-0.1936284770543277,-0.0025311346006754,0.0051007344476527,-0.0010739688636718,-0.0068252163300891,0.0051007344476527,0.0157309902165314,0.0114652410862943,-0.0079422821170991,-0.0090155068203019,-0.0090155068203019,2.066856032919321,-1.9240492682793533,0.0754952918158523,0.0063330074317475,0.5965650668296776,0.038024764249722,0.0050023909623215,0.0378654797991175,0.0005569507729819,0.0329593697740535,0.9358342038637908,1.052389358237254,0.0005779201372697,63.59999847412109,0.0582362743570965,0.0905481554780063,0.9173295709186344,69.8499984741211,0.0607441168213844,0.0980879368309535,0.9087133746447348,56.88999938964844,0.0400365374070115,0.0321566962064809,1.5023181142691602,170.94912719726562,0.0397354435189212,0.0400583151168218,1.251559768130998,0.0,0.0,0.0,0.0,0.0,0.0,0.0,0.0,0.0,0.0,1.0,0.0,0.0,0.0,1.0,0.0,0.2177032088764253,0.0935593939399161,-0.0556748653624194,0.0213387798722574,0.1039963274571653,0.0477653833257704,-0.0112802915609288,-0.0552151135577395,0.0465356352489663,-0.0122988970584139,0.0094479311496357,0.003835793324396,-0.0836636637075848,-0.0596371816123391,-0.0885948585834172,-0.0061140930132819,0.0966220730836332,-0.0260707649325922,-0.0262618820826424,-0.0220646656476786,0.020750648293716,-0.036823079557055,0.0016745623053641,0.034011990057687,-0.0352988413952214,0.0409452976511082,-0.0280529172697393,0.041155857747748,0.0212951114119023,-0.0119235172784717,0.0,0.0,1.0,2.0,-0.0351349008810141,-0.0210809405286084,-0.0025204910586278,-0.0015122946351766,0.0,0.0,0.0,0.0,2.0,-0.544331053211073,0.49999999975,0.0,0.0,0.0015122946351765,0.0285481523466645,0.0,0.0019567804574879,0.5,0.0,-0.0836597679289803,-0.0917601232599609,-0.0954675335085038,-0.100644795331383,1.3545039596263109,52.02999877929688,2026-04-16
2026-04-10,50.77000045776367,679.4600219726562,19.229999542236328,85.83418273925781,79.13809967041016,27.440000534057617,51.22999954223633,51.290000915527344,50.63999938964844,35427500,-0.0109098257026013,0.01784281015618,0.0250353666268432,0.0350662843518161,0.0450742593519024,0.0136850828824318,0.0147670575888543,0.0111179471095008,1.230900049869574,0.1680486638861871,-0.3074168804953716,0.0031217777785281,0.0203589464731899,0.0279487647552205,-0.009110466820436,-0.0277226242371027,-0.0288530105419966,0.0049454232042619,0.0022043972236393,-0.0010133570140676,-8.91316990323669e-05,-1.9628488947589013e-05,-0.0951954853629785,0.0031217777785281,0.0203589464731899,0.0128028662599609,-0.0089790960098176,65.8552408943632,0.0194659799951537,-0.348352341397009,0.3678183213921627,0.0720146519821444,0.8880983103570413,0.0552929272874648,0.5564588986634432,-0.0168574290879947,-0.7972056142532488,0.0023841296297552,-0.0006617805145495,0.0360306851883167,0.0229043357050739,0.005870148685503,19.229999542236328,-0.0133401863486486,-0.1943863064039208,-0.2306461557592842,-1.8759416145063663,-0.9319220179837272,-0.2540729623720372,-0.0024221091857311,-0.0034566687825003,-0.0015456331868816,-0.0091629918372841,-0.0034566687825003,0.018091839385752,0.0050277601813331,-0.0133045285505267,-0.0150753792926296,-0.0150753792926296,1.318534499858265,-1.9173936402913396,0.0747211003089845,-0.0050379036080923,0.5914892975912625,0.0268357372944556,-0.0172917970491365,0.0264175305742562,-0.0106129275113842,0.028590864558327,1.0972568925814223,1.2910570457958055,-0.0109953185614735,62.84000015258789,0.0431606640384687,0.0884641608818439,0.6310203283020906,68.94000244140625,0.0445454915364582,0.0926628762084404,0.6187870337706033,55.900001525878906,0.0130482279217309,0.0180542168398478,0.4469187310350918,169.552734375,0.0231116556179071,0.057834320976583,0.630689163735856,0.0,0.0,0.0,0.0,0.0,0.0,0.0,0.0,0.0,0.0,1.0,0.0,0.0,0.0,1.0,0.0,0.1727911513936451,0.074258140180865,-0.0441891699222462,0.0169366008084696,0.0825419398031667,0.0379114098694961,-0.0089531733451632,-0.0438242646730496,0.0369353581741087,-0.0097616410642874,0.0074988279229274,0.0030444711791394,-0.0664038938904669,-0.0473340624139228,-0.0703177858571451,-0.0048527588405575,0.0766889902281538,-0.0206923798398062,-0.0208440696223257,-0.0175127367302258,0.0164698004652335,-0.0292264976127889,0.0013291009825606,0.0269953343985521,-0.0280167089820165,0.0324983042822601,-0.0222656151923805,0.0326654259417144,0.0169019411285168,-0.0094637019355035,0.0,0.0,2.0,0.0,-0.0351349008810141,-0.0210809405286084,-0.0025204910586278,-0.0015122946351766,0.0,0.0,0.0,0.0,2.0,-0.544331053211073,0.49999999975,0.0,0.0,0.0015122946351765,0.0273064024709532,0.0,0.0019567804574879,0.5,0.0,-0.0664008018089394,-0.0798818269920808,-0.0864672042675593,-0.0960998377994534,3.217331442935071,52.43000030517578,2026-04-17
2026-04-13,51.65999984741211,686.0999755859375,19.1200008392334,86.09220886230469,79.43501281738281,27.3799991607666,50.5,51.66999816894531,50.41999816894531,33635900,0.0175300252437231,0.0089843569847292,0.0356856203123601,0.0805270521550725,0.062089409056476,0.0148264421615259,0.0112720192179406,0.011623955641826,1.2755073524772578,-0.050570884200127,-0.3333450930477493,0.0135771276719158,0.0302740146592193,0.0427805873513473,0.0089862050449078,-0.0106671555048222,-0.0119098898432915,0.0070127284976932,0.003011905429737,-0.0006991167635915,-1.1661394132510309e-05,8.376864599384201e-05,-0.0793342393807568,0.0135771276719158,0.0302740146592193,0.0241966706096035,0.0229702940081605,68.18873288176296,0.1472308085695459,-0.249235711403698,0.396466519973244,0.0810795331818889,1.027637316995598,0.0538990859584831,0.7518990337308132,0.0145352395821467,1.1823486626389836,0.0023474753251041,0.0097723977843517,0.0412334894634625,0.0387801732972592,0.0157595537294668,19.1200008392334,-0.0057201614987734,-0.2089366661613547,-0.2224955525383349,-1.6621762895054666,-0.6429099861600555,-0.091254752507021,0.0030060998405576,0.0011539958537063,0.0064318544066832,-0.0060700445307788,0.0011539958537063,0.0245078002354113,0.0070263640988639,-0.0165230240409509,-0.0161696286084476,-0.0161696286084476,1.6144839370473452,-1.985593773211193,0.0752951489369954,0.0015040993293431,0.6000542967835426,0.0388691672574623,-0.0013825216449788,0.0624562473808856,-0.0053281701052095,0.0344918210401867,1.0293054948760292,1.4051163078122626,-0.0055478691511023,63.369998931884766,0.041071135926872,0.102390376724444,0.560217155441699,69.38999938964844,0.0412665069805984,0.1058943734340784,0.5362139753043138,56.91999816894531,0.0211696529412621,0.032514595862146,0.649797230850906,172.78439331054688,0.0362504703741175,0.073937187428988,0.8487920813906955,2.0,1.0,0.0,0.49999999975,0.0,0.0,1.0,0.0,0.0642967130988836,0.0464062374085187,0.8892970681190491,0.0178904756903648,0.0521674549491389,0.2556073586958493,0.6922251989654448,-0.2034399037467104,-0.0152515284717082,-0.0106737613677978,-0.0073220133781433,0.0518831070512533,-0.0284118130803108,-0.0993032120168209,0.0777184851467609,0.1501793935894966,0.016204722225666,-0.1280790567398071,0.0632187202572822,0.0477158911526203,-0.0592186376452446,-0.1145573258399963,0.1949124485254287,0.0728871896862983,0.0551775880157947,-0.0725367255508899,0.0066808685660362,-0.1064041815698146,-0.0004911497235298,0.035933431237936,-0.0507373344153165,0.0002617174759507,-0.0029208026826381,0.0225255182012915,0.0239578485488891,0.0170691236853599,-0.0037022717297077,0.0251113306730985,0.0,0.0,0.0,0.0,-0.0678133012489035,-0.0617689212779505,0.0059634918967882,0.0020658005028963,-0.098035201103668,0.0254519488662481,4.797837199785175,2.398918622406847,4.0,2.177324212844292,0.499999999875,0.0178904756903648,-0.2034399037467103,0.0158246751874684,0.8868286992652281,-0.0,0.0019567804574879,0.5,0.2213303794370752,-0.2034399037467104,-0.2034399037467104,-0.2034399037467104,-0.2034399037467104,1.860253494648637,52.630001068115234,2026-04-20
2026-04-14,51.77999877929688,694.4600219726562,18.36000061035156,86.54872131347656,79.67254638671875,27.31999969482422,51.5099983215332,51.90999984741211,51.43999862670898,36498400,0.0023228597026558,0.0087667432727411,0.0380913727044038,0.0707195642221156,0.0557032156686088,0.0145817642482969,0.0113135028603499,0.0115571743517647,1.261706585257473,0.0851025243861469,-0.2699393553041881,0.0084131502839308,0.0256714753911411,0.0423286422827695,0.0120916266957917,-0.0082809009730142,-0.0096717841458306,0.0074767617046117,0.0027103550007471,-0.0007280224176494,-8.91808534472296e-05,5.854763013295707e-05,-0.0771956619857993,0.0084131502839308,0.0256714753911411,0.0090768874427058,0.0052417096983441,68.71257399541551,0.2552261781320837,-0.1483433334965417,0.4035695116286254,0.0896593334407746,0.9721052528315997,0.0311666956507804,0.7699403997844135,-0.0005993880549245,0.1592989369326994,0.0001109177938588,0.0121848807523701,0.0534571961343102,0.0408450451693238,0.0280323233037411,18.36000061035156,-0.039748964201003,-0.2878200108092951,-0.2455001075460402,-1.6731758799616363,-1.105397242319551,-0.0579784081086098,0.0053025988902435,0.006578899500176,0.0039955861455664,-0.0007761655624322,0.006578899500176,0.0263979886497887,0.0097842173230493,-0.0235882722734083,-0.0154955064928209,-0.0154955064928209,1.7349392441804448,-1.981878347970324,0.0745615257048384,-0.008945513893351,0.5982757225465117,0.0331691840553594,-0.0256276960182507,0.061200222969975,-0.0145860918566902,0.0313065108158687,1.104043024627585,1.5071591335788932,-0.0153658234299063,63.34999847412109,0.0393765001007342,0.095599918800576,0.5189247679473343,69.29000091552734,0.0380524481726942,0.0982101684315117,0.4792537006679314,56.79999923706055,0.0195656106713471,0.0238705659867213,0.563775584846984,175.1981658935547,0.0493457552390805,0.0784873844598939,1.032469939565501,0.0,0.0,0.0,0.0,0.0,0.0,0.0,0.0,0.0,0.0,1.0,0.0,0.0,0.0,1.0,0.0,-0.0121051461700563,-0.0084717700118499,-0.0058114858694949,0.0411796493562691,-0.0225504709860046,-0.0788170116096613,0.0616852025396716,0.1191974636839566,0.0128616965539373,-0.1016564147019322,0.0501767315202465,0.0378721279056347,-0.0470018638470924,-0.090924209774537,0.1547021129154815,0.0578506007915178,0.0437944806306702,-0.0575724372229056,0.0053026088948935,-0.0844530548788695,-0.0003898257939025,0.0285203832739633,-0.0402702490124679,0.0002077252983213,-0.0023182426255056,0.0178785156444295,0.0190153569947007,0.0135477724471578,-0.002938495019205,0.0199308763633989,0.0,0.0,1.0,2.0,-0.0678133012489035,-0.0617689212779505,0.0059634918967882,0.0020658005028963,0.0,0.0,0.0,0.0,4.0,-0.4818998729115495,0.499999999875,0.0,0.0,-0.0020658005028963,0.2950443851928852,0.0,0.0019567804574879,0.5,0.0,-0.1614703586099186,-0.177104722803608,-0.184260335078967,-0.1942528839928897,0.9992405734532912,52.29999923706055,2026-04-21
2026-04-15,52.16999816894531,699.9400024414062,18.170000076293945,86.1716079711914,79.6329574584961,27.290000915527344,52.06999969482422,52.33000183105469,51.81999969482422,33804700,0.0075318539753301,0.0275752944368459,0.0189452615537455,0.0567145897840442,0.0580744171019331,0.0102785105271764,0.0102160449858595,0.0115938155329033,0.8865510764299145,-0.0738032352103106,-0.3147953823629745,0.0121842061674319,0.0276967581686027,0.0471613339429397,0.0203765662419499,-0.0007942538839965,-0.0022933552580115,0.003753606997966,0.0028225334243998,-0.0006244057317042,-1.7173535028248115e-05,8.160528451493584e-05,-0.0702452344640751,0.0121842061674319,0.0276967581686027,0.0097757744705855,0.00192046235274,70.1854400425766,0.3680404368994061,-0.0450665794173521,0.4131070163167583,0.0995749483971312,0.9736264964441452,0.0408057973608307,0.7985900767896146,-0.0016599108369517,0.7327767211639469,0.0005577023924239,0.0078909948670389,0.0353988732860299,0.0463059827796528,0.0358847584988051,18.170000076293945,-0.0103486126220765,-0.1364068780584206,-0.2468081629065153,-1.5636808435312144,-1.222491821540295,-0.0551221784282534,-0.0043572375947561,-0.0010354319928055,-0.0031224892571206,-0.005130281191774,-0.0010354319928055,0.0162170808845492,0.0033669383096153,-0.0176385802378226,-0.0087177539096315,-0.0087177539096315,1.4940378429071142,-1.839869733119432,0.0745349572634443,-0.0098441856159539,0.6054198058644398,0.0423548235766098,-0.0181675682177485,0.0508121666495968,-0.0158910852201972,0.0200014036397806,1.343010536885372,2.1026890407677965,-0.0164536117322844,63.34999847412109,0.0103667895258756,0.0944708430158607,0.13515493405987,69.16999816894531,0.0069878542797914,0.0964808844363269,0.0873229972205289,57.380001068115234,0.0070200338556059,0.0289740812046732,0.1911707885074631,178.9385223388672,0.0397588508041188,0.0874703625780626,0.7526932825371995,0.0,0.0,0.0,0.0,0.0,0.0,0.0,0.0,0.0,0.0,1.0,0.0,0.0,0.0,1.0,0.0,-0.0096078608822881,-0.0067240483144216,-0.0046125793913673,0.0326843093539115,-0.017898320682781,-0.062557103571083,0.048959577701173,0.0946070896219269,0.0102083353199079,-0.0806847498185814,0.0398252981997826,0.0300591278388394,-0.0373054040576703,-0.0721665931227386,0.1227871483918693,0.0459160522767239,0.0347597023117634,-0.0456952737060067,0.004208683468965,-0.0670304340783228,-0.0003094049376626,0.0226366432058127,-0.0319625178227064,0.0001648716785378,-0.0018399903912226,0.0141901872707986,0.0150924988484693,0.010752874117222,-0.0023322850423447,0.0158191470529538,0.0,0.0,2.0,0.0,-0.0678133012489035,-0.040687980749342,0.0059634918967882,0.0035780951380729,0.0,0.0,0.0,0.0,2.0,-0.4818998729115495,0.49999999975,0.0,0.0,-0.003578095138073,0.1484535575788816,0.0,0.0019567804574879,0.0,0.0,-0.1281591085595336,-0.1541786161990848,-0.1668889458662172,-0.1854807353159949,0.076644795052852,52.209999084472656,2026-04-22
2026-04-16,52.02999877929688,701.6599731445312,17.940000534057617,85.62577819824219,79.52408599853516,27.3700008392334,52.09000015258789,52.40999984741211,51.91999816894531,25432000,-0.0026835229933317,0.0071621938245767,0.0136371892318671,0.0523867359330527,0.0679487253770922,0.0106959266802185,0.0104805314511468,0.0111493138885953,0.9593348817477024,-0.2476785772392596,-0.4717605741093514,0.006733477382776,0.0197361743914841,0.0408930245509755,0.0179363191398691,-0.0034835663741024,-0.0049973304794328,0.0027090079192526,0.0032869864719472,-0.0002851796127126,7.980127300869736e-06,2.6946190170882415e-05,-0.0727402527555505,0.006733477382776,0.0197361743914841,0.0094176761476644,-0.0011518789233106,71.72012342720126,0.4410654411821895,0.0521598247025561,0.3889056164796333,0.1044126755557628,0.8916480861477031,0.0424107535039363,0.6587681619981374,-0.0050709209348573,-0.2508920285890456,-0.0035270188444306,0.0024573116226043,0.0319895292893086,0.0637198522413533,0.0377666220143748,17.940000534057617,-0.0126582026015731,-0.0795279248467442,-0.24515598338104,-1.441941040968117,-1.0785424127087893,-0.0617154944237487,-0.0063342182628377,-0.0048442183714623,-0.0038552966126893,-0.0115431141748831,-0.0048442183714623,0.0123472125922339,0.0008719741125182,-0.012982283048891,-0.0040028640769758,-0.0040028640769758,1.202356410307662,-1.2863458421903824,0.0741527246397159,-0.0151140235656284,0.6076440982391562,0.0425178297264765,-0.0172364094174726,0.0521428418523965,-0.0177834556810666,0.0185713713817603,1.349740846367595,2.0172989606361336,-0.0183523400574414,63.11000061035156,-0.0077043691120356,0.1030180886905081,-0.1015363807117714,68.83000183105469,-0.0146026723743495,0.1055532517288504,-0.1848468295856764,57.65999984741211,0.0135349000883233,0.0520135967010342,0.3393005594816276,176.6344757080078,0.0332575462885027,0.0839812436938591,0.5978354483089611,0.0,0.0,0.0,0.0,0.0,0.0,0.0,0.0,0.0,0.0,1.0,0.0,0.0,0.0,1.0,0.0,-0.0076257642358541,-0.0053368806838989,-0.0036610066890716,0.0259415535256266,-0.0142059065401554,-0.0496516060084104,0.0388592425733804,0.0750896967947483,0.008102361112833,-0.0640395283699035,0.0316093601286411,0.0238579455763101,-0.0296093188226223,-0.0572786629199981,0.0974562242627143,0.0364435948431491,0.0275887940078973,-0.0362683627754449,0.0033404342830181,-0.0532020907849073,-0.0002455748617649,0.017966715618968,-0.0253686672076582,0.0001308587379753,-0.001460401341319,0.0112627591006457,0.0119789242744445,0.0085345618426799,-0.0018511358648538,0.0125556653365492,0.0,0.0,3.0,0.0,0.0,-0.040687980749342,0.0,0.0035780951380729,0.2034399037467104,-0.0178904756903648,0.0,0.0,2.0,-0.4016096638060841,0.49999999975,0.0,0.0,-0.003578095138073,-0.0069047363085217,0.0,0.002635117566076,0.0,0.0,-0.1017199518733552,-0.1342202811803302,-0.151155267575091,-0.177104722803608,-0.4430317303810891,51.79999923706055,2026-04-23
2026-04-17,52.43000030517578,710.1400146484375,17.479999542236328,86.4097900390625,79.82100677490234,27.36000061035156,52.369998931884766,52.97999954223633,52.29999923706055,45183400,0.007687901888594,0.0125531390730506,0.0326964709955652,0.0585504057611865,0.0757196778713347,0.0075153247944041,0.0104364400212562,0.0111669906813689,0.6729945726513568,0.7766357345077068,-0.0484761548862326,0.007997868568855,0.021768366613512,0.0450374729436546,0.026015238877971,0.0041229445474677,0.0026144684059044,0.0064346628858701,0.003649495268666,-0.0002387921244494,5.433592877599241e-05,3.76275594353495e-05,-0.0656115707934926,0.007997868568855,0.021768366613512,0.0129696795959898,0.0011457203458998,88.37208123403546,0.5251613304632343,0.1467601258546918,0.3784012046085425,0.1098763760978897,0.9098922310973412,0.023631697857152,0.8384381696651801,0.0035035221975771,1.0229632219428737,0.0010065974435485,0.012085685130224,0.0451534920137155,0.0792352385336749,0.0496203347900401,17.479999542236328,-0.0256410801631814,-0.0910036423119168,-0.254186695302083,-1.3930554060532223,-1.2157922218657786,-0.0479303398072372,0.0091562594503393,0.0067060381008487,-0.0008240668816598,-0.0026307927258215,0.0067060381008487,0.0137004551348147,0.0086293088580129,-0.0179468768501829,-0.0029154490579095,-0.0029154490579095,1.4344623505923155,-1.2285675663376707,0.0738305112001494,-0.0192364631261968,0.606759954878657,0.037159637918652,-0.0224052772966106,0.0551463046069977,-0.0119188436084626,0.0258173010899462,1.371509715173237,1.8755503646982363,-0.0124570210181502,64.55999755859375,0.0273710598636118,0.1207656270963839,0.3622288222951136,70.37000274658203,0.0207426784817881,0.1200932211103238,0.2649127591850937,58.36000061035156,0.0440071380558693,0.079084138058677,0.9896980643258132,178.57945251464844,0.053238410886869,0.0943096079539482,0.9060733730231166,0.0,0.0,0.0,0.0,0.0,0.0,0.0,0.0,0.0,0.0,1.0,0.0,0.0,0.0,1.0,0.0,-0.0060525730850281,-0.0042358850059249,-0.0029057429347474,0.0205898246781345,-0.0112752354930023,-0.0394085058048306,0.0308426012698358,0.0595987318419783,0.0064308482769686,-0.0508282073509661,0.0250883657601232,0.0189360639528173,-0.0235009319235462,-0.0454621048872685,0.0773510564577407,0.0289253003957589,0.0218972403153351,-0.0287862186114528,0.0026513044474467,-0.0422265274394347,-0.0001949128969512,0.0142601916369816,-0.0201351245062339,0.0001038626491606,-0.0011591213127528,0.0089392578222147,0.0095076784973503,0.0067738862235789,-0.0014692475096025,0.0099654381816994,0.0,0.0,4.0,0.0,0.0,-0.040687980749342,0.0,0.0035780951380729,0.0,0.0,0.0,0.0,2.0,-0.4016096638060841,0.49999999975,0.0,0.0,-0.003578095138073,-0.2590996929746019,0.0,0.002635117566076,0.0,0.0,-0.0807351793049593,-0.1168455413873006,-0.1369049028209027,-0.1691069575819068,-1.9451786177107564,51.41999816894531,2026-04-24
2026-04-20,52.630001068115234,708.719970703125,18.8700008392334,86.38993835449219,79.75172424316406,27.31999969482422,52.34000015258789,52.7599983215332,52.2599983215332,26160600,0.0038146244855106,0.0088173838473266,0.0187766400226134,0.0551323163815624,0.0778430543826165,0.0042790025360953,0.0104416904875303,0.0111582361796004,0.3834837409549103,-0.4210130269081122,-0.4140652690786421,0.0080830840606049,0.0201985143666409,0.0450651029269868,0.0302331317710569,0.0079572153522704,0.0063781939085956,0.0037205069892972,0.0037480936130545,-0.0002840971923785,-3.856327208646185e-06,6.046353457863801e-05,-0.0620472298124636,0.0080830840606049,0.0201985143666409,0.0095002848157438,0.0055407129285803,87.65431185105597,0.6010181555137706,0.2376117317865075,0.363406423727263,0.1146871372590772,0.892939469970247,0.0255169739285846,0.8167728306353013,0.0008754965364017,0.8914749551694715,-0.0091712214790022,-0.0019996675529057,0.0329689490192297,0.0927424375158276,0.0469639323776847,18.8700008392334,0.0795195270822781,-0.0130753132336172,-0.1810606458343477,-0.966466019036688,1.3747536448477438,0.0385250831040298,-0.000229738835858,0.003458262903484,0.0182665290789039,-0.0029227739919296,0.003458262903484,0.0110414292982148,0.0039870507292465,-0.0183255562443394,-0.0021913611315356,-0.0021913611315356,1.2192043786690838,-1.275430514374394,0.0742606434751665,-0.0128495324599492,0.6092144764839796,0.0383668477745573,-0.0189943020576752,0.050283943570023,-0.0137393374796903,0.0152655847138136,1.2724198197460224,0.6895397532487161,-0.0141923089966162,64.83000183105469,0.0230393391790846,0.1272038442788494,0.3160232344160397,70.63999938964844,0.0180141232309403,0.1270661954918575,0.2404897779282048,58.400001525878906,0.026001465294162,0.0802212570995049,0.5468926741165275,179.6865997314453,0.0399469320616998,0.1008921889643792,0.6524755422510357,1.0,0.0,0.0,0.0,0.0,0.0,0.0,1.0,0.0458030775189399,0.0211871266365051,0.9330098032951356,0.0246159508824348,0.161892754530029,0.1674177990943263,0.6706894359324105,-0.0055250445642973,-0.1287889033555984,-0.0665823519229888,-0.354890763759613,-0.0045924857258796,-0.0013871192932128,0.0152223855257034,0.0584423616528511,-0.0789005383849144,0.0323806256055831,-0.0449340045452117,0.1851553916931152,-0.0209148898720741,0.0277988091111183,-0.0466912016272544,-0.0672698691487312,0.013552039861679,-0.0164494961500167,0.0428264886140823,-0.1287325918674469,0.0971377193927764,-0.057256881147623,0.1126250252127647,-0.1040868759155273,-0.0553673729300498,-0.0628283321857452,-0.0476772487163543,-0.0677008405327797,-0.0929663553833961,-0.0826706513762474,0.0195539891719818,0.0,0.0,0.0,0.0,-0.0018416815214325,-0.0011050089128594,0.0082053169608115,0.0049231901764869,-0.0055250445642973,0.0246159508824348,2.3910912867511778,4.999999850673004,1.0,1.0932163315129153,0.0,0.0246159508824348,-0.0055250445642973,0.0196927607059477,1.356918958282627,-0.0,0.002635117566076,0.0,0.0301409954467321,-0.0055250445642973,-0.0055250445642973,-0.0055250445642973,-0.0055250445642973,-1.570311232749663,51.810001373291016,2026-04-27
2026-04-21,52.29999923706055,704.0800170898438,19.5,85.91358184814453,79.54388427734375,27.46999931335449,52.709999084472656,53.18999862670898,52.20000076293945,34150100,-0.006270222769473,0.005189322777211,0.0100424965241903,0.0485164017065797,0.0614978435385711,0.0062565399827005,0.0109784357496695,0.0113053019320833,0.5534163940839756,0.3054020167733156,-0.1927243758702121,-0.0002293981260554,0.0090680940390956,0.0353975163852735,0.0239399019091874,0.0017286229473778,9.290125063321496e-05,0.0019984811469065,0.0029840485318166,-0.0001581372023612,-9.07209947688424e-05,-2.4856909985232628e-05,-0.0679284026287839,-0.0002293981260554,0.0090680940390956,0.018929213732531,-0.007778407409096,79.35868817368703,0.6272759988109584,0.3155445851913977,0.3117314136195607,0.117353692818889,0.8016310397654227,0.0177226504588931,0.4870562178841361,-0.0079999970285434,-1.0021867972751015,-0.0053460756631223,-0.0065469491549362,0.0138524822348466,0.0743080531053723,0.0396813290028714,19.5,0.0333862815446592,0.0620914679602839,-0.1413285307292929,-0.7427902325733298,1.3900365963979535,0.0869564893814163,-0.005514027621978,-0.0073385193413958,0.0060875234270389,-0.0083473872341693,-0.0073385193413958,0.008153530551928,-0.0016148863719065,-0.0100901148340724,0.0054904692608284,0.0054904692608284,0.8555131562394076,-0.5645957132189034,0.0742813287802582,-0.0119858880291466,0.6087512371385324,0.0347750292644364,-0.0182892074231997,0.0493641822134536,-0.0037579290650431,0.0175095097414825,1.205492476439115,0.8385784555251383,-0.0038099857106563,64.1500015258789,0.0126283041993224,0.0971438376362578,0.1767856307340919,69.62999725341797,0.0049068600577033,0.0912082080374789,0.0674709558151159,58.380001068115234,0.0278169340189669,0.0663013893719677,0.5586058363343418,177.71168518066406,0.0143467214641763,0.0755160767610938,0.2289981549344339,1.0,0.0,0.0,0.0,0.0,0.0,1.0,0.0,0.0417491793632507,0.0235859919339418,0.934664785861969,0.0181631874293088,0.0542657339816178,0.0779370650235523,0.8677972138549638,-0.0236713310419344,0.191615805029869,-0.0040735825896263,0.1377588659524917,-0.0731164440512657,-0.0441745594143867,-0.0965440794825553,0.0598871335387229,-0.068993255496025,0.0573542267084121,-0.0067794620990753,0.1290375590324401,-0.0172989517450332,0.0550901591777801,-0.047911487519741,-0.0134134367108345,-0.0378453731536865,-0.0527775436639785,0.0197989139705896,0.0035519823431968,-0.0616798847913742,0.0407686196267604,0.028554193675518,0.2001596838235855,-0.0712423920631408,-0.0544046983122825,-0.0274570118635892,0.0681045055389404,-0.0472680181264877,-0.151043027639389,-0.1615052968263626,0.0,0.0,0.0,1.0,-0.0097321252020773,-0.0058392751212462,0.0142597127705811,0.0085558276623487,-0.0236713310419344,0.0181631874293088,1.0016198280246775,1.5882518513644877,2.0,0.994134845251958,0.0,0.0181631874293088,-0.0236713310419345,0.00960735976696,0.5839928263300239,-0.0,0.002635117566076,0.0,0.0418345184712432,-0.0236713310419344,-0.0236713310419344,-0.0236713310419344,-0.0236713310419344,-0.8641451236304455,51.84999847412109,2026-04-28
2026-04-22,52.209999084472656,711.2100219726562,18.920000076293945,86.08228302001953,79.67254638671875,27.479999542236328,52.47999954223633,52.650001525878906,52.06999969482422,31838400,-0.0017208442428449,-0.0041960942098527,0.000766741746814,0.0197265294234971,0.0594561764966339,0.005545186963276,0.0080184563970792,0.0113389266778659,0.4890398034816368,-0.0676923347222995,-0.237038102084831,-0.0021024581611847,0.0053725006243847,0.0306266308483145,0.0224870982879121,5.674388948406772e-05,-0.0016427371870306,0.0001532895901057,0.0028877867716239,-0.0002932790951971,-5.1775503399859454e-05,1.4703909775299256e-05,-0.0695323526710394,-0.0021024581611847,0.0053725006243847,0.0111090182192165,-0.005144825840678,77.64468231071396,0.6335204393779748,0.3791397560287131,0.2543806833492616,0.1183196242309621,0.7588465865014136,0.0172993190728353,0.3784658429425643,-0.0003221461728939,-0.3103310932364214,-0.0187389309158655,0.0101266968380706,0.0161014079663113,0.0888423251593368,0.0496837192786911,18.920000076293945,-0.0297435858310797,0.0412768297661434,-0.1518737744255972,-0.7917784474972331,0.4636656040443782,0.0823798954100767,0.0019636146956738,-0.0010365937606936,0.0125168080106996,-0.0062801569277332,-0.0010365937606936,0.0038657546661775,0.0004971425084054,-0.0018162420327666,0.0069622066813812,0.0069622066813812,0.9293307900363812,-0.478481443631224,0.0734101003521572,-0.0222500489240623,0.6065127137988494,0.0286206851691839,-0.030742931318889,0.0218427170826984,-0.0150916690984503,0.001805206773586,1.2330903064720644,0.7020873537393393,-0.0153346662194973,63.77000045776367,0.006629865726266,0.0826824924570677,0.0961692398441541,69.25,0.001156597270095,0.0763133966673512,0.0165752467940872,57.91999816894531,0.0094108938790198,0.0584794750887447,0.1852213677679809,178.70912170410156,-0.0012820080984641,0.0941679749885906,-0.0200527328227166,0.0,0.0,0.0,0.0,0.0,0.0,0.0,0.0,0.0,0.0,1.0,0.0,0.0,0.0,1.0,0.0,0.1520855652390738,-0.003233204644026,0.1093392843654658,-0.0580325601015766,-0.0350613710423146,-0.0766270866659549,0.0475324493893644,-0.0547599831765504,0.045522079905878,-0.0053808626339253,0.1024171784757521,-0.0137301870990064,0.0437250883159518,-0.0380273728450991,-0.0106462517726437,-0.0300378925781455,-0.0418895641662485,0.0157144084323709,0.0028192102540815,-0.0489553570015523,0.0323580748414054,0.0226634785393105,0.1588668463315909,-0.0565451240528803,-0.0431810376664649,-0.0217926447580824,0.054054581868144,-0.0375166508492192,-0.119882930483614,-0.1281868390403021,0.0,0.0,1.0,1.0,-0.0097321252020773,-0.0058392751212462,0.0142597127705811,0.0085558276623487,0.0,0.0,0.0,0.0,2.0,-0.5353033782125928,0.0,0.0,0.0,-0.0085558276623488,-0.6941957399135125,0.0,0.002635117566076,0.0,0.0,-0.018787947898727,-0.020607090572525,-0.0214396846893047,-0.022602371698775,-0.5569992757995046,51.91999816894531,2026-04-29
2026-04-23,51.79999923706055,708.4500122070312,19.309999465942383,85.89373016357422,79.54388427734375,27.530000686645508,52.08000183105469,52.16999816894531,51.29999923706055,44647900,-0.0078528989580857,-0.0157705075852169,-0.0044205179248985,0.009156387867524,0.0498581085704279,0.0065922415837348,0.0085914811704735,0.0115905922606967,0.5687579087162721,0.4023286346047541,0.0645544975608871,-0.0090676158559409,-0.0034245307846357,0.0200565043794294,0.0147653003060019,-0.0078214472547212,-0.0095024102921769,-0.0008860634607621,0.0024327510171542,-0.0002962431313537,2.527752896937233e-05,2.009362548238321e-05,-0.0768392210892814,-0.0090676158559409,-0.0034245307846357,0.0167953464227528,-0.0053763937048707,71.29454083761502,0.5984866606625303,0.4230091369554766,0.1754775237070537,0.1170076949250219,0.6714118408390273,0.0236011928299498,0.1157984081027366,-0.0025960630963467,-1.1912333107190771,-0.0294389540434971,-0.0038807239498251,0.0096771076053689,0.0786060173366902,0.0452282676202868,19.309999465942383,0.0206130754796927,0.0763656015106541,-0.1225519497578011,-0.6320712036945859,0.6235547277436458,0.0233173612686949,-0.002190379365304,0.0031293375776586,0.000642785536721,-0.0084040258214261,0.0031293375776586,0.0011211507254447,0.0002489595266641,0.0018195467700909,0.0058458108332521,0.0058458108332521,0.679617452796506,-0.2157216385546758,0.0731173665671742,-0.0248487735197793,0.6030707845428731,0.0203372542735817,-0.0314976628539738,0.0109052944513978,-0.0139625088298798,-0.00752630315926,1.2128439250864782,0.772376438491241,-0.0140976255302674,64.33000183105469,0.0193313454112535,0.0868390492245478,0.2988199898814458,70.0,0.0169983748048867,0.0840947859817171,0.2614969873478449,58.2599983215332,0.0104058008274174,0.0670329661116537,0.2020607526453129,175.83651733398438,-0.0045175686729612,0.0752667563622579,-0.072221657012806,1.0,0.0,0.0,0.0,0.0,0.0,1.0,0.0,0.0167245231568813,0.9122427701950072,0.0710326954722404,-0.895518247038126,0.053682865448332,0.1789392861901023,0.7673778642127808,-0.1252564207417703,-0.2606155276298523,0.1007429733872413,-0.2304998487234115,-0.0248613990843296,0.0145182833075523,0.0553450882434845,0.0023443177342414,-0.0483900904655456,0.0225164704024791,-0.1158166825771331,0.0126419439911842,-0.0452395007014274,0.0096004903316497,0.0086165592074394,-0.0831307098269462,-0.0651978552341461,-0.0477873533964157,-0.0277611874043941,-0.0700309872627258,-0.0203485414385795,0.0230353325605392,0.0342378690838813,0.0314881950616836,-0.0175547245889902,0.0839956179261207,0.0003300178796052,0.0449337400496006,0.0027730390429496,0.1124342605471611,-0.0098721552640199,0.0,0.0,0.0,0.0,-0.0496425839279016,-0.0308905592696003,-0.2924516865362724,-0.1705478217452764,-0.119731376177473,-0.9201341979205608,2.6318412474247523,2.1086701755320725,3.0,0.9045340323696472,0.0,-0.8955182470381259,-0.1252564207417703,-0.7249704252928495,-4.342377364046094,-0.0,0.002635117566076,0.0,0.7702618262963556,-0.1252564207417703,-0.1252564207417703,-0.1252564207417703,-0.1252564207417703,0.6350484732591828,52.130001068115234,2026-04-30
2026-04-24,51.41999816894531,713.9400024414062,18.709999084472656,86.05252075195312,79.65275573730469,27.479999542236328,51.58000183105469,51.66999816894531,51.31999969482422,27225300,-0.0073359280639402,-0.0168260244923991,-0.0192638209107689,0.0128027911231236,0.04831802178896,0.0049322785839259,0.008104056435174,0.0116504979601514,0.4233534203810425,-0.3902221605047493,-0.3367760509243194,-0.0125211476073505,-0.0119708915204841,0.0102160778316058,0.0077484687052178,-0.0150430995118888,-0.0167347864565962,-0.0038903572354215,0.0023593497885457,-0.0004158143597751,-5.844744280032763e-05,-3.48839226031248e-05,-0.0836114621548215,-0.0125211476073505,-0.0119708915204841,0.0068066605714597,-0.0031020483991732,64.36563273747717,0.5339047071108851,0.4451882509865583,0.0887164561243267,0.1126670616210894,0.5906749291639777,0.0360605885064394,0.1527747292556059,-0.0017272532331405,-1.4873301359168132,-0.0390083817301059,0.0077492979600242,0.0053510402379592,0.1067292512977622,0.0527995762253858,18.709999084472656,-0.0310720040426705,0.0703661083779962,-0.1326117185207057,-0.6932708183083411,-1.068288921134477,-0.0405128674629406,0.0018486866046742,-0.0041345927000617,0.0109913079893142,-0.0065858901301174,-0.0041345927000617,0.0065032654187797,-0.0021078541150467,0.0014576897740605,0.0043859257751392,0.0043859257751392,0.7559405835479399,-0.3782776587769981,0.0720228562527779,-0.0368686389691998,0.5975420326984232,0.0091667757307598,-0.0361108715616995,0.0102330424773693,-0.0244838470977283,-0.0151920411129921,1.1664005394188832,0.6672169733634364,-0.0246148611487282,63.5,-0.016418797996882,0.0746319146390959,-0.2834278679861708,68.88999938964844,-0.0210317365236351,0.0685589899993042,-0.3655468860069705,57.72999954223633,-0.0107950833023721,0.0528907097270812,-0.2145472533880707,176.0958709716797,-0.0139074317229471,0.0864616069392743,-0.237262725694684,0.0,0.0,0.0,0.0,0.0,0.0,0.0,0.0,0.0,0.0,1.0,0.0,0.0,0.0,1.0,0.0,-0.2068506813594374,0.0799597509666556,-0.1829478511710272,-0.019732505529933,0.0115231690975904,0.04392742564949,0.0018606862187413,-0.0384072402549217,0.0178713344017531,-0.0919237618792041,0.0100339175952644,-0.035906615501981,0.0076199142259356,0.0068389675751178,-0.0659808881150788,-0.0517475719923769,-0.0379288475261232,-0.0220340690448108,-0.0555836314256112,-0.0161506480428098,0.0182831555695186,0.0271746147004513,0.0249921969827482,-0.0139331941397875,0.0666673661283215,0.0002619353646268,0.0356639331118008,0.0022009625469636,0.089239131734915,-0.0078355348256493,0.0,0.0,1.0,1.0,-0.0417521402472568,-0.0308905592696003,-0.2985060823460421,-0.1705478217452764,0.0236713310419344,-0.0181631874293088,0.0,0.0,3.0,-0.6030226882464315,0.0,0.0,0.0,0.1705478217452763,1.195597688723275,0.0,0.002635117566076,0.0,0.0,-0.0994160870256287,-0.1090420476332044,-0.1134477043668178,-0.1196000416811499,0.9676870901020448,51.91999816894531,2026-05-01
