Date,target_price,SPY_price,VIX_price,TLT_price,HYG_price,UUP_price,target_open,target_high,target_low,target_volume,ret_1,ret_3,ret_5,ret_10,ret_20,vol_5,vol_10,vol_20,vol_shock,vol_chg_1,vol_to_ma20,price_to_ma_5,price_to_ma_10,price_to_ma_20,price_to_ma_60,price_to_ma_120,price_to_ma_200,slope_5,slope_20,slope_60,slope_120,slope_200,drawdown,dist_to_ma5,dist_10,intraday_range,close_open,rsi_14,macd,macd_signal,macd_hist,bb_width,bb_pos,bb_width_5,bb_pos_5,ret_accel,vol_breakout,bb_high_dist,spy_ret_1,spy_ret_5,spy_ret_20,spy_to_ma_60,vix_level,vix_ret_1,vix_ret_5,vix_to_ma_20,vix_z_score,vix_z_score_5,vix_speed,tlt_ret_1,tlt_ret_5,tlt_ret_20,tlt_to_ma_60,tlt_shock_5,hyg_ret,hyg_ret_5,uup_ret,uup_ret_5,uup_shock_5,hyg_z_score,uup_z_score,target_spy_ratio,target_spy_ratio_20,target_tlt_ratio,target_tlt_ratio_20,target_spy_rel_ret,target_tlt_rel_ret,target_spy_rel_ret_5,target_tlt_rel_ret_5,vol_ratio,vol_ratio_5,rel_strength_5,kbe_price,kbe_ret_5,kbe_ret_20,kbe_shock_5,kre_price,kre_ret_5,kre_ret_20,kre_shock_5,kie_price,kie_ret_5,kie_ret_20,kie_shock_5,iai_price,iai_ret_5,iai_ret_20,iai_shock_5
2026-04-06,49.70588302612305,657.23681640625,24.170000076293945,85.33279418945312,78.137451171875,27.82999992370605,49.33717186238759,49.8354264931187,49.27738373958379,27345800.0,0.0070664924704768,0.0103301792868844,0.0432963912067516,0.0215240458504801,-0.0085742081512689,0.0080503685614656,0.0121662797972235,0.0102866600782415,0.7826026832451836,-0.3080481176524172,-0.5246508971962698,0.0114364729262792,0.0152036617860751,0.0154150325255497,-0.0317841977557701,-0.0456668624070276,-0.0456087713383837,0.0084770614936051,-0.000430558907566,-0.0017269288432893,-0.0003006636006444,4.066228476514248e-05,-0.1110567531031763,0.0114364729262792,0.0152036617860751,0.0112268954811975,0.0074732934584065,58.212723192359135,-0.4572127039334646,-0.6794307911700114,0.2222180872365468,0.0446129519707649,0.8455281895636804,0.0461704917963053,0.747700912018319,0.0036230993748487,0.8777848540397162,-0.004152442551163,0.0047268450837638,0.0391742708016176,-0.0173271862486357,-0.0262128783571289,24.170000076293945,0.0125680446800595,-0.2215780782549842,-0.0637407823428229,-0.7466312070336644,-0.5422702813450223,-0.0427722742061803,-0.0016131664085766,0.0158363347446082,-0.0165473599947665,-0.0073564172651915,0.0158363347446082,0.0147814440714153,0.0173596076240143,0.005419061303342,-0.0003592036216604,-0.0003592036216604,1.3834986593146643,0.8005492207919712,0.0756285737276758,0.0130291463128022,0.5824944969664024,0.0144399214105197,0.0054631835003962,0.0078302821786786,0.0039667267762069,0.0270319691498801,0.893020897281837,0.6396370983806593,0.004122120405134,60.54485321044922,0.0516585544499623,0.0281377906115032,1.1583399726496466,66.2525405883789,0.0516017762247027,0.032614720098288,1.1117839820701103,55.53416061401367,0.0408964096951152,-0.0222409756939558,2.9954063187629827,166.739990234375,0.0561663503717009,-0.004439876988449,2.611153317700688
2026-04-07,49.70588302612305,657.5260009765625,25.780000686645508,85.32294464111328,78.15705871582031,27.75,49.44678848936942,49.84539371450678,49.32720844238067,31750000.0,0.0,0.0088996975491899,0.0314309368828431,0.0123807868524201,-0.0038465907883343,0.0086151526273974,0.0119357429129254,0.0102352586279645,0.8417131504763478,0.1610558111300455,-0.4248854163440138,0.0052398442385366,0.0139448179782895,0.0156141420770723,-0.029984746470939,-0.0453124758187427,-0.0456474556223021,0.0061894194447019,-0.0001927003972651,-0.0018136178647658,-0.0003801650190753,4.26530773083382e-05,-0.1110567531031763,0.0052398442385366,0.0139448179782895,0.010425029002176,0.0052398658167523,55.96423418344433,-0.3751518206954003,-0.6185749970750891,0.2434231763796888,0.0433088927797527,0.8605296989807146,0.0196718608080387,0.7663624092132408,-0.0029665658497299,0.0,-0.003122147481891,0.0004400005646272,0.0431190626273894,-0.0254319871699304,-0.0251021729755411,25.780000686645508,0.0666115269039928,-0.1577915657431469,-0.0019163981696617,-0.0224724572331885,1.34859744714143,0.0505297361392342,-0.0001154251238741,0.0023757403797797,-0.0251465141691963,-0.0075195751501185,0.0023757403797797,0.0083918121459403,0.0164528360895952,0.0068940688584704,-0.0082201410292783,-0.0082201410292783,1.4538172619688463,0.1598840273160819,0.0755953117478236,0.011473950304714,0.5825617392273171,0.0134577578980388,0.0064836854448182,0.0054423235778189,-0.0112049776131081,0.0289863325024755,0.899729651367128,0.7275179095238431,-0.0116881257445462,60.62442779541016,0.0492339437430293,0.0317414254667345,0.9947523308273648,66.36190032958984,0.0493633530696988,0.0368751510189659,0.9535049599491088,55.50426864624024,0.0238926158061214,-0.0069970345267568,1.503685369657796,166.9594268798828,0.0484153643301918,-0.0025972745071122,2.087507365229773
2026-04-08,51.02127456665039,674.27294921875,21.040000915527344,85.59868621826172,78.61784362792969,27.530000686645508,51.011307345336654,51.30029594133704,50.78211067307532,48175400.0,0.0264634980900759,0.0337169946705486,0.0370670500567889,0.0389610762876921,0.0280301473254687,0.0110135823898688,0.0143194667289545,0.0117438042931834,0.9378205883796016,0.5173354330708662,-0.1090747862398274,0.0242868069012296,0.0367310677216421,0.0410113372408211,-0.0029429273109566,-0.0198005806641606,-0.0205424148851887,0.0072793169756555,0.0013822246397529,-0.0013275313796287,-0.0002537860246495,0.0001593315187689,-0.0875322051867363,0.0242868069012296,0.0367310677216421,0.0101562587893567,0.0001953923910685,72.38484068150743,-0.2016523525813909,-0.5351904681763495,0.3335381155949586,0.0564477894494314,1.2265357534959125,0.0566172313503348,0.928964933854646,0.0152244998665597,2.402805440636083,0.0179731753527723,0.0254696365121909,0.0394717020686612,0.0009986166518081,0.0001267153254864,21.040000915527344,-0.1838634462711076,-0.166732637008818,-0.1792470977414154,-1.879550437356452,-1.626485890228195,-0.1185588531297656,0.0032317400472787,0.0066592668830853,-0.0114715768774948,-0.0043050629236984,0.0066592668830853,0.0177961764138239,0.0128069794706189,-0.0043399252636642,-0.0089992798351578,-0.0089992798351578,2.226435015399731,-1.6453459431582762,0.0756685769846862,0.011108362745398,0.5960520753385752,0.0348646845400633,0.003873565931497,0.0239923610130869,-0.0023133405239285,0.0302066291684326,0.9374364666381416,1.0703610132322057,-0.0024046520118723,62.36507797241211,0.0528967453943018,0.062974794529597,0.9423819807317998,68.29061889648438,0.0543361354376736,0.0675050884258787,0.9245764503240136,56.76958084106445,0.035999974103142,0.0216186875329857,1.6986781428324993,172.09617614746094,0.0509197566945207,0.0390631153850229,1.8463825807961145
2026-04-09,51.150821685791016,678.162841796875,19.489999771118164,85.38203430175781,78.70606994628906,27.479999542236328,50.76217988468542,51.3600877161994,50.6226691977465,30330500.0,0.002539080417746,0.0290697714576075,0.0382281811805942,0.0403324220936633,0.0393605593079093,0.0108730297324035,0.01429781955686,0.0115139292049373,0.9443369500139126,-0.370415191155652,-0.4252856683899917,0.0191803865419384,0.0351921196668933,0.0415961894439398,0.0007831115869738,-0.0170838888295493,-0.0181598601915183,0.0075031176624183,0.0019302838619071,-0.0011531578848441,-0.0002326538379902,0.000109440800186,-0.0852153760771021,0.0191803865419384,0.0351921196668933,0.0144165527385408,0.0076561290706674,72.92293184055367,-0.0530874452377574,-0.4387698635886311,0.3856824183508737,0.0685015323003382,1.107230058176881,0.0664030550871725,0.7888479531063562,-0.0071508434014564,0.2335209455611284,0.0112223814330233,0.0057690176991855,0.0376502657018682,0.0080386194858386,0.0062278594252431,19.489999771118164,-0.0736692527073652,-0.2057865100246945,-0.232616760630258,-2.115251429302691,-1.3274976713003044,-0.1936284770543277,-0.0025310191788631,0.0051008590584906,-0.0010739763707346,-0.0068251726846767,0.0051008590584906,0.0157308800476705,0.0114651837306085,-0.0079422821170991,-0.0090155068203019,-0.0090155068203019,2.066845505723402,-1.9240492682878385,0.0754255741147077,0.0063330268598704,0.5990817869835873,0.0380247195681835,0.0050023809130794,0.0378653589590287,0.0005569463024568,0.0329592018786399,0.9358342657609052,1.0523845507365537,0.0005779154787259,63.26026916503906,0.0582362737279649,0.0905480465417467,0.9173298250112176,69.4438705444336,0.0607440378104509,0.098087871669356,0.9087123060536342,56.67991256713867,0.0400365412404197,0.0321567529604964,1.5023175057437348,170.94912719726562,0.0397354435189212,0.0400584116704512,1.2515587953811833
2026-04-10,50.5927734375,677.7140502929688,19.229999542236328,85.17522430419922,78.39234924316406,27.440000534057617,51.05116676529884,51.11095868685646,50.46322617481564,35427500.0,-0.0109098589211135,0.0178427654310224,0.02503534366907,0.0350662804631258,0.045074241716726,0.0136850904982161,0.0147670597901392,0.0111179477767061,1.2309006610003894,0.1680486638861871,-0.3074168804953716,0.0031217461641344,0.0203589059569591,0.0279487223437837,-0.0091105041888466,-0.0277226614863519,-0.0288530488043811,0.0049454187248509,0.0022043963799109,-0.0010133575054668,-8.913206164798001e-05,-1.9629143279594757e-05,-0.0951955472673048,0.0031217461641344,0.0203589059569591,0.0128028662599611,-0.0089790960098178,65.8552128791944,0.0193978776918797,-0.347136315332529,0.3665341930244087,0.0720146277414738,0.8880978520657934,0.0552929009004393,0.5564583538446543,-0.016857447398121,-0.7972075979569189,0.0023841000000465,-0.0006617754265585,0.0360306705625972,0.0229042914627675,0.0058701205749138,19.229999542236328,-0.0133401863486486,-0.1943863064039208,-0.2306461557592842,-1.8759416145062071,-0.9319220179837272,-0.2540729623720372,-0.0024221722901059,-0.0034567214017338,-0.0015456068036033,-0.0091630110878977,-0.0034567214017338,0.0180918391379854,0.0050276608891097,-0.0133045285505267,-0.0150753792926296,-0.0150753792926296,1.3185250423586827,-1.91739364029807,0.0746520946638619,-0.0050379241384891,0.5939846222982677,0.0268357257758171,-0.0172918020346655,0.0264176477679092,-0.0106129357034924,0.0285908958323222,1.0972568960304905,1.2910521931521126,-0.0109953268935272,62.50432968139648,0.0431606469439942,0.0884641356181259,0.6310202338082312,68.53916931152344,0.0445455553857969,0.0926628716771846,0.6187879864535138,55.69356918334961,0.0130482286322046,0.0180541939608347,0.4469185958029397,169.552734375,0.0231116556179071,0.057834320976583,0.6306887612134734
2026-04-13,51.47966766357422,684.3369750976562,19.1200008392334,85.4312744140625,78.68647003173828,27.3799991607666,50.32371708651351,51.48963108345891,50.243994521911546,33635900.0,0.0175300574729284,0.0089843521318742,0.0356856076074325,0.0805270568416063,0.0620893726574369,0.0148264556462923,0.0112720328319911,0.0116239588624641,1.2755081591575002,-0.050570884200127,-0.3333450930477493,0.0135771302645533,0.0302740060196171,0.0427805791418067,0.008986199121882,-0.010667162555849,-0.0119098979828256,0.00701272604426,0.0030119037161788,-0.0006991169271531,-1.1660899951456876e-05,8.376917401767145e-05,-0.0793342732091391,0.0135771302645533,0.0302740060196171,0.0241966706096035,0.0229702940081605,68.18872266973533,0.1467167113812237,-0.2483657099897784,0.3950824213710022,0.0810795120570769,1.0276373532155791,0.0538990788202498,0.7518991151932696,0.0145352734289703,1.1823497610477447,0.0023474776086029,0.0097724472464817,0.041233476297918,0.0387802066761975,0.0157595753883981,19.1200008392334,-0.0057201614987734,-0.2089366661613547,-0.2224955525383349,-1.6621762895053522,-0.6429099861600555,-0.091254752507021,0.0030061571537376,0.0011540724236771,0.0064318209987033,-0.0060700071273536,0.0011540724236771,0.0245079033960389,0.0070263215862471,-0.0165230240409509,-0.0161696286084476,-0.0161696286084476,1.6144834916287365,-1.9855937732170013,0.0752256118504015,0.0015040646273078,0.6025857394338525,0.0388691293052885,-0.0013825783475339,0.0624560777405629,-0.0053281697302037,0.0344917292302058,1.0293066837879208,1.405110659111601,-0.0055478686904855,63.031497955322266,0.0410711169160764,0.102390290565427,0.5602170556611151,68.9865493774414,0.0412664746858335,0.1058943861783214,0.536213601077329,56.70980072021485,0.0211696745427085,0.0325146102000772,0.6497977062236706,172.78439331054688,0.0362504703741175,0.073937187428988,0.8487916517344322
2026-04-14,51.599246978759766,692.675537109375,18.36000061035156,85.88428497314453,78.92176055908203,27.31999969482422,51.33018902910805,51.728794243713786,51.2604336867592,36498400.0,0.0023228455157677,0.0087667270669342,0.0380913452768088,0.0707195288288298,0.0557032256141025,0.0145817793322447,0.0113135160562552,0.0115571790637781,1.2617073760013573,0.0851025243861469,-0.2699393553041881,0.0084131438531567,0.0256714556771588,0.0423286189020366,0.0120916072009655,-0.0082809228057524,-0.0096718061734306,0.0074767564203764,0.0027103554717836,-0.0007280231529768,-8.918012310444593e-05,5.8547479299026616e-05,-0.077195708954142,0.0084131438531567,0.0256714556771588,0.0090768874427059,0.0052417096983442,68.71255752116033,0.2543350397123873,-0.1478255600493453,0.4021605997617327,0.0896593015839157,0.9721051598022944,0.0311667238653963,0.7699399490781144,-0.0005993968398769,0.1592977992290324,0.000110910606814,0.0121848772098407,0.0534572565656843,0.0408450761062284,0.0280323418743313,18.36000061035156,-0.039748964201003,-0.2878200108092951,-0.2455001075460402,-1.6731758799615437,-1.105397242319551,-0.0579784081086098,0.0053026314097388,0.0065790079607821,0.0039956386890203,-0.0007760973840962,0.0065790079607821,0.0263979820574409,0.0097841686448587,-0.0235882722734083,-0.0154955064928209,-0.0154955064928209,1.734932602806925,-1.9818783479748108,0.074492665345293,-0.00894555777782,0.6007996340063205,0.0331691006622743,-0.0256277142758285,0.0612001618660444,-0.0145861744205637,0.0313063724425042,1.1040432913620235,1.5071547591649892,-0.0153659112888755,63.01160430908203,0.0393764790940032,0.0955998815661915,0.5189246418543115,68.88713073730469,0.0380524125314849,0.0982101307780198,0.4792532874201384,56.59024429321289,0.0195656239323536,0.0238705621821453,0.5637758331327581,175.1981658935547,0.0493457552390805,0.0784873844598939,1.0324694899278868
2026-04-15,51.987884521484375,698.1414184570312,18.170000076293945,85.51005554199219,78.8825454711914,27.290000915527344,51.88823511938747,52.147329647049055,51.63910781276418,33804700.0,0.0075318452396133,0.0275753035304109,0.0189452333961448,0.0567145273675664,0.0580743596207447,0.0102785329827991,0.0102160560027097,0.0115938194414729,0.88655271441252,-0.0738032352103106,-0.3147953823629745,0.0121841965509164,0.027696735566796,0.0471613042831557,0.0203765383248599,-0.0007942842493949,-0.0022933860405346,0.0037536014711527,0.0028225307080885,-0.0006244062894811,-1.7173831099442017e-05,8.16052260750824e-05,-0.0702452898475334,0.0121841965509164,0.027696735566796,0.0097757744705855,0.00192046235274,70.18542333914914,0.3667554138676863,-0.0449093652659389,0.4116647791336252,0.0995749091689576,0.9736263851683064,0.0408058089162508,0.7985897565692932,-0.0016599226038569,0.7327742703597302,0.0005576927469247,0.0078909692270439,0.0353988236750957,0.0463059975708293,0.0358847510105133,18.170000076293945,-0.0103486126220765,-0.1364068780584206,-0.2468081629065153,-1.5636808435311411,-1.222491821540295,-0.0551221784282534,-0.0043573679546772,-0.0010354209881625,-0.003122542655345,-0.0051303411650578,-0.0010354209881625,0.0162170434200066,0.0033669435721801,-0.0176385802378226,-0.0087177539096315,-0.0087177539096315,1.4940343930040705,-1.8398697331227707,0.0744661226895594,-0.0098442095231159,0.6079739299894878,0.0423548667888116,-0.018167644340431,0.0508121671767956,-0.015891065261741,0.0200013642166092,1.3430064902232406,2.102690401847142,-0.0164535902789508,63.01160430908203,0.0103668007431325,0.0944707676018214,0.1351551214735592,68.76782989501953,0.006987943677279,0.0964809231836365,0.0873241169492452,57.16810607910156,0.0070200489792737,0.0289740886081015,0.1911711600696674,178.9385223388672,0.0397588508041188,0.0874703625780626,0.7526929955430082
2026-04-16,51.84837341308594,699.8569946289062,17.940000534057617,84.96842193603516,78.77469635009766,27.3700008392334,51.908165334682685,52.22704798043669,51.73875679084907,25432000.0,-0.002683531166589,0.0071621625827356,0.013637155852155,0.0523866606974532,0.0679486695958815,0.0106959486294571,0.0104805427848366,0.0111493175703845,0.9593365336127628,-0.2476785772392596,-0.4717605741093514,0.0067334662011881,0.0197361508279838,0.0408929893137639,0.0179362838110377,-0.0034836051725271,-0.0049973692961747,0.0027090013331263,0.0032869838603419,-0.00028518044219,7.980478435041352e-06,2.6946154007210636e-05,-0.0727403155895105,0.0067334662011881,0.0197361508279838,0.0094176761476644,-0.0011518789233106,71.72011629269599,0.4395254144434162,0.051977590675932,0.3875478237674841,0.104412629263186,0.8916479223091643,0.0424107632470238,0.6587678618743265,-0.0050709186941675,-0.2508922778767091,-0.0035270306576228,0.0024573476469376,0.0319895923146569,0.0637199045640262,0.0377666510599596,17.940000534057617,-0.0126582026015731,-0.0795279248467442,-0.24515598338104,-1.441941040968062,-1.0785424127087893,-0.0617154944237487,-0.0063341510249755,-0.0048442552242414,-0.0038554268594559,-0.0115431066347273,-0.0048442552242414,0.012347113398605,0.0008719327982635,-0.012982283048891,-0.0040028640769758,-0.0040028640769758,1.202349181718226,-1.2863458421925902,0.0740842397961288,-0.0151140858972934,0.610207559840499,0.0425177900039503,-0.0172365061905525,0.0521426751543405,-0.0177835480116995,0.0185713755594718,1.3497374214358182,2.0173042754796207,-0.0183524364625018,62.77288818359375,-0.0077043772952307,0.1030180620949112,-0.1015365227497548,68.4298095703125,-0.0146025987055581,0.1055533296737247,-0.1848458849895616,57.44707107543945,0.0135349275176115,0.0520136518485225,0.3393011453190877,176.6344757080078,0.0332575462885027,0.0839812436938591,0.5978352261868314
2026-04-17,52.246978759765625,708.3152465820312,17.479999542236328,85.74641418457031,79.0688247680664,27.36000061035156,52.18718683801004,52.79505807102501,52.11743149665236,45183400.0,0.0076879045655671,0.0125531246855694,0.0326964744146542,0.0585503855574622,0.0757196069982795,0.0075153408968199,0.0104364498124934,0.0111669947503427,0.672995769393871,0.7766357345077068,-0.0484761548862326,0.0079978594538889,0.0217683477179333,0.0450374438066309,0.0260152064399432,0.0041229082365792,0.0026144320657637,0.0064346635480374,0.0036494919744501,-0.0002387925492534,5.433581476574809e-05,3.762745049910002e-05,-0.0656116316282649,0.0079978594538889,0.0217683477179333,0.0129696795959898,0.0011457203458998,88.3720516164642,0.5233276885390978,0.1462476102485652,0.3770800782905326,0.1098763289079173,0.9098921419587548,0.0236316571022188,0.8384383676224769,0.0035035296703772,1.0229613863369464,0.0010065919229036,0.012085686101644,0.045153551524915,0.0792352361694888,0.0496203649205282,17.479999542236328,-0.0256410801631814,-0.0910036423119168,-0.254186695302083,-1.3930554060531783,-1.2157922218657786,-0.0479303398072372,0.0091562515909833,0.0067060566618659,-0.0008241301026722,-0.0026307942719447,0.0067060566618659,0.013700402821265,0.0086293564542121,-0.0179468768501829,-0.0029154490579095,-0.0029154490579095,1.4344629710090686,-1.228567566339594,0.0737623240666962,-0.0192365204691996,0.609319692918042,0.0371596094692978,-0.022405337818812,0.0551463207276909,-0.0119188965985769,0.0258172855728811,1.371506187873841,1.8755593585620127,-0.0124570771102607,64.21514129638672,0.027371089710277,0.1207656321728498,0.3622293243069033,69.96085357666016,0.0207426538637329,0.1200931995193446,0.2649124281476788,58.14448547363281,0.0440071686232661,0.0790841755189608,0.9896984643226449,178.57945251464844,0.053238410886869,0.0943096079539482,0.9060730487862309
2026-04-20,52.44628143310547,706.8988037109375,18.8700008392334,85.7267074584961,79.00018310546875,27.31999969482422,52.15729284631215,52.57582489500785,52.077570283866685,26160600.0,0.0038146258036517,0.0088173795845003,0.0187766124647148,0.0551322748967602,0.0778429903599593,0.0042790054576745,0.0104416998100613,0.0111582402338935,0.3834838634494566,-0.4210130269081122,-0.4140652690786421,0.0080830816940515,0.0201985008115075,0.0450650782756782,0.030233100518922,0.0079571804060547,0.0063781587963231,0.003720501579299,0.0037480906431111,-0.0002840971698036,-3.856504180573421e-06,6.0463493952062216e-05,-0.062047289647642,0.0080830816940515,0.0201985008115075,0.0095002848157439,0.0055407129285804,87.65427847868811,0.5989196813472759,0.2367820244683073,0.3621376568789685,0.1146870906513831,0.8929394147128864,0.025516958185314,0.8167729333312017,0.0008754992754849,0.8914746545451254,-0.0091712230131061,-0.0019997351150194,0.0329688873088607,0.0927423745144055,0.046963893028189,18.8700008392334,0.0795195270822781,-0.0130753132336172,-0.1810606458343477,-0.9664660190366609,1.3747536448477438,0.0385250831040298,-0.0002298256581528,0.0034581369230395,0.0182662930367782,-0.0029228587348421,0.0034581369230395,0.0110412090573064,0.0039868744093354,-0.0183255562443394,-0.0021913611315356,-0.0021913611315356,1.2191911258983577,-1.2754305143761964,0.0741920642074698,-0.0128495219592453,0.6117846233450284,0.0383669018678984,-0.0189942696179707,0.0502839538075763,-0.0137393052380504,0.0152656847137113,1.2724154651320694,0.6895385244818476,-0.0141922748441458,64.48370361328125,0.0230393645251509,0.127203876873498,0.3160236498390367,70.22927856445312,0.01801407953038,0.1270661652853866,0.2404891685631033,58.1843376159668,0.0260014473164307,0.080221218835329,0.5468921920516019,179.6865997314453,0.0399469320616998,0.1008921889643792,0.6524753110691176
2026-04-21,52.117431640625,702.2708129882812,19.5,85.25401306152344,78.7943115234375,27.46999931335449,52.52600027029767,53.00432424152071,52.01778223880475,34150100.0,-0.0062702213292263,0.005189328224348,0.0100424849625913,0.0485163620015474,0.0614978195907636,0.0062565398167606,0.010978444209732,0.0113053066562739,0.5534161481477695,0.3054020167733156,-0.1927243758702121,-0.0002293967567801,0.0090680858274572,0.0353974946706263,0.023939872657702,0.0017285901949057,9.286799580920936e-05,0.0019984788575773,0.0029840474037969,-0.0001581375146344,-9.07215162341236e-05,-2.4857098531324192e-05,-0.0679284607378991,-0.0002293967567801,0.0090680858274572,0.0189292137325309,-0.007778407409096,79.35865117442276,0.625085849744444,0.3144427895235347,0.3106430602209093,0.1173536419300263,0.8016309855277655,0.0177226519342102,0.4870562962229544,-0.007999997404009,-1.0021865936571748,-0.0053460726175902,-0.0065468928485394,0.0138524826774575,0.0743080818445747,0.0396813484977489,19.5,0.0333862815446592,0.0620914679602839,-0.1413285307292929,-0.7427902325733108,1.3900365963979535,0.0869564893814163,-0.005513968878386,-0.0073386174411089,0.0060874408313031,-0.0083474105097755,-0.0073386174411089,0.0081534901400812,-0.0016148782635065,-0.0100901148340724,0.0054904692608284,0.0054904692608284,0.8555128038570755,-0.5645957132196863,0.074212726311174,-0.0119859296758036,0.6113193944666807,0.0347750205413706,-0.0182893013426779,0.0493641331088896,-0.0037579409035961,0.017509598649738,1.2054911970643971,0.8385796982313208,-0.0038099977148662,63.80733489990234,0.0126283182208331,0.0971438084189848,0.1767858579299643,69.22515106201172,0.0049068718799747,0.0912081861909621,0.0674711111138267,58.16441345214844,0.0278169705502462,0.0663013921649626,0.5586064735208509,177.71168518066406,0.0143467214641763,0.0755160767610938,0.2289980744617156
2026-04-22,52.02774810791016,709.3825073242188,18.920000076293945,85.42142486572266,78.92176055908203,27.479999542236328,52.29680606714936,52.46621461987679,51.8882374182412,31838400.0,-0.0017207972436795,-0.0041960445763477,0.0007667860847329,0.019726546422218,0.0594561901899588,0.0055451847228002,0.0080184667105303,0.01133893050682,0.4890394407502129,-0.0676923347222995,-0.237038102084831,-0.0021024186374787,0.0053725380474429,0.0306266570300877,0.0224871174046057,5.675812813810133e-05,-0.0016427238537489,0.0001532984508953,0.002887787417867,-0.0002932792663101,-5.177535719009439e-05,1.4704384972109758e-05,-0.0695323668735735,-0.0021024186374787,0.0053725380474429,0.0111090182192165,-0.005144825840678,77.6446829742397,0.6313086816368383,0.3778159679461954,0.2534927136906428,0.1183195823146242,0.7588468994815092,0.0172992996677972,0.3784679913145625,-0.0003221157182303,-0.3103227429523469,-0.0187388865714159,0.0101267120951189,0.0161014496060576,0.08884233219495,0.04968375409904,18.920000076293945,-0.0297435858310797,0.0412768297661434,-0.1518737744255972,-0.791778447497215,0.4636656040443782,0.0823798954100767,0.0019636823908617,-0.0010364941960072,0.0125168815257372,-0.0062801150439939,-0.0010364941960072,0.0038657500273178,0.000497132637599,-0.0018162420327666,0.0069622066813812,0.0069622066813812,0.9293298610608324,-0.4784814436318775,0.0733423048506765,-0.022250059204453,0.6090714149254083,0.0286206585146497,-0.0307429084397928,0.0218426210150139,-0.0150916658245786,0.0018051513095955,1.23309231958662,0.7020873822841825,-0.0153346635213247,63.42936325073242,0.0066298731198972,0.0826825187583772,0.096169361213574,68.84736633300781,0.0011565936879163,0.0763134368172189,0.0165751933358761,57.70610809326172,0.0094108769917222,0.0584794593279889,0.1852209965515553,178.70912170410156,-0.0012820080984641,0.0941679749885906,-0.0200527256672263
2026-04-23,51.619178771972656,706.6295776367188,19.309999465942383,85.23432159423828,78.7943115234375,27.530000686645508,51.89820394897804,51.987886132816286,51.12092414328299,44647900.0,-0.0078529121631421,-0.0157704729207116,-0.0044204789085136,0.0091563941838248,0.0498581158325661,0.0065922443696266,0.0085914925928714,0.0115905966130575,0.5687579355011074,0.4023286346047541,0.0645544975608871,-0.009067597504662,-0.0034245075905554,0.0200565163434962,0.0147653058571459,-0.0078214460692731,-0.0095024102866011,-0.0008860556228376,0.0024327513630171,-0.0002962432107805,2.527725950654822e-05,2.009366604434969e-05,-0.076839247467162,-0.009067597504662,-0.0034245075905554,0.0167953464227529,-0.0053763937048706,71.2945433338696,0.5963972931400008,0.4215322329849565,0.1748650601550442,0.1170076555094096,0.6714120008317184,0.0236011281986705,0.1157981335327547,-0.0025960878562382,-1.191234810421931,-0.0294389245895126,-0.0038807408683984,0.009677095549218,0.0786060818250133,0.0452282839533684,19.309999465942383,0.0206130754796927,0.0763656015106541,-0.1225519497578011,-0.6320712036945728,0.6235547277436458,0.0233173612686949,-0.0021903553093206,0.0031293938635614,0.0006429217920302,-0.0084039597563801,0.0031293938635614,0.0011211533901851,0.0002490034776225,0.0018195467700909,0.0058458108332521,0.0058458108332521,0.6796173029257137,-0.2157216385549723,0.073049841678875,-0.0248487776155025,0.605614942507644,0.0203371962215459,-0.0314977043757022,0.0109052814924512,-0.0139624584135614,-0.0075263199526001,1.2128452245556292,0.772376707248807,-0.0140975744577316,63.98637390136719,0.019331366659828,0.0868390803852936,0.2988203630414008,69.59300231933594,0.0169983338595767,0.0840948021722081,0.2614963381741857,58.04485321044922,0.0104057896045692,0.067032972735457,0.2020604878958159,175.83651733398438,-0.0045175686729612,0.0752667563622579,-0.0722216286193623
2026-04-24,51.24050521850586,712.10546875,18.709999084472656,85.39187622070312,78.90216064453125,27.479999542236328,51.39995035221353,51.489632537852266,51.14085581131978,27225300.0,-0.0073359081348346,-0.0168259715514373,-0.0192637653918245,0.012802851810566,0.048318080666009,0.0049322832154625,0.0081040605872677,0.0116505003259656,0.4233537319522828,-0.3902221605047493,-0.3367760509243194,-0.0125211206041688,-0.0119708545182378,0.0102161071531927,0.0077484940642975,-0.0150430784539622,-0.0167347669163716,-0.00389034591353,0.002359352596713,-0.0004158139789221,-5.844755081113486e-05,-3.488371060140083e-05,-0.0836114699414277,-0.0125211206041688,-0.0119708545182378,0.0068066605714598,-0.0031020483991732,64.36564232803023,0.5320409384213107,0.4436339740722274,0.0884069643490833,0.1126670166408794,0.5906752256142197,0.036060506369482,0.1527746871917062,-0.0017272509510221,-1.4873246987342692,-0.0390083333770518,0.0077493092372316,0.0053510385188775,0.1067293138794589,0.0527996037542015,18.709999084472656,-0.0310720040426705,0.0703661083779962,-0.1326117185207057,-0.6932708183083284,-1.068288921134477,-0.0405128674629406,0.0018484880681621,-0.0041347264167109,0.0109910716511645,-0.0065860208727026,-0.0041347264167109,0.0065033310812743,-0.0021078361038504,0.0014576897740605,0.0043859257751392,0.0043859257751392,0.7559455844056554,-0.3782776587775412,0.0719563427991239,-0.0368686344252819,0.6000629976330545,0.0091669240309886,-0.0361108670409882,0.0102332200306265,-0.0244837902062204,-0.0151918531315754,1.1664007749260714,0.6672173684975241,-0.024614803910702,63.16080474853516,-0.0164188153536133,0.0746319320666908,-0.2834282088316266,68.48945617675781,-0.0210317245242018,0.0685590424088331,-0.3655467037233675,57.51681137084961,-0.0107950753656224,0.0528907366805824,-0.2145470583817912,176.0958709716797,-0.0139074317229471,0.0864616069392743,-0.2372626123277815
2026-04-27,51.62914657592773,713.332275390625,18.020000457763672,84.96842193603516,78.93157196044922,27.450000762939453,51.13089194161553,51.71883256215918,51.09103065853908,25764300.0,0.0075846511615094,-0.0076613258593412,-0.0155804155194487,0.0029036495210181,0.0836645287126516,0.0064545633775602,0.0063009761330655,0.0096896200624996,0.6661316614888526,-0.0536633205143745,-0.3410151762458226,-0.0018879088434973,-0.0047638531115864,0.0138943748177831,0.0158784181862265,-0.0075549861048564,-0.0092508674410898,-0.0031406131646159,0.004017418988137,-0.0004650896979257,-1.7787036073985532e-05,-2.6596623667240784e-05,-0.076660982612525,-0.0018879088434973,-0.0047638531115864,0.0121598350012784,0.0097446888836037,66.78259572802297,0.5065588777560208,0.4562189548089861,0.0503399229470347,0.0975936816131001,0.6423696143861642,0.0273609332070106,0.4309998372784463,0.0101384264479564,1.1750833546378423,-0.0315992661555898,0.0017227878375636,0.0091009797242749,0.1278682639411286,0.0540170183590689,18.020000457763672,-0.0368786029114032,-0.0450450632573611,-0.1385821383691106,-0.8195735157913873,-1.5073285359740782,-0.047568690005342,-0.0049589528115474,-0.0088453825527833,0.0114986990453369,-0.0114423545773701,-0.0088453825527833,0.0031149183412608,-0.0008684934935901,0.0025566692592584,0.0047584578904611,0.0047584578904611,0.7600734880725093,-0.4464557180962115,0.0723774156267572,-0.0293146725864608,0.6076274620563688,0.0184233179710164,-0.0378620546059289,0.0083668137039769,-0.0244587962351079,-0.0067951385667879,0.9271389281804744,0.8979623629988531,-0.0246813952437237,64.03610229492188,-0.0069413090948328,0.1123012312541997,-0.1289779082310466,69.66259765625,-0.0080690122380091,0.1057283355649771,-0.1521134842156879,57.57659149169922,-0.0104451842053935,0.079178413854855,-0.2191692271172857,177.1830596923828,-0.0139328143712676,0.122314960196127,-0.2489152672041469
2026-04-28,51.66900253295898,709.8612060546875,17.829999923706055,85.05705261230469,78.82372283935547,27.530000686645508,52.01778304751432,52.21708565563436,51.61917783127424,24337500.0,0.0007719662182026,0.0009652180095003,-0.008604205801202,0.0013518715540157,0.0721670041021826,0.0063627239349276,0.0062648523706868,0.0095524488461184,0.6660829459903455,-0.0553789545999697,-0.3493931746365056,0.0006175072084739,-0.0041294743830427,0.0112238696608195,0.0171002936850106,-0.0068122210110784,-0.0085151615383322,-0.0017282871379027,0.0034840918961882,-0.0004179565032286,2.3723781853511783e-05,2.970848525911881e-05,-0.0759481960831534,0.0006175072084739,-0.0041294743830427,0.0115718863351139,-0.0067050245920083,57.27065481196272,0.484000942151745,0.4617753522775379,0.022225589874207,0.0839058659068373,0.63376740159361,0.021609985738321,0.5285750863490385,0.0004502268817025,0.1213263540539049,-0.0191970516975835,-0.0048659922671194,0.0108083561583711,0.1261452090952488,0.0483318489218185,17.829999923706055,-0.0105438695466713,-0.0856410295535357,-0.1208086913587584,-0.886303837646666,-1.1736291924142055,-0.0766442042034567,0.0010431013575402,-0.002310277747003,-0.0007479647426719,-0.0104497282495252,-0.002310277747003,-0.0012422140488511,0.0003732669954128,0.0076867128172433,0.0021842509934772,0.0021842509934772,0.5325456507988355,0.0621223243109271,0.072787471821609,-0.0214105416976027,0.6074628845707775,0.0146347460765257,-0.0228907573085208,0.0110906368567909,-0.0192049876134302,-0.006308502447019,0.934677066100203,0.9465167885690092,-0.0194125619595731,64.26487731933594,0.0071706868834338,0.1122396223100321,0.153580368926219,69.96085357666016,0.010627676550527,0.1062726583808797,0.2339244419199764,57.86552047729492,-0.0051387602335131,0.0674508568719525,-0.1179614387783629,176.77410888671875,-0.0052758280525682,0.1100462863109243,-0.1039976074404376
2026-04-29,51.7387580871582,709.7515258789062,18.809999465942383,84.39723205566406,78.55901336669922,27.61000061035156,51.94802791729956,52.1174326639966,51.51952863857268,22153100.0,0.0013500464646036,0.0097238086651885,-0.005554536401471,-0.0047920094579577,0.0516507413580595,0.006508042337537,0.005738723606727,0.0086399753450119,0.7532477031947215,-0.0897544940934771,-0.3531364622450265,0.0030911585360622,-0.0023059428029557,0.0100773969006586,0.0190843670468241,-0.0054633896152777,-0.0071758300385083,-0.0011140040404595,0.002518053214311,-0.0005784697269593,-8.065840878746355e-06,-7.921658098860325e-07,-0.0747006832121648,0.0030911585360622,-0.0023059428029557,0.0115562113883117,-0.0040284460937478,56.68929358865298,0.466376211262272,0.4626955240744848,0.0036806871877871,0.0766711290231472,0.6314366571753024,0.0151337858352136,0.7042554698289445,-0.0018912230904591,0.2074427588422626,-0.0200950820356508,-0.0001545093249859,0.0005201968625916,0.0941661348063769,0.0477052393409784,18.809999465942383,0.0549635191491706,-0.0058139857245238,-0.0575208290725878,-0.4557195184228896,0.4521180551924054,0.0053447560856758,-0.0077573879693213,-0.0119898820661041,-0.0074700967782947,-0.0180848308296409,-0.0119898820661041,-0.0041014409786046,-0.0045962886511033,0.011725895349536,0.0047307521936243,0.0047307521936243,-0.238189312997314,0.5932395512607905,0.0728970015571133,-0.0179925533386258,0.6130385656846422,0.0210090694531202,-0.0210716104957903,0.0083303501109692,-0.0060715748498748,0.0065134410547238,0.8885342796532351,1.2905788157224576,-0.0060747332640627,63.27021789550781,-0.0025090170714077,0.0681780359841333,-0.061930610978922,68.6286392211914,-0.0031769858959955,0.0595548177195142,-0.0811482200916281,57.00869369506836,-0.0120856252697935,0.0403635946704545,-0.3053839876828488,174.18080139160156,-0.0253390552721634,0.0636496958681509,-0.552599838203484
2026-04-30,51.948028564453125,716.8132934570312,16.889999389648438,84.3184585571289,78.80411529541016,27.36000061035156,51.33019008891965,52.067608610751385,51.021274652534046,31406400.0,0.0040447526193494,0.0061763947241784,0.0063706901253342,0.001922049715489,0.0544094001792312,0.0055201746582746,0.0058432407752276,0.008641723171645,0.6387816306828279,0.4176977488477911,-0.0407140031796599,0.0058658118174532,0.0015370194519583,0.0115161461126267,0.0235834296242927,-0.0014377488290837,-0.003264085081349,0.0012700966111152,0.0026490399959555,-0.0003562391406331,-2.994302683112146e-06,0.0001057652274771,-0.0709580763769049,0.0058658118174532,0.0015370194519583,0.0201419377622603,0.0120365514809742,66.74879076740305,0.4639467740104308,0.462945774061674,0.0010009999487567,0.0684152931434878,0.6683270740136102,0.0199376212185348,0.7942082083493568,0.0019859543779566,0.7327217229557604,-0.0196895414447438,0.0099496335275648,0.0144116750028655,0.0967889400184873,0.0573249858429372,16.889999389648438,-0.1020733721853804,-0.1253236739111345,-0.1371868254966644,-1.1366341539520546,-1.497617217516794,-0.0627081597896623,-0.000933365900948,-0.0107452375988792,-0.0074193497107477,-0.0189060844921687,-0.0107452375988792,0.0003734567910202,0.0001244223318042,-0.0003653718880235,-0.0061750843463077,-0.0061750843463077,0.3662018888691316,-0.8119804153590631,0.0724707940528269,-0.0218149267199756,0.6160931954093586,0.023018844985134,-0.0217785287092353,0.009645300970047,-0.0079267471734377,0.0173018401070617,0.8378374929050842,0.9192706367315352,-0.0080409848775313,63.84712219238281,-0.0021762712979958,0.0680533227079815,-0.0656239710335478,69.4438705444336,-0.0021429133667496,0.0607440378104509,-0.0663626476639454,57.118289947509766,-0.0159628840748391,0.0480804579260556,-0.4742242573537572,176.04598999023438,0.0011912921128443,0.0707352443572562,0.0308599282415771
2026-05-01,51.7387580871582,718.7982177734375,16.989999771118164,84.61992645263672,78.90167999267578,27.40999984741211,52.21708586915465,52.42635189791492,51.7387580871582,39618200.0,-0.0040284585012745,0.0013500464646036,0.0097238086651885,-0.0097272738954772,0.0482535760249818,0.0042903033074878,0.0053286296981065,0.0087706231352378,0.4891673889262497,0.2614689999490549,0.2099277217052022,-0.0001155804921479,-0.0015192905732023,0.005110700345434,0.0200488306363091,-0.0054540063115297,-0.0073292536354325,0.0019353673379817,0.002356275924335,-0.0005568633883743,-6.477118006994556e-06,5.085345260426491e-05,-0.0747006832121648,-0.0001155804921479,-0.0015192905732023,0.0132897239164188,-0.0091603691403813,53.84611899813694,0.4400622848236608,0.4583690762140714,-0.0183067913904105,0.0578335205799787,0.5883691723101364,0.0095066268393106,0.4878421132856483,-0.0044784739894757,-0.938968010787418,-0.0101547730920274,0.0027690952923506,0.0093985361960295,0.0988365952234417,0.0593091745739322,16.989999771118164,0.0059206859137612,-0.0919294172912018,-0.1165535853190319,-1.018985270023179,-0.9061641017425812,-0.0471116184061818,0.0035753487512293,-0.0090400843994952,-0.0099536616342397,-0.0154013776573913,-0.0090400843994952,-0.0021139150086132,-6.091745163194773e-06,0.0018274574541357,-0.0025472960695152,-0.0025472960695152,0.6359279728465989,-0.430295120255324,0.0719795302879647,-0.0261630633678437,0.6114252311022429,0.0124139474120787,-0.0241694361083237,0.0034555557758479,0.0003222438486831,0.0189350676745718,0.8724325506438044,0.7981293681449528,0.0003252724691589,63.727760314941406,0.0089763828795959,0.0635789875243215,0.3397707575689211,69.41404724121094,0.0134997577155078,0.0578788050026195,0.5161421193916033,56.58028411865234,-0.0162826698816602,0.0291772899885149,-0.5799675722284197,175.7866668701172,-0.0017558850179526,0.0607283240815568,-0.0536865122818315
2026-05-04,51.39994812011719,716.1649780273438,18.290000915527344,83.97743225097656,78.64544677734375,27.479999542236328,51.599246925834585,52.00781555976492,51.310262136991945,44456300.0,-0.0065484750613894,-0.0065484750613894,-0.0044393229602096,-0.0199505719833134,0.0340817824945152,0.0043011529779612,0.0053036223192388,0.0089161461660137,0.4824004020880525,0.1221181174308776,0.3231122392264596,-0.0057825401233163,-0.0060507677899879,-0.0031116222441787,0.0138462726962977,-0.0118489065626773,-0.0138006304775213,-0.0008898412029217,0.0016756933140053,-0.0004581249983101,-0.0001198512254316,-2.983469293189635e-05,-0.0807599827124706,-0.0057825401233163,-0.0060507677899879,0.0135710919618606,-0.0038624363259381,47.22226652843129,0.3893068354139615,0.4445566280540494,-0.0552497926400879,0.0479368289962568,0.4350891097860962,0.015255474215598,0.1209531056462393,-0.0043656500409262,-1.5224925903474291,-0.0149326957353926,-0.0036633921467564,0.003971084352194,0.0896604696360605,0.0543375596582607,18.290000915527344,0.0765156657988361,0.0149833768537639,-0.0341913756609555,-0.3455654811771081,0.638177653875985,-0.0276447934704386,-0.0075927057443115,-0.011663035072072,-0.0158832480683502,-0.0225841986723139,-0.011663035072072,-0.0044903228597763,-0.0036249776356771,0.0058565098535641,0.0010928516744297,0.0010928516744297,-0.5525264987995603,0.255980399177286,0.0717710998123601,-0.0264425373125419,0.6120685848848333,0.011003809358562,-0.0326310424298172,0.0004641527900004,-0.0083771409789461,0.007308956730551,0.8506690176133711,0.7256569345968,-0.0084104073124037,62.96187210083008,-0.0167753838162162,0.0399211289187453,-0.6663966246239664,68.58887481689453,-0.0154131897959612,0.0352640699928936,-0.5954848415262068,56.05223846435547,-0.0264752217498585,0.0093289939852097,-1.0605395474353747,175.50738525390625,-0.0094573061408116,0.0525812374536398,-0.337955156425982
2026-05-05,51.409912109375,721.9102172851562,17.3799991607666,84.44200897216797,78.76370239257812,27.5,51.38998146830626,51.5892840776126,51.20064608022484,27419600.0,0.0001938521267477,-0.0103587464230807,-0.0050144266558797,-0.0135754872981594,0.0342822414472829,0.0042530765105073,0.0051160138998566,0.0089142893740889,0.4771076924832646,-0.3832235251246729,-0.178642598726458,-0.0045921062664991,-0.0044960703455957,-0.0045632922890254,0.0148382174436891,-0.0115112888551183,-0.0135784904738164,-0.0010054082160591,0.0016853849809979,-0.0007555377306863,-0.000148181011629,-3.172162597854931e-05,-0.0805817860801277,-0.0045921062664991,-0.0044960703455957,0.0075595927213594,0.0003878312561959,40.99384420049503,0.3458994729350308,0.4248251970302457,-0.0789257240952148,0.0341447392327812,0.3663544548425089,0.0183564299427428,0.2498366359459385,0.0036467676011079,0.0455792602577311,-0.0178576567915791,0.0080222287239424,0.0169737564578793,0.0979188902233065,0.0618853055610955,17.3799991607666,-0.0497540573652018,-0.0252384052083561,-0.0614284248486691,-1.1439923888905923,-0.3466091824314629,0.0290112367569697,0.0055321615431507,-0.0072309540625646,-0.0103247218277653,-0.016959662717525,-0.0072309540625646,-0.0003884687900378,-0.0007614515607143,0.0010921254967386,-0.0010897452196599,-0.0010897452196599,-0.1921854593371269,0.7106764992988626,0.0712137200422361,-0.0311239898659423,0.6088191497945018,0.0034603714429726,-0.0404109432169764,-0.0040899155086682,-0.0216211902953561,0.0022326717535716,0.8694330233771853,0.754247958477583,-0.021988183113759,63.73770904541016,-0.0082030542329716,0.0513535774804576,-0.3527979837311271,69.51346588134766,-0.0063948289999388,0.0474905862566532,-0.256379715324307,56.34116744995117,-0.0263430280203195,0.0150780980296301,-1.1452572112779729,176.53472900390625,-0.0013541569199249,0.0573510720716134,-0.061540104135549
2026-05-06,51.65903854370117,731.9443359375,17.389999389648438,85.0844955444336,79.00022888183594,27.350000381469727,51.73875730524176,52.05764375554715,51.59924662150997,39084600.0,0.0048458832957378,-0.0015408089873888,-0.0015408089873888,-0.0070867869092516,0.0124999616820167,0.0049635096482804,0.0054727197353548,0.0068216937283619,0.7276065326764157,0.42542560795927,0.1869450800342011,0.000540399850081,0.0010427409200033,-0.0003567447756726,0.0203662384365859,-0.0065762878142846,-0.0088050289202122,-0.0003083994508616,0.0006211241076817,-0.0005763846151373,-0.0001455674731952,6.744635491420187e-06,-0.0761263927154963,0.000540399850081,0.0010427409200033,0.0088735126893504,-0.0015407938978949,47.147177871301416,0.327822315065184,0.4054246206372334,-0.0776023055720494,0.0321739786624603,0.4889120093161246,0.0179683820312747,0.530075042323819,0.0053594862915341,0.976301581505958,-0.0085921855852957,0.013899399692774,0.0312684217636753,0.0855312181596061,0.0755463252537629,17.389999389648438,0.000575387190145,-0.0754917659016958,-0.051540799349893,-1.1412608626188312,0.0036206996477858,0.0235432386061738,0.0076086130598502,0.0081431993920872,-0.0060069925900151,-0.0093883007766084,0.0081431993920872,0.000994254590851,0.0056163576428487,-0.0047306827850122,-0.0094168860244195,-0.0094168860244195,1.1545792788166465,-0.9518525425245168,0.0705778240329361,-0.0364386300190563,0.6071498480792347,-0.0002053682549151,-0.0376928543951388,-0.0031549122140446,-0.0318144433191833,-0.0096057865443277,0.8423575844408796,0.7284356347996763,-0.0328092307510642,64.3742904663086,0.0174501148806565,0.0322169483181802,0.6761283264693566,70.29887390136719,0.0243372839550639,0.0294074799340586,0.8794513429281205,56.14190673828125,-0.0152044697151531,-0.0110565217055323,-0.5903992401603292,178.02088928222656,0.0220465623073551,0.0344267564067723,0.9826012057431224
2026-05-07,51.37005233764648,729.7001342773438,17.079999923706055,84.65946960449219,78.70457458496094,27.40999984741211,51.599249014604354,51.898204838044464,51.24050506758118,36983100.0,-0.0055941073276115,-0.0005816305962185,-0.0111260473742431,-0.00482623784905,0.004285965398604,0.0047208053232068,0.0051835465344274,0.0069440604208654,0.6798334630252324,-0.0537679802275065,0.1118936339503806,-0.0028241865805492,-0.0040764132592356,-0.006159664207329,0.0152330864388166,-0.0118717320055832,-0.014302133263585,-0.0022376809597012,0.0002138403404256,-0.0005489397949844,-0.0002640482655021,-4.8904767040945406e-05,-0.0812946408317935,-0.0028241865805492,-0.0040764132592356,0.0128031750121711,-0.0044418607118293,36.33542846341408,0.2868704021193267,0.3817137769336521,-0.0948433748143254,0.0312463363026405,0.3028676338989385,0.0132286173717783,0.2865093152838225,-0.0054002304622053,-1.1849897972114702,-0.011386931180586,-0.0030660824190705,0.0179779601437943,0.0759954531627158,0.0711667710417667,17.079999923706055,-0.0178263068903218,0.011249291943377,-0.0622855433743274,-1.3727215623046047,-0.6722178080905776,-0.066156420516855,-0.0049953394824965,0.0040443225979069,-0.0084627252462963,-0.0139751263726668,0.0040443225979069,-0.0011388758495576,-0.0012631410184109,-0.0043589115960904,0.0018274574541357,0.0018274574541357,-0.6752364462838731,-0.2027204162349213,0.0703988527952247,-0.0355727343918783,0.6067844811411468,-0.0014403070773479,-0.0362901386604496,0.0019311588129911,-0.0285900173260396,-0.0151092632374013,0.8095092533443644,0.6315247794469727,-0.0291040075180375,63.76754760742188,-0.0012463300181512,0.008018910590775,-0.0401521512140303,69.54328918457031,0.0014316402492731,0.0014316402492731,0.0435078427980684,56.26146697998047,-0.0150008511864885,-0.007382608197614,-0.5342403596981703,176.1756591796875,0.0007365642890264,0.0305736102202542,0.0315854739221706
2026-05-08,51.061134338378906,735.724609375,17.190000534057617,85.0844955444336,78.98052215576172,27.34000015258789,51.499597028682274,51.55938895065224,50.96148113509563,29627700.0,-0.0060135815559835,-0.0067842514543511,-0.0130970238527523,-0.0035005681415914,0.0092574664138049,0.0049862749041427,0.0050026916872625,0.0066086108737732,0.75451168859396,-0.1988854368617016,-0.1014114516000621,-0.0062063574425683,-0.0097211108454329,-0.0125835645835339,0.0095355736153361,-0.0176122009979698,-0.0201143172877047,-0.0026367092312859,0.0004607439353007,-0.0003954421748867,-0.0002064822306333,-0.000118768714903,-0.0868193504350706,-0.0062063574425683,-0.0097211108454329,0.0117096461585499,-0.0085139052653008,29.129133271716498,0.2268733603869037,0.3507456936243024,-0.1238723332373987,0.0267931540354004,0.030344036132964,0.0165573323063296,0.1251595771744137,-0.0037521644045331,-1.2060266362291157,-0.0161288592923967,0.0082560970111682,0.023548182484361,0.0855973976885293,0.0787588163744628,17.190000534057617,0.0064403167940818,0.0117716754345953,-0.0509316475330507,-1.1244546959544963,-0.5763382251104022,-0.0109320273810993,0.0050204181756279,0.0054900673076914,-0.0010652013012797,-0.008831416586663,0.0054900673076914,0.0009931478503295,0.0009992456826426,-0.0050945921390304,-0.0025538013576759,-0.0025538013576759,1.044456285658566,-0.953501636687292,0.0694025096995946,-0.0457909395433207,0.6001226664347243,-0.0129019151341764,-0.0354914243857377,9.94375622314081e-05,-0.0358021312178662,-0.018485603950532,0.7762275911916906,0.6456518692268872,-0.0366452063371134,63.70787048339844,-0.0003121062382339,0.0192553189216933,-0.0091958654445145,69.4438705444336,0.0004296436298985,0.0131997694456744,0.0120090147434688,56.16183090209961,-0.0073957425819073,0.0084078238406382,-0.2587658805463673,177.033447265625,0.0070925765742462,0.0441202727764915,0.294816585469086
2026-05-11,51.0013427734375,737.4002685546875,18.3799991607666,84.57050323486328,78.82283782958984,27.350000381469727,51.08106153524117,51.2803641418219,50.782109526060594,30759200.0,-0.0011709799579689,-0.0127314752423681,-0.0077549756616132,-0.0121598717803124,-0.0092915302651647,0.0044824753054322,0.0041563615894803,0.0052535340140439,0.853230309391584,0.038190612163617,-0.0630062441474444,-0.0058275150488567,-0.0096749256248587,-0.0132834623500075,0.0084347731638263,-0.0186339842968251,-0.0211436196950683,-0.0015570403711421,-0.0004667482898451,-7.980545996506147e-05,-0.0001324612560162,-0.0001218014396606,-0.0878886666737163,-0.0058275150488567,-0.0096749256248587,0.0097694411297109,-0.0015606324419994,31.699359487590076,0.1725119822207403,0.31509895134359,-0.1425869691228496,0.0292756026426672,0.0462616940070153,0.0210723253204933,0.2234517330088226,0.0030728451228203,-0.261235058074912,-0.0221981405238501,0.0022775630423874,0.0296513948306098,0.0775397141875302,0.0796398141440799,18.3799991607666,0.0692262123175218,0.0049206255185505,0.0168459653179005,0.3861069510786286,1.7306784035683198,0.0569292585316287,-0.0060409632363852,0.0070622662302206,-0.010075598018441,-0.0143093405567434,0.0070622662302206,-0.0013775746277276,0.0022555794329495,-0.0036430010451853,-0.0047306827850122,-0.0047306827850122,-0.2139457564265189,-0.8101063531816709,0.0691637160282036,-0.0450947891315437,0.6030630163308848,-0.008104481433341,-0.0444019667008606,-0.0075119148006193,-0.0363291602187132,-0.014713332421142,0.6461710828890609,0.6925773233771846,-0.037406370492223,62.58390045166016,-0.006003183141769,-0.0071011719248584,-0.156567472349126,68.15143585205078,-0.0063776955958461,-0.0121054543664957,-0.1601192887594821,55.9725341796875,-0.0014219643470376,-0.0130006900247232,-0.0458673792639031,177.3625946044922,0.0105705486290619,0.0264966135322006,0.4007156682221289
2026-05-12,51.39994812011719,736.2831420898438,17.989999771118164,84.00709533691406,78.71443176269531,27.450000762939453,51.0013429059203,51.51952816382384,50.63263555368586,44193700.0,0.0078155853356725,0.0005819690872457,-0.000193814555384,-0.0052072693423909,-0.0038624373476732,0.006192568244729,0.005034536160943,0.0055419655960046,1.117395447528217,0.4367636349449921,0.3306423628230561,0.0019814475543129,-0.0014132540004758,-0.0053799417570755,0.0162514904914459,-0.0110543284062382,-0.0133774521974003,-3.876666797042901e-05,-0.0001934957910887,6.284940550281593e-05,9.283053179608538e-05,-0.0001176140671916,-0.0807599827124706,0.0019814475543129,-0.0014132540004758,0.0172547374574267,0.0078155827177369,40.652837192818254,0.1597527878687543,0.2840297186486229,-0.1242769307798685,0.0296721607516718,0.3186872266532721,0.0209970882454623,0.5943677299989991,0.0076215956399239,1.2620909071505204,-0.0176403621906774,-0.0015149526145865,0.0199095738785064,0.0629553126164219,0.0764770601795128,17.989999771118164,-0.0212186837571199,0.0350978503916485,-0.0037104781228287,-0.0852473171011291,0.6888742073653201,0.0532786798288611,-0.006661990604272,-0.0051504415935585,-0.021857195839931,-0.0201706678760457,-0.0051504415935585,-0.0013865251820558,-0.0006255499473252,-0.0029059179698771,-0.001818154074929,-0.001818154074929,-0.9715780063990368,0.2740655189980621,0.069810029840185,-0.033045784824212,0.6118524621518634,0.0054381636411013,-0.0409059678390983,0.0072260835889381,-0.0197109517831483,0.0049822880216323,0.8346411606126197,0.877035857758174,-0.0201033884338904,62.36507797241211,-0.0215356198639036,-0.010260432879928,-0.5114114811122896,67.83329772949219,-0.0241703982178552,-0.0152979663477522,-0.5578667546706522,56.26146697998047,-0.0014146045170523,-0.0058097878413267,-0.043623325336542,177.79148864746094,0.0071190504590565,0.0148022254723938,0.2429877742843956
2026-05-13,50.812007904052734,740.4025268554688,17.8700008392334,83.81929779052734,78.75386047363281,27.51000022888184,50.961482009470735,51.15082119826705,50.78211004186427,33440200.0,-0.0114385371496968,-0.0048789835469621,-0.0163965622188629,-0.0179121072358227,-0.0226182817064944,0.0071928657053965,0.0060343768034819,0.0057714570047445,1.2462822564910758,-0.2433265374929005,0.007414575129059,-0.006197849135817,-0.0110550602736816,-0.0156370342791696,0.0049382598503495,-0.0223759036009902,-0.0245275013719384,-0.0033064947090834,-0.0011438999373773,-0.0003054285164358,9.928287397669472e-06,-0.0001403977324236,-0.091274743799702,-0.006197849135817,-0.0110550602736816,0.0072563783958117,-0.002933080034647,38.59157632987299,0.1010345096691054,0.2474306768527194,-0.1463961671836139,0.0326686115973046,0.0213437757342652,0.0196717238986419,0.1849361465344237,-0.0098122093007095,-1.5902612432835732,-0.0249992846152337,0.0055948378146111,0.0115557843714102,0.0605337361187352,0.0808888582268343,17.8700008392334,-0.0066703131412717,0.0276021544814248,-0.0095332598306726,-0.2186775148829106,0.3042166847954127,0.0395578990139373,-0.0022354962474723,-0.0148698978093549,-0.019772619029987,-0.0215926445445983,-0.0148698978093549,0.002480264180815,-0.0031185784103439,-0.0036218898681311,0.0058500857470009,0.0058500857470009,-0.6108849359294553,0.9077979087771548,0.0686275452352306,-0.0455653165184746,0.6062089428503318,-0.0036911743485967,-0.0585683393100563,-0.0111406087913622,-0.0276330253082808,-0.0015497084152775,1.023005968352109,1.5190935821901463,-0.0279523465902732,61.44999313354492,-0.0454264786699925,-0.0247829140784474,-0.9814452646422748,66.7496337890625,-0.050487865812537,-0.0293479685055932,-1.070421073069593,55.52419662475586,-0.0110026564720181,-0.0287557095571975,-0.3089333131863628,178.07077026367188,0.0002801973501336,-0.0048494425004359,0.0084181347693998
2026-05-14,51.1109619140625,746.2474975585938,17.260000228881836,83.93790435791016,78.69471740722656,27.6200008392334,51.091031272284845,51.3102645304578,50.92162271786541,37059700.0,0.0058835307310483,0.0021493383245214,-0.0050436083241852,-0.0161135402732763,-0.0142224615832851,0.0080502278911348,0.00625585746603,0.0059645738743452,1.3496733733296606,0.1082379890072426,0.0972372993236363,0.0006633680842651,-0.0036132912719695,-0.0091377508962695,0.0111933105387209,-0.016651099597988,-0.0187051842828448,-0.0010112740490976,-0.0007162285051303,-0.0003317161271635,2.8048561303977544e-05,-8.5563714743317e-05,-0.0859282308287678,0.0006633680842651,-0.0036132912719695,0.00760388374701,0.0003901005965496,48.12684439002057,0.0777269533633884,0.2134899321548532,-0.1357629787914648,0.0335451819090809,0.2275987078849067,0.0166884561712298,0.5397501169346509,0.0051670846228744,0.7308526019089212,-0.0216828851291806,0.0078943149045545,0.0226769360507759,0.0662856887702976,0.0877388911633754,17.260000228881836,-0.0341354550477867,0.0105386596006917,-0.0415370764326702,-0.9284441812739224,-0.9457104957883704,-0.0609357444517996,0.001415026974805,-0.008523148679681,-0.0121282419355838,-0.0195235417438698,-0.008523148679681,-0.0013882255739245,-0.0001252427547745,0.0095029321301793,0.007661473658896,0.007661473658896,-1.01190510900187,1.940979588756309,0.0684906308982957,-0.0437499747338772,0.6089139621133023,0.0008609379540138,-0.0549209265132366,-0.0116528365343917,-0.0271058663765396,0.0035094519361318,1.0954196150222737,1.9532253697269109,-0.0277205443749611,62.04678726196289,-0.0269848913753538,-0.0115671103025754,-0.5632641608474381,67.34613800048828,-0.031594007270072,-0.0158362499710119,-0.6535969216388186,56.05223846435547,-0.0037188599383561,-0.024280308551367,-0.0987702772691632,179.19786071777344,0.0171544783891144,0.0145123708126102,0.4935575799339534
2026-05-15,50.92162322998047,737.2706298828125,18.43000030517578,82.6924819946289,78.31036376953125,27.770000457763672,51.14085649035823,51.32022846677981,50.86183510542746,29789800.0,-0.0037044633282461,-0.0093059411075457,-0.0027322367629732,-0.0157934764456696,-0.025367122869998,0.0077502609569903,0.0062427399099636,0.0056575458853202,1.3698977868128803,-0.1961672652503933,-0.0974370099059906,-0.0024986408474028,-0.0057205118582677,-0.0115384875409572,0.0077067481731001,-0.0203609434513071,-0.022249024956522,-0.0005471952269246,-0.0012847207584397,-0.0002535416146827,7.01704354347463e-05,-9.464130890413142e-05,-0.0893143761770477,-0.0024986408474028,-0.0057205118582677,0.0090019392995796,-0.0042868515590679,39.14370904885048,0.0434763295690245,0.1794872116376875,-0.1360108820686629,0.0331456076422702,0.1518848691661249,0.0175936736021136,0.3579807205754533,-0.0006024829590642,-0.4779791120356762,-0.0200416475141563,-0.0120293437567962,0.0021013576114108,0.040879232009342,0.0731834441706293,18.43000030517578,0.0677867937878782,0.0721349466314105,0.0207416228501413,0.4676162897641315,0.9397387879243254,0.0244580622376666,-0.0148374250323284,-0.028113389337256,-0.0356158589135607,-0.0331447086763734,-0.028113389337256,-0.0074943426198202,-0.0084851095933351,0.0131339150804683,0.0157278823253803,0.0157278823253803,-2.912147268822423,2.7153477746103305,0.069067749569889,-0.0325217340825176,0.6157950759452107,0.0116329368354106,-0.0404528996844886,0.0071469815452169,-0.0048234585630195,0.0261153433907015,0.8146974289670308,0.990651677228495,-0.0048335943743841,61.350528717041016,-0.0370023632632913,-0.0446096126476465,-0.736071917791218,66.58061981201172,-0.0412311512877127,-0.0483160738018229,-0.8209311549123673,56.32123947143555,0.002838379140698,-0.0313571611709259,0.0742036037844943,177.21298217773438,0.0010141298996453,-0.0076518900560632,0.0273735568973443
2026-05-18,51.55939102172852,736.751953125,17.81999969482422,82.59363555908203,78.38920593261719,27.700000762939453,50.8319359133732,51.61917914471908,50.79207843183987,32974600.0,0.0125244984604606,0.0147087892902608,0.0109418344291447,0.0031020051078403,-0.0169104536516696,0.0096510303701487,0.0073662701625459,0.0063609305766365,1.5172353693595015,0.1069090762610021,-0.0111521499192493,0.00779121298738,0.0064190185110268,0.0017037542717763,0.0204892885382417,-0.0081727871179143,-0.010002204351637,0.0021764811344461,-0.0008527534010584,-0.000154405054864,8.308342872901032e-05,-9.998271512314652e-07,-0.0779084954835135,0.00779121298738,0.0064190185110268,0.0160417083384605,0.0143109857077849,48.578872712813,0.0670224016693623,0.1569942496440225,-0.0899718479746601,0.0285230799483818,0.5597324789209176,0.0246441148939881,0.8161490287192585,0.0076215686970403,1.297736788961206,-0.0112359706371479,-0.0007035093177317,-0.0008791906612106,0.0422311499996115,0.0711040740781416,17.81999969482422,-0.0330982420103516,-0.0304678722258998,-0.0101649827443377,-0.2349836491151875,-0.1288540886692388,-0.0027980493598748,-0.0011953497242143,-0.0233753803059588,-0.0365472090588678,-0.0333932611866691,-0.0233753803059588,-0.0032581777487006,-0.0055013484532254,0.0080058669711762,0.0127970887235109,0.0127970887235109,-2.060825739610342,1.8205729653210787,0.0699820214972416,-0.0168158537972947,0.624253802035949,0.024479701938495,-0.0249275588613786,0.0199082544865596,0.0118314271706325,0.0351385927029512,0.9888352613982349,1.2433486169874837,0.0118210250903554,62.13630676269531,-0.0071518982635249,-0.0364029470866568,-0.143361040735881,67.52509307861328,-0.0091904560132412,-0.0385051013069722,-0.187072715278133,57.87548065185547,0.0339978616308309,-0.0053082492087453,0.9315651343817556,178.49966430664062,0.0064109893333712,-0.0066055867637244,0.1687359872511735
2026-05-19,50.92162322998047,731.8446044921875,18.059999465942383,82.05987548828125,78.20195007324219,27.790000915527344,51.449775738946784,51.60921707339027,50.87179852572587,35956300.0,-0.012369575728295,-0.0037044633282461,-0.0093059411075457,-0.0094979520360916,-0.0229445000070266,0.0108681878049416,0.0083927142396442,0.0067684802540603,1.6057055337815995,0.0904241446446658,0.075351270957638,-0.002810102588182,-0.0050816805345179,-0.0095363563143334,0.0076577727132243,-0.0203873073104221,-0.0222768827041343,-0.0018699023799299,-0.0011605911004655,0.0002065717707625,-5.604526430734507e-05,3.024456593928349e-05,-0.0893143761770477,-0.002810102588182,-0.0050816805345179,0.0144814422810904,-0.0102653996325684,40.76581722433503,0.0338303277433524,0.1323614652638885,-0.098531137520536,0.0274997279897434,0.1532199766524891,0.0232254011568337,0.3790073605529438,-0.0111347546188796,-1.1381450902537391,-0.009777565771401,-0.0066607880874933,-0.0060283026242567,0.0421116625622881,0.062603482196264,18.059999465942383,0.0134680008545606,0.0038910336695279,0.0071942231769495,0.1855654299991044,0.4046540069821356,0.0463498972451852,-0.0064624842723984,-0.0231792307640611,-0.0374661257404639,-0.038576186100068,-0.0231792307640611,-0.0071321218057528,-0.0065106445918091,0.0105454878373578,0.0123861618629508,0.0123861618629508,-2.416655012393968,2.131572662136574,0.0695798300860795,-0.0192746066552431,0.6205422921614406,0.0176185123600898,-0.0229434714994191,0.0192555414377091,-0.0032975169131499,0.0142024925077777,1.081518775708852,1.3078643348239596,-0.0032776384832889,61.64892578125,-0.0114832244975129,-0.0338269749400809,-0.2275810313870086,67.16718292236328,-0.0098198794607519,-0.0297286189784535,-0.1998195002580165,57.30758666992188,0.0185938928736721,-0.0147311170417194,0.5214267041018008,175.66696166992188,-0.0119495426564076,-0.0115058472866513,-0.2991900327809096
2026-05-20,51.47966766357422,739.3452758789062,17.440000534057617,82.93959045410156,78.70457458496094,27.729999542236328,51.05116838229144,51.52949236575989,50.602738459858166,42148400.0,0.0109588893322081,0.0109588893322081,0.0131398027171492,-0.003472207094509,-0.0105343872119771,0.0105233736782391,0.0090559444949769,0.0072851484540797,1.444496608418382,0.1722118237972205,0.2414006181319996,0.0054887039596211,0.0061741419337106,0.00185204105637,0.0183857271884726,-0.0095839226558887,-0.0115965622418119,0.002610844869903,-0.0005295133326254,0.0003062929567944,-6.89570129671859e-05,3.5375456683238154e-05,-0.0793342732091391,0.0054887039596211,0.0061741419337106,0.0180023288409353,0.0083935254541876,45.093935209160485,0.0519559758915022,0.1162803673894112,-0.064324391497909,0.0251546438896162,0.5736262085242431,0.0237704653603726,0.7309043544755919,0.007305926221472,1.0413854554537076,-0.0096344606176454,0.0102489945825634,-0.0014279408000573,0.0422378170385209,0.072050934166332,17.440000534057617,-0.034329952946785,-0.0240626908215761,-0.0233521500250354,-0.629576464677883,-0.7691333539570294,-0.0537167528337011,0.0107204033711449,-0.0104952840171037,-0.0290540039050202,-0.0273293190041957,-0.0104952840171037,-0.0037424486113479,-0.000625821875594,0.0138939362144967,0.0079970669401712,0.0079970669401712,-0.0726786827569173,1.4883834077502398,0.0696287233354904,-0.0160102185151438,0.6206887130948984,0.0168899852496839,-0.0134475766354426,0.0222990503225768,0.0145885751388621,0.0238857747239495,1.2630412295008535,1.1145121148322483,0.0145677435172065,63.02155303955078,0.0255746148350333,-0.0064293600042868,0.5143138114635721,68.76782989501953,0.0302353135349744,-0.0011552575243557,0.6277404087785899,57.57659149169922,0.0369639723166796,-0.0022444175468077,1.07204655497489,178.42984008789062,0.0020164444938777,-0.001562772026116,0.0508605221636241
2026-05-21,51.54942321777344,740.8114624023438,16.760000228881836,83.2459945678711,78.7439956665039,27.729999542236328,51.28036526321289,51.64907642393352,51.03123794988437,33344200.0,0.0013550117427929,-0.0001933266424903,0.0085786157663823,0.0034917402643077,-0.0013513495537649,0.0103701859100045,0.0088702046402875,0.0070844810821592,1.463788854250846,-0.2088857465526568,-0.0012852265440165,0.0051295825763333,0.0071844191927916,0.0032776608752704,0.0197236835425036,-0.008120553006001,-0.0103180199467016,0.0017084057076847,-6.761317249973903e-05,4.040773328889406e-05,-0.0001224502912993,6.24135285746343e-05,-0.0780867603381506,0.0051295825763333,0.0071844191927916,0.0119853615323505,0.0052468026149875,47.95701049217306,0.0711294370161468,0.1072501813147583,-0.0361207442986115,0.02497745244405,0.6312247869398386,0.0260777630147224,0.6967033205048044,0.0014194539569564,0.1306641581826959,-0.0071818780897468,0.0019830877010671,-0.007284493648601,0.048373130487892,0.0728461810465557,16.760000228881836,-0.0389908419926848,-0.0289687134049587,-0.0546828555897174,-1.5856928063791629,-1.4765325982729156,-0.0594836971995155,0.0036943046389781,-0.0082431148994233,-0.0233277744126679,-0.0228473702987901,-0.0082431148994233,0.0005008740819811,0.0006261952631756,0.0116745602555861,0.0039825742092911,0.0039825742092911,0.1233719551175347,1.3452884781187806,0.0695850777613593,-0.0142136194911663,0.6192420846836637,0.0133887072534313,-0.0115594928262897,0.0205305243125015,0.0159795120691588,0.0169615466436614,1.2625173423216796,1.2215378064722513,0.0158631094149833,63.12101745605469,0.0173132283152126,-0.013524073838696,0.356725559132428,68.8075942993164,0.0217006697372539,-0.0112857326720233,0.4657310962562417,57.666259765625,0.0287949481677867,-0.0065224291885376,0.8902968914913212,179.26766967773438,0.0003895635789474,0.019513309270297,0.0099605043603391
2026-05-22,51.75868988037109,743.7239990234375,16.700000762939453,83.70067596435547,78.75386047363281,27.770000457763672,51.71883239880171,51.98788655526504,51.65904047437588,23308000.0,0.0040595345114453,0.016438333998312,0.016438333998312,0.0136611838148665,0.0101127937684362,0.0099202478838828,0.008631709946496,0.0069235548273193,1.4328255785472217,-0.3009878779517877,-0.2977666249036454,0.0059263090509993,0.00989673087798,0.0068427936908714,0.0239613548884629,-0.0039455764589464,-0.0063578464410215,0.0032609374434705,0.0005031000808104,-9.327929953442664e-05,-0.0001482809728337,5.855062334008701e-05,-0.0743442217251849,0.0059263090509993,0.00989673087798,0.006353446767088,0.0007706570260914,53.98227914996833,0.1020344245202693,0.1062070299558606,-0.0041726054355912,0.0256540069328743,0.7667339144631911,0.0244951733749179,0.7419378283342775,-0.0014199101546586,0.4092170024121851,-0.001506408292258,0.0039315490768039,0.0087530533281254,0.0444014709351121,0.0755566633864741,16.700000762939453,-0.0035799203534011,-0.0938686659571288,-0.0526972167137599,-1.5306462305676032,-1.0699885655717134,-0.0753044708316642,0.0054619011862928,0.0121920874232803,-0.0198051656808265,-0.0166349565456871,0.0121920874232803,-0.0028698427908832,0.0056633206992471,0.0157278823253803,0.0,0.0,0.2083442078522596,1.431132336537271,0.0695939487610107,-0.0124353974861427,0.6183783975939801,0.0104609511314519,0.0027583881655679,0.0304199994106395,0.0076185947044529,0.0041950995545134,1.2900007244919982,1.5997953786575116,0.0076852806701865,63.200592041015625,0.0301556215188856,0.0006299364398358,0.6389207300813017,68.96666717529297,0.035836965321413,0.0069676564127414,0.7933018501357766,57.397254943847656,0.0191049679039438,-0.0020786344749031,0.6202265468551628,179.42726135253906,0.012495016717138,0.0189180493697955,0.3317064657802295
2026-05-25,,,16.59000015258789,,,,,,,,,,,,,,,,,,,,,,,,,,,,,,,,,,,,0.1020344245202693,0.1053725088687423,-0.003338084348473,,,,,,,,,,,,16.59000015258789,-0.0065868625943823,-0.0690235445174322,-0.0551046464126249,-1.507754679560514,-0.829377228872126,-0.0487385524908561,,,,,,,,,,,,,,,,,,,,,,,,,,,,,,,,,,,,,,,
2026-05-26,51.66900253295898,748.6613159179688,17.010000228881836,84.1158218383789,79.01994323730469,27.75,51.818480439394285,52.04767710824896,51.53945906885488,24530200.0,,0.0023197022919223,0.0146770518214449,0.0052345269340163,0.0,,,,,,,,,,,,,0.0029140772639595,0.0,0.0002631886020006,-8.581168028308885e-05,5.951273298044309e-05,-0.0759481960831534,,,0.0098360334916451,-0.0028846447284406,,0.1225396462856878,0.1088059363521314,0.0137337099335563,,,,,,,,,0.0229785275761513,0.0546587269910507,,17.010000228881836,0.0253164600621433,-0.0581394943582717,-0.0289155805905159,-0.7798255227834161,0.3245835499398638,0.0149164675767239,,0.0250542221501575,-0.0110658757271542,,0.0250542221501575,0.0038812638009051,0.0104600097989422,0.0109289336510904,-0.0014393995757299,-0.0014393995757299,,,0.0690151894246134,,0.6142602117380056,,-0.0113857624383085,0.0039351800230962,-0.0081150048910371,-0.0101235330819332,,,-0.0083014757547064,63.8968505859375,0.0364633248057533,-0.0057267165012965,,69.8912582397461,0.040556640890113,-0.0009947754116207,,57.028621673583984,-0.00486785454681,-0.0144628234017063,,178.63931274414062,0.0169203761820837,0.0105513407431014,
2026-05-27,51.24050521850586,748.5316162109375,16.290000915527344,84.31350708007812,78.97065734863281,27.75,51.55939168453998,51.80851900388638,51.12092516960632,45239100.0,-0.0082931214741331,-0.0100115490377152,-0.0046457651325823,0.0084329931472546,-0.0096301667661407,,,,,0.8442205933910036,,,,,,,,-0.0009313180479396,-0.0004838418344954,0.0001536585736967,-0.0002664372305528,1.980333105839863e-05,-0.0836114699414277,,,0.0134189511080723,-0.0061848376331744,,0.0985862553879144,0.106762000159288,-0.0081757447713736,,,,,-0.0049559384615614,,,-0.000173242164746,0.012424966563979,0.0546389671850422,,16.290000915527344,-0.0423280013913216,-0.0659403430799501,-0.0632816278308273,-1.7482397008713508,-1.4482097857083398,-0.0245508879449861,0.0023501552666163,0.0165652689922177,-0.0009920346147219,,0.0165652689922177,0.0027528412410029,0.0033807788819777,0.0087240919346194,0.0007212570535102,0.0007212570535102,,,0.0684546973151047,,0.6077377989963026,,-0.0025186376626681,0.0025219953681026,-0.0168612314594502,-0.0208653932726107,,,-0.0170707316965613,63.26026916503906,0.0037878489814187,-0.0001572419188626,,69.17544555664062,0.0059274178383026,0.0079676115052615,,56.09209060668945,-0.0257830629870436,-0.0160783036580647,,177.1830596923828,-0.0069875105805938,0.0172364478564512,
2026-05-28,51.09103012084961,752.6609497070312,15.739999771118164,84.74842071533203,79.06922912597656,27.700000762939453,51.0113075555357,51.32022679405539,50.84190280631536,40564600.0,-0.0029171277101746,,-0.0088923031201982,-0.0003899710055624,-0.0164972274653352,,,,,-0.1033287576454881,,,,,,,,-0.0017864151204905,-0.0008317411054011,1.085356090598117e-05,-0.0003078821599732,-5.521247611599952e-05,-0.0862846923157477,,,0.0093621911049475,0.0015628410470975,,0.066771924183314,0.0987639849640932,-0.0319920607807792,,,,,,,,0.0055165786009099,0.0159952807240069,0.0500097536934822,,15.739999771118164,-0.0337631131674724,-0.060859215025901,-0.0919056313711562,-2.202813602599927,-1.5104370636402011,-0.0512357066697877,0.0051582913617962,0.0180480292806881,0.005099264924439,,0.0180480292806881,0.0047590452204306,0.0041302636057494,0.0028964489962077,-0.0010818167974068,-0.0010818167974068,,,0.0678805378978894,,0.6028552472082422,,-0.0089076855097484,-0.0099500344581238,-0.024495767171743,-0.0264627322346681,,,-0.0248875838442051,63.14091110229492,0.0003151667549414,-0.0110609697953174,,69.14562225341797,0.0049126547373699,-0.0042948108836299,,55.44449234008789,-0.0385280306814957,-0.0293040567033791,,179.11807250976562,-0.0008344905037125,0.0174504543937732,
2026-05-29,51.39994812011719,754.5361328125,15.31999969482422,84.76819610595703,79.14806365966797,27.65999984741211,51.100992308779,51.609214146949085,50.9913756848058,34240300.0,0.0060464233846306,-0.0052072693423909,-0.0069310440639641,0.0093933551170675,-0.0065484750613894,,,,,-0.1559068744668996,,,,,,,,-0.0013910350635406,-0.0003285005195701,0.0001989322136705,-0.0002607525608707,-5.358337465924925e-05,-0.0807599827124706,,,0.0120202156760829,0.0058502936602823,,0.0657282637887064,0.0921568407290159,-0.0264285769403094,,,,,0.0077821798320943,,,0.0024914048034492,0.0145378309739361,0.0497189811485132,,15.31999969482422,-0.0266836138755616,-0.082634790722748,-0.1118583367466649,-2.2696703247076258,-1.2962716253168622,-0.0993533516353579,0.0002333422907245,0.0127540205536234,0.0017521836703946,,0.0127540205536234,0.0106971778678246,0.005005509363787,-0.0039611310240655,-0.0039611310240655,-0.0039611310240655,,,0.0681212547482996,,0.6063588761033584,,-0.0137038607379504,-0.0153236039235427,-0.0211612365576258,-0.0194371626457002,,,-0.0214688750379002,63.15085983276367,-0.0007868946578803,-0.0090525773905547,,69.20526885986328,0.0034596667396418,-0.0030077252320723,,54.956302642822266,-0.0425273352081628,-0.0287022502825275,,182.3198089599609,0.0161210040526595,0.0371651741634697,
2026-06-01,51.25047302246094,756.5908203125,16.049999237060547,84.81383514404297,79.08763122558594,27.76000022888184,51.0511704044427,51.41987777687861,51.01130912056281,34507600.0,-0.0029080787651174,0.0001945297750787,,-0.0059914982148915,-0.0029080787651174,,,,,0.0078065904796393,,-0.001553058301897,,,,,,,-0.0001456157720944,0.0003665062114482,-0.0002539154210107,-9.178100125466026e-05,-0.0834332050867907,-0.001553058301897,,0.0079719977635474,0.0039039774492788,,0.0522376016860093,0.0841729929204146,-0.0319353912344052,,,0.0170397939450233,0.4088569787341483,-0.002972922023477,,,0.0027231134609038,,0.0564476671234441,,16.049999237060547,0.047650101617362,-0.032549783638375,-0.0634573749344684,-1.274350672133438,-0.0505489473580001,-0.0147330672178189,0.000538398127865,,0.0099598531491975,,,0.0089097125638586,,0.0021660456422318,,,,,0.0677386926281931,,0.6042701987879697,,-0.0320557883446813,-0.0320119848414292,,,,,,62.19598388671875,,-0.0121643176823713,,67.91282653808594,,-0.0098565296575192,,55.13563537597656,,-0.0163526580470427,,183.40701293945312,,0.0450102294790528,
2026-06-02,51.280364990234375,757.6182250976562,15.770000457763672,84.99246215820312,79.1470718383789,27.76000022888184,51.051168319357934,51.479667600112485,50.80204100735558,30988800.0,0.0005832525245248,0.0037058338604039,-0.0075216768985757,0.0070449788812445,-0.0025198860263564,0.0052779223503157,,,,-0.1019717395588217,,0.0005443776447606,,,,,,-0.0015100214726315,-0.0001261533141431,0.0004555104231965,-0.00021783402047,-3.6717555238911375e-05,-0.082898615189762,0.0005443776447606,,0.0132141530756645,0.0044895480049088,,0.0434572387591458,0.0760298420881608,-0.0325726033290149,,,0.0086148688686539,0.5631904737100978,-0.0006520254289431,0.1105079565981099,,0.0013579397972762,0.0119639000830502,0.0494632254226639,,15.770000457763672,-0.0174454076390445,-0.072898280683896,-0.0754528699181024,-1.424070505196868,-0.175535572759765,0.0019060156976975,0.0021061070267225,0.010421824344873,0.0065187125784345,,0.010421824344873,0.0120856546959704,0.0016088166590102,-0.0010795496817974,0.0003603686083544,0.0003603686083544,,,0.0676862874881664,,0.603351917194518,,-0.0272139583492871,-0.027702181114918,-0.0192552095781547,-0.0177584260465502,,2.5210340677702185,-0.019485576981626,63.18069839477539,-0.0112079419344608,-0.0087391068643198,,69.13568115234375,-0.0108107523949634,-0.0054346985035783,,54.926414489746094,-0.0368623179404605,-0.025110465832321,,181.6814422607422,0.0170294515236895,0.0291541119748854,
2026-06-03,50.69242477416992,752.3018798828125,16.059999465942383,84.65506744384766,78.92914581298828,27.86000061035156,50.961482729380485,50.981413370660654,50.34364805521982,44906700.0,-0.0114652112202481,-0.0137650595345708,-0.0106962341998532,-0.0152923071405398,-0.0187114161777041,0.0063754756817213,,,,0.4491267812887236,,-0.0088071636054767,,,,,,-0.0021507700260374,-0.0009444344782893,0.0003529714230484,-0.0004087955275938,-9.818555618386374e-05,-0.0934133762769934,-0.0088071636054767,,0.0125810773164238,-0.0052796335742296,,-0.0108184159694317,0.0586601904766423,-0.0694786064460741,,,0.0214963183181928,0.0902943250508603,-0.0068768580420578,-1.7983300375200564,,-0.0070171823204998,0.0050368796590851,0.0278129673880702,,16.059999465942383,0.0183892834344174,-0.0141191796598199,-0.0547659338431294,-1.0042117089518614,0.9013242575973984,0.0483028580847928,-0.0039697016157438,0.0040510752736822,-0.0050470781760899,,0.0040510752736822,0.0028533440300211,-0.0005256577194396,0.0046881020649576,0.0039639859586149,0.0039639859586149,,,0.067383089328537,,0.5988114628553641,,-0.0322515464793642,-0.0352467344386676,-0.0156542652089294,-0.014687808057489,,1.344103913725723,-0.0157331138589383,61.73844528198242,-0.0240565508674389,-0.0409456192096702,,67.4853286743164,-0.0244323237635001,-0.0400226215714113,,54.03969955444336,-0.0365896694176938,-0.0374445277328721,,178.57945251464844,0.0078810740975461,0.003137627469866,
2026-06-04,52.00781631469727,755.1445922851562,15.399999618530272,84.8436050415039,79.07772827148438,27.84000015258789,51.36008758395137,52.11743294026163,51.3002956605396,57368100.0,0.0259484833559904,0.0147772937023316,0.0179441712503958,0.0088923031201981,0.0124150929973532,0.0139986405148851,,,,0.2774953403389695,,0.0132799778292698,,,,,,0.003557015004737,0.0006169328857083,0.0009203523626804,-0.000345497283756,2.0387291808643834e-05,-0.0698888283605534,0.0132799778292698,,0.0157118167541887,0.0126115192013086,,0.0517127286125784,0.0572706981038295,-0.005557969491251,,,0.0365443404262329,0.8633935562765515,0.0210227187885465,1.8536429644547023,,0.0037786857621391,0.0032998159119213,0.0348697455469311,,15.399999618530272,-0.0410958822764432,-0.0216010265268089,-0.0891077650676733,-1.518794226616537,-0.9148465246689588,-0.0404984205251163,0.0022271271330722,0.0011231398221756,0.0021750128824566,,0.0011231398221756,0.0042381974924652,0.0001074899249906,0.0039668450114476,0.0050541294509907,0.0050541294509907,,,0.0688713351668393,,0.6129845176811619,,-0.0102571214616982,-0.0101052030494639,0.0145961905964908,0.0168021602529417,,3.1955133677682164,0.0146443553384745,63.59845352172852,0.007246370244679,-0.002651726341028,,69.5731201171875,0.0061825730948339,0.0004289548706564,,55.055931091308594,-0.0070081126615051,-0.021427381001296,,183.5566253662109,0.0247800391900896,0.0418954935142052,
2026-06-05,52.117431640625,735.65478515625,21.51000022888184,84.406982421875,78.68150329589844,28.020000457763672,52.19715420318602,52.29680360500627,51.87827155570398,42101700.0,0.0021076702252686,0.0163233364378361,0.0139588374453436,0.006931044063964,0.0206869141458174,0.0139401382916269,,,,-0.2661130488895397,,0.0125846753555998,,,,,,0.0027724620219323,0.0010237922937344,0.001229644202982,-0.0003400935022162,5.314897822605479e-06,-0.0679284607378991,0.0125846753555998,,0.0080305578407675,-0.0015273354223619,,0.1088592897851725,0.0675884164400981,0.0412708733450744,,,0.0459310255869491,0.773990732729808,-0.0033334419206766,0.1511943447031875,,-0.0258093712489256,-0.0250237819438422,-9.4905373369647e-05,,21.51000022888184,0.3967532962143463,0.4040470402978451,0.2562417976907585,3.067421071998,1.778943608915175,0.3639822196893041,-0.005146205414248,-0.0042611934743842,-0.0079628270488455,,-0.0042611934743842,-0.0009187762644169,-0.0058947792554434,0.0090025205573991,0.0130152065197948,0.0130152065197948,,,0.0708449570263523,,0.6174540321810887,,0.0179758195592214,-0.001494821643977,0.0399831489909638,0.0182980022474992,,1.1249420161958892,0.0389826193891859,63.77749633789063,0.0099228499308863,0.0010928925102013,,69.76200866699219,0.0080447604106022,0.0045812268248359,,56.68987655639648,0.031544587794438,0.009402215807696,,179.51702880859375,-0.0153728778422683,0.0140288831366557,
2026-06-08,51.7885856628418,737.3204345703125,18.920000076293945,83.97036743164062,78.79046630859375,28.030000686645508,52.05764360987779,52.28684027556452,51.778618441813975,39102700.0,-0.0063097118839384,0.0216237612139322,0.0104996619279011,,0.0154357286807418,0.0143680407499316,,,,-0.0712322780315284,,0.0040960051273137,0.0065073462959808,,,,,0.0020889846604511,0.0007658904858038,0.0011036819707125,-0.0003989052202572,-1.0230710104051676e-05,-0.073809563605862,0.0040960051273137,0.0065073462959808,0.0098133947325615,-0.0051684618891382,,0.1261589472934119,0.0793025226107609,0.046856424682651,,,0.045764800256142,0.58950121281834,-0.0135176322885825,-0.4391490499370599,,0.0022641726087715,-0.0254700231946087,-0.0001082641107948,,18.920000076293945,-0.1204091178534835,0.1788162601656933,0.1032391605414986,1.2125649489873218,0.5287103130596478,0.1780822357072065,-0.0051727354503935,-0.0099449306940294,-0.0070962780197251,,-0.0099449306940294,,-0.0037574132944324,,0.0097262411937144,0.0097262411937144,,,0.0702389127367975,,0.6167483511966567,,,,0.0369097780249125,0.0206499549931724,,1.166054508781565,0.0359696851225099,63.86701202392578,0.0268671388855359,0.020502262770546,,69.95091247558594,0.0300103241374738,0.0264040896723236,,56.22161102294922,0.0196964384207647,0.0044499833161406,,179.5369873046875,-0.0211007505805855,0.0122595900507886,
2026-06-09,52.27687454223633,735.1560668945312,19.8700008392334,84.4665298461914,78.86971282958984,28.01000022888184,51.99785316761312,52.51603843575703,51.85834248030151,41695100.0,0.0094285038516677,0.0051734190474563,0.0194325752593946,0.0117647328084105,0.0170608425531839,0.0146648521477103,0.0107787477808489,,,0.0662972122129674,,0.0096616560077071,0.0147983272499303,,,,,0.0038492347478625,0.0008458470398151,0.00112090224017,-0.0002674922407244,-4.517814867437063e-05,-0.065076973508942,0.0096616560077071,0.0147983272499303,0.0125810114168961,0.0053660172031294,,0.1772269206513641,0.0988874022188815,0.0783395184324825,,,0.0487912691052288,0.6980201823992255,0.0077040308358489,0.6429320332566563,,-0.0029354505508077,-0.0296483868246829,-0.0015307632769011,,19.8700008392334,0.0502114566125064,0.2599873343346208,0.152318304345786,1.6695051982449682,0.5890155242307539,0.2902598267161338,0.0059087798437311,-0.0061879877186374,0.0054689964869605,,-0.0061879877186374,-0.0019011707875274,-0.0035043495905374,0.0093693776173635,0.009005763614508,0.009005763614508,,,0.0711099001917591,,0.6189063838354606,,0.03035144559639,0.0075638499916981,0.0505805951344464,0.0257800898574553,1.1748000412210806,1.2320133556901582,0.0490809620840776,64.7423095703125,0.0247165861602163,0.03811799287659,,70.82579040527344,0.0244462660200808,0.0441153942966889,,56.72972869873047,0.0328314568816616,0.0083229560814086,,179.70654296875,-0.0108701211715277,0.0107713498315231,
2026-06-10,52.04767608642578,723.56591796875,22.21999931335449,84.22836303710938,78.72112274169922,28.049999237060547,52.316734031898406,52.62565325848868,52.02774544586696,31128400.0,-0.0043843182634296,-0.001338430386981,0.0267347896316536,0.0157525938606164,0.0243184285239492,0.0130589999211092,0.0104615549139973,,,-0.2534278608277711,,-1.4658472657913537e-08,0.0087685096808864,,,,,0.0052767319306799,0.0012013721816515,0.0009600009841208,-0.0003025837971215,-3.8129350234579125e-05,-0.0691759736088877,-1.4658472657913537e-08,0.0087685096808864,0.0114876946980089,-0.0051428658621651,,0.196934123580533,0.1184967464912118,0.0784373770893211,,,0.0136461775310059,0.4999989258184082,-0.0039381748011026,-0.3357315226421826,,-0.0157655625080272,-0.0381973815066616,-0.0227398047359789,,22.21999931335449,0.1182686650662345,0.3835616470894227,0.2725502110809341,2.4714088635397253,0.9843200836175696,0.0330078603866925,-0.0028196589763509,-0.0050405063704109,0.0048803229967915,,-0.0050405063704109,-0.0031598395570138,-0.0026355672438409,0.010810783317497,0.0068197639105,0.0068197639105,,,0.0719321830864256,,0.6179352679986739,,0.0507998122512132,0.0167793891036771,0.067510911168064,0.0319362709793833,1.031190678501348,1.0270042242010724,0.0649321711383152,64.92134857177734,0.0515546394998678,0.0564907376098215,,71.22346496582031,0.0553918364915153,0.0670240557558068,,57.86552047729492,0.070796487663614,0.0421676313186882,,178.3699951171875,-0.0011729087222045,0.0016803704115648,
2026-06-11,52.436317443847656,735.8642578125,19.440000534057617,85.3199234008789,79.18669891357422,27.950000762939453,52.167259481083214,52.58579535695498,51.85834403602056,41295600.0,0.0074670261315132,0.0125072305550641,0.0082391678696438,0.0263311841592532,0.0259309447553266,0.006969965695408,0.0104772871729662,,,0.3266213489932024,,0.0058108717610101,0.0136580134362835,,,,,0.0016410822434237,0.0012800219588387,0.0012835924380167,-0.0002268496490454,-3.927609822720686e-05,-0.0622254862799849,0.0058108717610101,0.0136580134362835,0.0138730436536362,0.0051576020178328,,0.2411327056859704,0.1430239383301636,0.0981087673558068,,,0.0187487229277632,0.8099342703713078,0.0032979492798252,1.071314463587418,,0.0169968478867479,-0.0255319771466703,-0.0139139357653638,,19.440000534057617,-0.1251124601802332,0.262337728285795,0.1064314427799431,0.9469703105853484,-0.6758285349315175,0.0274841678470822,0.0129595343469826,0.0056140749693744,0.016464778976085,,0.0056140749693744,0.0014856574282582,0.0013780193800678,0.0090252705095401,0.0039511713271789,0.0039511713271789,,,0.0712581388308284,,0.6145846755800942,,0.0497580166206077,0.0194564589529073,0.0346559807241588,0.0026104377072777,0.8896430447478931,0.4222657623329473,0.0337711450163141,65.63750457763672,0.0320613307871009,0.0578711239393223,,71.92933654785156,0.0338667638693694,0.0680543633746311,,57.85555648803711,0.0508505685261306,0.0321720964779739,,180.4845428466797,-0.0167364294990833,0.007180231525937,
2026-06-12,53.153804779052734,739.843994140625,17.68000030517578,85.11153411865234,79.18669891357422,27.950000762939453,52.77513019088912,53.36307081407163,52.62565608075328,51023300.0,0.0136830229539557,0.0167747258131873,0.0198853455706342,0.0341217593223428,0.0438356322419442,0.0088294130986448,0.0110166571577114,,,0.2355626265267969,,0.0155357843228214,0.024055940608427,,,,,0.0039380429349635,0.0021451018342064,0.0015032910167389,-0.0001593096284247,1.843828295070945e-05,-0.0493938960831193,0.0155357843228214,0.024055940608427,0.0138732257527679,0.0071752468784812,,0.3302487303070407,0.180468896725539,0.1497798335815016,,,0.0394344389514348,0.8939648879486881,0.0080914476828932,1.5497090521618837,,0.0054082479015293,0.0056945310068026,0.0034903930164986,,17.68000030517578,-0.090534988710439,-0.1780567123641147,0.0084129604015386,0.0750781082711565,-1.16774686750625,-0.110216428865642,-0.0024424457256886,0.008347078364393,0.0292535919308911,,0.008347078364393,0.0004881389653748,0.0064207672262677,0.0104844872424856,-0.0024982046281453,-0.0024982046281453,,,0.0718446121074405,,0.6245194065583642,,0.0546577917993185,0.0299501354242734,0.0141104620998835,0.0114427536448629,0.9226055880743412,0.7375057608881517,0.0141908145638316,66.58243560791016,0.0439800781008881,0.0852789209853361,,72.9831771850586,0.0461736779031491,0.0961624777769309,,58.22418594360352,0.0270649625719445,0.0337873684959133,,183.79600524902344,0.023836047581826,0.0371475215325176,
2026-06-15,53.3730354309082,752.890380859375,16.200000762939453,85.06192016601562,79.28575134277344,27.96999931335449,53.57233423469663,53.78160406088411,53.29331286828802,37492400.0,0.0041244583104964,0.0254643327836894,0.0305945749973095,0.0414154696195103,0.0351758306923246,0.0067872500952904,0.0107903046192997,,,-0.2651906089962821,,0.0135876790276596,0.0240917901768669,,,,,0.0060271785943187,0.001728564850772,0.0015413006976082,-0.0002267068894247,3.251427725254108e-05,-0.0454731608378107,0.0135876790276596,0.0240917901768669,0.0091486494754114,-0.0037201814450592,65.6307560955127,0.4137939442714753,0.2271339062347263,0.186660038036749,,,0.0437030858816517,0.8109089153213406,-0.0043636526174,0.6076772838650859,,0.0176339698937533,0.0211169330986142,0.0219048319667458,,16.200000762939453,-0.0837103799032775,-0.1437631766588918,-0.0717129964449531,-0.6303411229663667,-1.2617894958424072,-0.2709270358436485,-0.000582928661203,0.0129992611413023,0.0298846828841665,,0.0129992611413023,0.0025050708197642,0.0062861036034465,0.0075648084560955,-0.0021406126229458,-0.0021406126229458,,,0.0708908451851734,,0.6274609758013913,,0.0465340034576979,0.0383781577511799,0.0092816420837671,0.017369522892034,0.8039612711970168,0.4813754475959556,0.0094776418986952,65.73696899414062,0.029278917409105,0.0579477992664836,,71.81004333496094,0.0265776498630216,0.0634571543849495,,58.16441345214844,0.0345561500969116,0.0049923179391115,,186.4199981689453,0.0383375646856367,0.044371701723195,
2026-06-16,54.1602783203125,748.4019775390625,16.40999984741211,85.52831268310547,79.27584838867188,27.93000030517578,53.821465010099125,54.240000888071535,53.66202367596232,37478300.0,0.0147498241958412,0.03287723014323,0.0360274747595039,0.0561601566335685,0.0636007826322639,0.0077899005641294,0.0111969198946926,,,-0.0003760762181135,,0.0212326278577814,0.0334861102177912,,,,,0.0070787327047545,0.0030830058109862,0.0016354873714392,-0.0001212430334766,9.274234824983668e-05,-0.0313940577699564,0.0212326278577814,0.0334861102177912,0.010671607126739,0.0062951335521952,75.12868007955544,0.5373339983069556,0.2891739246491722,0.2481600736577834,,,0.0622851963837096,0.8408936487408213,0.0037907474814312,1.893454503168641,,-0.0059615628442341,0.0180178213049169,0.0226241649460048,,16.40999984741211,0.012962905838441,-0.1741318996318058,-0.0552133279490367,-0.4811643676495653,-0.7921269883402999,-0.1558642285702175,0.0054829765914006,0.0125704564736766,0.042267151566901,,0.0125704564736766,0.0016270538795919,0.0051494489394117,0.0061239220062063,-0.0028561200661314,-0.0028561200661314,,,0.0723678984633437,,0.6332438536579579,,0.0691663134278965,0.0495431200458138,0.0176909019446258,0.0231658134363483,0.8285643190467733,0.5356044735972854,0.018009653454587,66.11494445800781,0.0212015125318409,0.0724427655496329,,72.06851959228516,0.0175462805272017,0.0729721935128229,,58.572898864746094,0.0324903751224332,0.0220793138980379,,187.75,0.0447588434921299,0.0687837839011649,
2026-06-17,53.861324310302734,739.0560302734375,18.440000534057617,85.66724395751953,78.97868347167969,28.18000030517578,54.100488203390334,54.698392234037655,53.711850203331466,49571900.0,-0.0055198019523036,0.0133107974902453,0.0348459020699669,0.0625122895629863,0.0462640252903909,0.0082144045285464,0.0103172246038957,,,0.3226827257372933,,0.008696605995849,0.0216039426378069,,,,,0.0068505057487316,0.0022612874013586,0.0015398538288667,-0.0002123491816068,0.0001022486141254,-0.0367405707408907,0.008696605995849,0.0216039426378069,0.0183163344633448,-0.0044207344707956,73.24414844176096,0.6041529914301904,0.3521697380053759,0.2519832534248145,,,0.0499831410492839,0.6739907859586922,-0.009956734449052,-0.6719660884919054,,-0.0124878708850514,0.0214080181501259,-0.0003912185752792,,18.440000534057617,0.1237051008849121,-0.1701169620210136,0.0586141785730642,0.5086058736339121,0.5898821490905588,0.0429864375431796,0.0016243892818139,0.0170830925418343,0.0328872313991885,,0.0170830925418343,0.000627621877586,0.0032718122024959,0.0114859902302126,0.004634619310202,0.004634619310202,,,0.0728785397913267,,0.6287271753134881,,0.0815553355827269,0.0499584832853303,0.0131562350021281,0.0174644624990676,0.7431211766789654,0.6091584487025297,0.013437883919841,65.01087188720703,0.001378950336047,0.0315656906520187,,70.73632049560547,-0.0068396626090659,0.0286251667907948,,58.074745178222656,0.0036157058504264,0.0086520176623385,,187.58999633789065,0.0516903149245795,0.051337580336831,
2026-06-18,53.382999420166016,746.739990234375,16.399999618530273,86.08401489257812,79.25603485107422,28.299999237060547,54.35957801439773,54.41936993700088,53.273382796084114,37816800.0,-0.0088806745148155,0.0001866858269792,0.0180539370891583,0.0264418543771876,0.0355692864815679,0.0107841793027448,0.0086230532022524,,,-0.2371323269836338,,-0.0037936762902315,0.0098972438833309,,,,,0.0035785800225864,0.0017475655375641,0.0013709012426938,-0.0002702203196739,6.605053341757433e-05,-0.0452949642054678,-0.0037936762902315,0.0098972438833309,0.0214672677325031,-0.0179651614288297,66.17885328687373,0.611462148750249,0.4040282201543504,0.2074339285958985,,,0.0307536490491436,0.3766430518807932,-0.0089429031238086,-0.8234909159071824,,0.0103969924419595,0.0147795361799543,0.0080027485168843,,16.399999618530273,-0.1106291136900772,-0.1563786436220235,-0.057525457900272,-0.4967084191944153,-0.6355482302771979,0.012345607788387,0.0048649975860699,0.0089556045205185,0.0340919745080727,,0.0089556045205185,0.0022548267822981,0.0008756008073487,0.0165229555298653,0.0125223064245914,0.0125223064245914,,,0.071488068294576,,0.620126738823476,,0.0379945171877043,0.0116515522599691,0.0032267116082476,0.0090175747355736,0.6020028092301466,0.8843264417633027,0.003274400909204,65.35900115966797,-0.0042430531105784,0.0354554440630077,,71.3030014038086,-0.0087076452265939,0.0362664489276727,,58.005001068115234,0.0025830635664014,0.0058741680814222,,186.1000061035156,0.031113264151414,0.0381124853023615,
2026-06-22,53.70000076293945,744.3900146484375,17.280000686645508,85.42906951904297,79.18669891357422,28.36000061035156,53.619998931884766,54.02000045776367,53.56999969482422,27962800.0,0.0059382452506722,-0.0084984341227143,0.0102757645695754,0.0303654472696781,0.0375069555866904,0.0094536191196608,0.0086813374042386,,,-0.2605720209007637,,8.330515053156518e-05,0.0128618569851275,,,,,0.0020446655626818,0.0018410338640093,0.0015678288471775,-0.0001758122913753,4.358998536880201e-05,-0.0396256915608681,8.330515053156518e-05,0.0128618569851275,0.008379902356538,0.0014920147826992,69.4528780537458,0.635508323296321,0.4503242407827446,0.1851840825135764,,,0.0248518182402566,0.5033520746742269,0.0087710566249103,0.6281451100750681,,-0.0031469796939627,0.0061445663461701,0.0008955144998339,,17.280000686645508,0.0536586029624615,-0.0226244124222766,-0.0086058190941223,-0.0746707060837486,0.3578022733383715,0.0530165050166406,-0.007608211284667,0.0037308151436672,0.0206496964901878,,0.0037308151436672,0.0064207672262677,0.0,0.0121341951118236,0.0146690460186231,0.0146690460186231,,,0.0721396038450368,,0.6285916616587893,,0.0182743680429211,0.0180379897080891,0.0041059688255413,0.0065206221898959,0.7564095714002765,0.7641771790878096,0.0041311982234053,65.95999908447266,-0.0093483591844386,0.0436610948464888,,71.98999786376953,-0.0136083322156655,0.0438375640335373,,58.25,0.0004433562441128,0.0148568961527271,,186.6999969482422,0.0158000806126561,0.0405330580251885,
2026-06-23,53.880001068115234,733.5800170898438,19.489999771118164,85.5382308959961,79.11735534667969,28.450000762939453,53.630001068115234,54.02999877929688,53.4900016784668,33375300.0,0.0033519609426151,0.0003467563794923,0.0094985348521783,0.0403837134863875,,0.0094181487843134,0.0080404245379432,,,0.193560730685053,-0.1468369279401301,0.0015443317303123,0.0122638325677753,0.0294132936271365,,,,0.0018907414819598,,0.0020503563664982,-0.0001268092736965,0.0001527356108267,-0.036406554388689,0.0015443317303123,0.0122638325677753,0.0100222177083369,0.00466156992394,70.16421246485578,0.661464657347338,0.4925523240956633,0.1689123332516746,0.082897936888689,0.8548133371115268,0.0211550067217866,0.5730007676491053,0.0032363754827843,0.3559043994180327,-0.0088049140711805,-0.0145219540104916,-0.0256483071911342,,,19.489999771118164,0.1278934604545825,0.2030863489651928,0.1089615741313994,0.9344903049897878,1.4022282231440475,0.0569413886469938,0.0012778013101124,0.0055995765090988,,,0.0055995765090988,0.0041488399980478,-0.0021239124715578,0.0149839481271953,0.0171612964379224,0.0171612964379224,0.3823449209499671,2.191669133347111,0.0734480217739033,0.0450825244056767,0.6298937972381805,0.0218231216529392,0.045688478253232,0.0213141162291201,0.0360720285115849,0.0038772473996204,0.6435835234135892,0.9561972944253744,0.0351468420433125,66.83999633789062,0.0167794067878048,,,73.12000274658203,0.0182420083707612,,,59.619998931884766,0.0250253616145175,,,185.4900054931641,-0.0049886958744546,,
2026-06-24,53.720001220703125,733.239990234375,18.6299991607666,86.70916748046875,79.09754180908203,28.530000686645508,53.86000061035156,54.09999847412109,53.540000915527344,30809600.0,-0.002969559098743,0.0063129049359824,-0.008129151349731,0.0276054506147043,0.0396949541736524,0.0061561868261051,0.0080654765838884,0.0092987385908374,0.662045298286571,-0.0768742153628582,-0.2186938730070697,0.0002073375444426,0.0065288974435764,0.024349397836187,,,,-0.0016324746131937,0.0019463678416979,0.001810153245962,-8.944273385256986e-05,0.0001340987279309,-0.0392680020725932,0.0002073375444426,0.0065288974435764,0.0104243772499754,-0.0025993202388031,75.1534094258453,0.6614992371396511,0.5263417067044609,0.1351575304351902,0.0850026270331172,0.7864546507097996,0.0148448742372409,0.5139669451643161,-0.0050738607440705,-0.4823698013486135,-0.0104613891603885,-0.0004635170636431,-0.0202591491734749,-0.0205985341511667,,18.6299991607666,-0.0441252242406887,0.1352833232173729,0.0551653328324708,0.4733352838245832,0.4801277921204236,0.135975585006518,0.0136890437434504,0.013806595270253,0.0308306521343002,,0.013806595270253,0.002888675149413,-0.0022491916922243,0.018564814477491,0.0214822905447136,0.0214822905447136,0.2489864346456958,2.1161069838568776,0.0732638725876529,0.0393207359016452,0.6195423480775959,0.004600437262767,0.0302907526249542,0.0010275612899548,0.0123808227589068,-0.0216370131367477,0.6471677101537939,0.6131303453876576,0.0121299978237439,67.48999786376953,0.0207979212118232,0.0562335583817148,,73.97000122070312,0.0263843580966456,0.0583584139659616,,59.720001220703125,0.0195841827567022,0.0471934875530368,,181.38999938964844,-0.0338748368061334,0.015397991647267,
2026-06-25,53.45000076293945,734.2999877929688,18.88999938964844,86.67940521240234,79.12725830078125,28.479999542236328,53.91999816894531,54.68000030517578,53.400001525878906,31634800.0,-0.0050260694644141,-0.0046554934161664,-0.0076367143331564,0.0269430795370209,0.0431200967869382,0.0060814196732613,0.0081308911095863,0.0091358729905371,0.665663698903953,0.0267838595762359,-0.183686318872951,-0.0032931396341112,-0.0011544297947236,0.0170584450442154,,,,-0.0015332046695579,0.002110815745954,0.0013816757085898,-0.0001557410665829,8.729813690815035e-05,-0.0440967078308619,-0.0032931396341112,-0.0011544297947236,0.0239475914130273,-0.0087165693984861,64.50063593224291,0.6324493786694063,0.54756324109745,0.0848861375719562,0.0835997275783845,0.7040490506170748,0.015325087165337,0.2851144598015844,-0.003474238325692,-0.8264630477731463,-0.0012830825342326,0.0014456352254532,-0.0064352935172034,-0.0190127285337781,,18.88999938964844,0.0139559978848189,0.0244034079478305,0.062071259761147,0.538797564804865,0.5948669250969356,0.0931712175363039,-0.0003432424613362,0.0118150323055183,0.0280607249568822,,0.0118150323055183,0.0051591687838936,0.001881201642907,0.0153297795676106,0.0106458209301525,0.0106458209301525,0.3726214878655705,1.6742121456054342,0.0727904148869594,0.0294384131441698,0.6166401422802065,-0.0008267178656773,0.0119311240631001,-0.0020958922164485,-0.001209202388243,-0.0192246072825704,0.7261619984140022,0.6764648330914746,-0.001201420815953,68.22000122070312,0.0493629640756685,0.0784020068382047,,74.7699966430664,0.0570241160297775,0.080874811017227,,59.130001068115234,0.0181706503688334,0.0541593374140254,,177.75999450683594,-0.0524015247238914,0.0032561510985009,
2026-06-26,53.56999969482422,728.989990234375,18.40999984741211,86.6893310546875,79.07772827148438,28.459999084472656,53.560001373291016,53.93999862670898,53.20000076293945,26643000.0,0.0022450688526083,-0.0057535517287594,0.0035029930256702,0.0216201729305378,0.0485206418447798,0.0045583047569352,0.007955940229495,0.0090576958527009,0.5032520773286808,-0.1577945806516874,-0.2999214865218529,-0.001751658576524,-0.0010283400191666,0.0169433310236335,,,,0.0006993743672849,0.002369012909508,0.0013954372666874,-0.0003171432232493,0.0001154123794484,-0.0419506391235072,-0.001751658576524,-0.0010283400191666,0.0138136619000396,0.000186675154534,64.57460652826259,0.6120546820847323,0.5604615292949066,0.0515931527898257,0.0807916326403708,0.7097164083693384,0.0121178707179866,0.3554483194870194,0.0041629194288614,0.4925226547588607,-0.0157907494103819,-0.0072313736168696,-0.0237699871871451,-0.0314496978777363,,18.40999984741211,-0.0254102465720228,0.1225609924167769,0.0273724087594533,0.2458704165107176,-0.1600917118869518,-0.0554130290604971,0.0001145121180843,0.0070316906438987,0.0229020236952255,,0.0070316906438987,-0.0013761230558275,-0.0022497539767778,0.0182468088591052,0.0056537050079696,0.0056537050079696,0.0916181862408838,1.43603898231295,0.0734852335593814,0.0351623096522093,0.6179537786608351,7.849194419362604e-05,0.0312538997663163,0.0054819184639787,0.0279370433759074,-0.0035040581652123,0.7924274392299805,0.7185515233078625,0.0272729802128154,68.41999816894531,0.0468335952962242,0.083608028051697,,75.16999816894531,0.0542332957800311,0.0871259194609324,,61.04999923706055,0.0524954419942096,0.1011012394628729,,175.82000732421875,-0.0552391103822896,-0.0184127996652435,
2026-06-29,53.720001220703125,741.0,17.649999618530273,86.77863311767578,79.25603485107422,28.3700008392334,53.70000076293945,54.02999877929688,53.68000030517578,31628000.0,0.0028001031684419,0.0,0.0003724479977562,0.0106520397552711,0.0451372654144353,0.0038132652809963,0.0068772469552694,0.0090181113619361,0.4228451729090691,0.187103554404534,-0.1660722061553458,0.0009689279734159,0.0007122902919911,0.0175500992303434,,,,7.447573124352508e-05,0.0022074115627053,0.0014117289891567,-0.0003338315602749,4.82276515750112e-05,-0.0392680020725932,0.0009689279734159,0.0007122902919911,0.0065152357812346,0.0003724479977563,70.1006084464725,0.6010668827556316,0.5685825999870516,0.0324842827685799,0.0790733793513758,0.7219469987789012,0.0122174138060924,0.5793071257791744,0.0028001031684419,0.7343057007050475,-0.0155018082426646,0.0164748623801593,-0.0045540839905523,-0.0179396747536061,,17.649999618530273,-0.0412819247789765,0.0214119743739773,-0.0214016604497792,-0.2030534822071051,-1.431206122198068,-0.0526033057639709,0.0010301390252043,0.0157974751010483,0.0237168785473007,,0.0157974751010483,0.0008756008073487,0.0008756008073487,0.0150268359509617,0.0003526173718835,0.0003526173718835,1.0385924673779006,1.0084398979145548,0.0724966278282093,0.0180986488902532,0.6190464091299567,0.0008192755315259,0.0090753600255188,-0.0087635346010598,0.0049490704709083,-0.0151851402286242,0.6065814789964343,0.3302753857448953,0.0049265319883086,68.20999908447266,0.0341115832509109,0.0801119615015,,74.75,0.0383386889586156,0.080120072235605,,61.38999938964844,0.0539055689210032,0.1170693157551141,,175.2100067138672,-0.0615425303812956,-0.0389963234749501,
