Date,target_price,SPY_price,VIX_price,TLT_price,HYG_price,UUP_price,target_open,target_high,target_low,target_volume,ret_1,ret_3,ret_5,ret_10,ret_20,vol_5,vol_10,vol_20,vol_shock,vol_chg_1,vol_to_ma20,price_to_ma_5,price_to_ma_10,price_to_ma_20,price_to_ma_60,price_to_ma_120,price_to_ma_200,slope_5,slope_20,slope_60,slope_120,slope_200,drawdown,dist_to_ma5,dist_10,intraday_range,close_open,rsi_14,macd,macd_signal,macd_hist,bb_width,bb_pos,bb_width_5,bb_pos_5,ret_accel,vol_breakout,bb_high_dist,spy_ret_1,spy_ret_5,spy_ret_20,spy_to_ma_60,vix_level,vix_ret_1,vix_ret_5,vix_to_ma_20,vix_z_score,vix_z_score_5,vix_speed,tlt_ret_1,tlt_ret_5,tlt_ret_20,tlt_to_ma_60,tlt_shock_5,hyg_ret,hyg_ret_5,uup_ret,uup_ret_5,uup_shock_5,hyg_z_score,uup_z_score,target_spy_ratio,target_spy_ratio_20,target_tlt_ratio,target_tlt_ratio_20,target_spy_rel_ret,target_tlt_rel_ret,target_spy_rel_ret_5,target_tlt_rel_ret_5,vol_ratio,vol_ratio_5,rel_strength_5,xlk_price,xlk_ret_5,xlk_ret_20,xlk_shock_5,soxx_price,soxx_ret_5,soxx_ret_20,soxx_shock_5,iwm_price,iwm_ret_5,iwm_ret_20,iwm_shock_5
2026-04-06,587.85400390625,657.23681640625,24.170000076293945,85.99297332763672,78.88076782226562,27.82999992370605,585.5864761740653,589.9616731281693,584.04818857967,35108500.0,0.0060173655347186,0.0196126754897452,0.0460734341074418,0.0123390714699991,-0.0175204801392531,0.0156239239862049,0.016830540811994,0.0140654343882209,1.110802727037456,-0.3108102006803855,-0.4898654558917463,0.017022417195575,0.0165094607707232,2.132653409381291e-05,-0.0272287638471019,-0.0342967886894002,-0.008980186633497,0.0090087135740248,-0.0008837890190713,-0.0009557566739737,7.082284098008709e-06,0.0005563303370422,-0.0719895569196728,0.017022417195575,0.0165094607707232,0.0100594441973766,0.0038722337766398,44.350058406791824,-6.82692589549572,-7.558079812184081,0.7311539166883616,0.092352348585465,0.5002309257362741,0.0836846743439865,0.7034114051230502,-0.000520192961863,0.3851378920489977,-0.0406904789617412,0.0047268450837638,0.0391742708016176,-0.0173271862486357,-0.0262128783571289,24.170000076293945,0.0125680446800595,-0.2215780782549842,-0.0637407823428229,-0.7466312070336644,-0.5422702813450223,-0.0427722742061803,-0.0016130943828954,0.0158363373883494,-0.0165473641337139,-0.0073563596579103,0.0158363373883494,0.0147813295845171,0.0173594622343284,0.005419061303342,-0.0003592036216604,-0.0003592036216604,1.3834879856600817,0.8005492208140136,0.8944325534297013,-0.0020526477774925,6.836070217813058,-0.0008539916588587,-0.0035773805651116,-0.0012317480358784,0.0066390821055473,0.0297657167854716,1.2353837745122054,1.2413893013162651,0.0068991633058241,136.61709594726562,0.0528016601489811,-0.0024759455147148,2.414020980143588,343.9366760253906,0.0637442351229786,0.0643008583917552,1.6538468072511692,251.76129150390625,0.0380912803286521,0.0076483773977977,1.8135767478217868
2026-04-07,587.9439086914062,657.5260009765625,25.780000686645508,85.98304748535156,78.90056610107422,27.75,584.9971348275072,588.33343423744,577.7650922119919,49948200.0,0.0001529372676869,0.0073249267528239,0.0542917617170701,0.0010034066570461,-0.0303208660527599,0.0138136778149269,0.0164502807915145,0.0136709013102447,1.0104437513663769,0.4226811171083926,-0.250769957237598,0.0066323662415299,0.0165613245986631,0.0017407099179285,-0.0262457276890449,-0.033992056157133,-0.0093470123263101,0.0105738451173236,-0.0015395025976408,-0.0008581205202605,-0.0001666370363126,0.0005579456596346,-0.0718476295381232,0.0066323662415299,0.0165613245986631,0.0179750854957747,0.0050372449512387,42.699120275836506,-5.87179906806557,-7.220823663360379,1.349024595294809,0.0876295445130424,0.5198644181891121,0.0317853217319867,0.7086612901846295,-0.0022887049832543,0.0110714364895819,-0.0396721607793156,0.0004400005646272,0.0431190626273894,-0.0254319871699304,-0.0251021729755411,25.780000686645508,0.0666115269039928,-0.1577915657431469,-0.0019163981696617,-0.0224724572331885,1.34859744714143,0.0505297361392342,-0.0001154262017123,0.002375912958318,-0.0251465289977295,-0.0075195215023119,0.002375912958318,0.0083917136727247,0.0164526937140692,0.0068940688584704,-0.0082201410292783,-0.0082201410292783,1.4538195487244157,0.1598840273214061,0.8941759075963347,-0.0020880231519975,6.8379049811135255,-0.0003192611880236,-0.0048274216983245,-0.005857170978351,0.0107108569769007,0.0517927935893158,1.240040566340683,1.1665142152899428,0.0111726990896807,137.2663116455078,0.0778822410579771,-0.0154488728409041,3.596985252184541,347.5949401855469,0.1225668541325226,0.0344985089676741,2.886385542787355,252.3099822998047,0.0555068720921578,-0.0010255937475512,2.324109887466008
2026-04-08,605.4246826171875,674.27294921875,21.040000915527344,86.26092529296875,79.36573791503906,27.530000686645508,608.0418015962135,609.2304976949432,601.4590090396181,63086000.0,0.0297320435969621,0.0360867497525274,0.0500884171051527,0.0378609301145445,-0.0015068077127536,0.0121040059152158,0.0186274319830193,0.0153502668402221,0.7885208285095717,0.2630284975234342,-0.0529958878741486,0.0264117873100111,0.0428036673448819,0.0316048009993232,0.0032528932062589,-0.0054014127018499,0.0194054000643311,0.0097748734782106,-7.539720445862925e-05,-0.0005349928258635,0.00013321251931,0.0007248966268043,-0.0442517627949268,0.0264117873100111,0.0428036673448819,0.0128364252044198,-0.0043041760815714,55.701210758877615,-3.6620875474461623,-6.5090764401775365,2.846988892731374,0.0871511783008115,0.8626434159069662,0.060539423072321,0.936274182501859,0.0177031270127863,2.456380255333984,-0.0052568530593747,0.0254696365121909,0.0394717020686612,0.0009986166518081,0.0001267153254864,21.040000915527344,-0.1838634462711076,-0.166732637008818,-0.1792470977414154,-1.879550437356452,-1.626485890228195,-0.1185588531297656,0.0032317743525493,0.0066593379374277,-0.0114714645505114,-0.004304976747285,0.0066593379374277,0.017796174365525,0.0128070221215208,-0.0043399252636642,-0.0089992798351578,-0.0089992798351578,2.2264482158084213,-1.6453459432204105,0.897892586850275,0.002185832867932,7.018527572721696,0.0255621181144998,0.002810573595124,0.0229080261225425,0.0102135681186541,0.0431417834524916,1.2194611958136077,1.1763344184447029,0.0106167150364915,141.52125549316406,0.066140030284983,0.0150699756004186,2.78403592696098,370.2241821289063,0.1270005376044911,0.09391160920842,2.431760901357762,259.85205078125,0.0502822527352129,0.0298916372963353,1.6844679023308848
2026-04-09,609.5202026367188,678.162841796875,19.489999771118164,86.04258728027344,79.45480346679688,27.479999542236328,605.2648690435934,609.8298599139192,602.3680889271087,37837500.0,0.0067647060602595,0.0368564279336336,0.0442916142152958,0.0380558926042728,0.0053800793501299,0.0120765763511287,0.0186305698586347,0.0154235852481992,0.7829940557786146,-0.4002235044225343,-0.4223505565357551,0.0243759396210232,0.0458326678874216,0.0382947746211523,0.0104909453153363,0.001196652444338,0.025607003832621,0.0086677548835567,0.0002682829211958,-0.0004364507848635,0.0001307953619626,0.0007074567275768,-0.0377864069026232,0.0243759396210232,0.0458326678874216,0.0122420404681119,0.0070305312777352,58.37788077419118,-1.5623907414433231,-5.519739300430694,3.9573485589873703,0.089021162383437,0.9301760794383572,0.0776765638506246,0.8138133101240066,-0.0055207699176182,0.5601509321370174,-0.0054459161357225,0.0057690176991855,0.0376502657018682,0.0080386194858386,0.0062278594252431,19.489999771118164,-0.0736692527073652,-0.2057865100246945,-0.232616760630258,-2.115251429302691,-1.3274976713003044,-0.1936284770543277,-0.0025311346006754,0.0051007344476527,-0.0010740573432891,-0.0068252002950722,0.0051007344476527,0.0157308911499265,0.0114652410862943,-0.0079422821170991,-0.0090155068203019,-0.0090155068203019,2.066856059823903,-1.9240492683535764,0.8987814800081361,0.0033110489755849,7.083936244865343,0.034775964773706,0.0028031631356966,0.0355942572858305,0.0064003727777541,0.0389919919710137,1.2194254931688095,1.1688740572319798,0.0066413485134275,141.9008026123047,0.053072427689399,0.0129363923403991,2.102077667614666,378.4502868652344,0.1184202148373911,0.1074958923448741,1.9340206274918703,261.3385009765625,0.0496874241941922,0.0378720637620242,1.4099737946073756
2026-04-10,610.3992309570312,677.7140502929688,19.229999542236328,85.83418273925781,79.13809967041016,27.440000534057617,611.1684052317679,612.9963525292593,608.9108762966896,34038500.0,0.0014421643720912,0.0381929669372782,0.0445998873382549,0.0649716127362787,0.0244122970272751,0.012030616967702,0.0159685226020921,0.0148605363046833,0.8095681011419785,-0.100403039312851,-0.4649096779137789,0.0169449247947626,0.0406913288752766,0.0385055199293193,0.0123500724768332,0.0024677416684899,0.0264539020653069,0.008726785833698,0.0012059539698885,-0.0003876998605926,0.000173719769455,0.0006387806980764,-0.0363987367403163,0.0169449247947626,0.0406913288752766,0.0066931215266509,-0.0012585308208871,65.35313067926268,0.170597798685776,-4.3816718806074,4.552269679293176,0.0949744309785088,0.905430383026276,0.0760425945221833,0.7228346481499831,-0.0112888246070015,0.1198745048644148,-0.0043562067791708,-0.0006617754265585,0.0360306705625972,0.0229042914627675,0.0058701205749138,19.229999542236328,-0.0133401863486486,-0.1943863064039208,-0.2306461557592842,-1.8759416145062071,-0.9319220179837272,-0.2540729623720372,-0.0024221091857311,-0.0034566687825003,-0.0015456331868816,-0.0091629758389163,-0.0034566687825003,0.018091839385752,0.0050277601813331,-0.0133045285505267,-0.0150753792926296,-0.0150753792926296,1.318534063961562,-1.9173936403505645,0.9006737143684154,0.0053489544296541,7.111376976830632,0.0374189781512874,0.0111007905387832,0.056072977549437,0.008271199897011,0.0482232479164188,1.1865308188339936,1.1349690689403589,0.0085692167756576,142.45013427734375,0.0487534469822201,0.0359643030214995,1.7077916623205045,386.41650390625,0.1383646475636466,0.1715623575112659,1.8608709216148145,260.6800537109375,0.0398343951448221,0.0580201785190528,0.9677654183570484
2026-04-13,616.7122802734375,684.3369750976562,19.1200008392334,86.09220886230469,79.43501281738281,27.3799991607666,608.8109292631304,626.0519920071752,607.4424380458482,32972100.0,0.010342492251355,0.0186440988951011,0.0490908902132607,0.097426110216219,0.0411785429847495,0.0119336594491658,0.0131098330042167,0.0148887343418488,0.8015227066077926,-0.0313292301364631,-0.4690821220645287,0.0176769276557213,0.0417306458117929,0.0470737018677671,0.0228592629419166,0.0126281487968455,0.0363890266483495,0.0095847940574581,0.0020176642979458,-3.7205277926255605e-05,0.0002049194892668,0.0006774617762327,-0.026432698141657,0.0176769276557213,0.0417306458117929,0.030175423056398,0.0129783330596091,65.22638708186528,2.0300132921333898,-3.0993348460592425,5.129348138192633,0.1043747455343039,0.9510066264285734,0.0717661555230068,0.7463128688850356,0.0041277926196547,0.866665537821469,0.0102107178576988,0.0097724472464817,0.041233476297918,0.0387802066761975,0.0157595753883981,19.1200008392334,-0.0057201614987734,-0.2089366661613547,-0.2224955525383349,-1.6621762895053522,-0.6429099861600555,-0.091254752507021,0.0030060998405576,0.0011539958537063,0.0064317646441847,-0.0060700284806241,0.0011539958537063,0.0245078002354113,0.0070263640988639,-0.0165230240409509,-0.0161696286084476,-0.0161696286084476,1.6144839170356489,-1.985593773262932,0.9011821700638512,0.0057999747477981,7.163392465162592,0.0431880447845036,0.0142354378811859,0.0790725872420416,0.0075462555653509,0.0478816391465108,1.1971255704903976,1.130958908471437,0.0078574139153426,145.43658447265625,0.0645562582357552,0.0657239514428758,1.86551078227257,393.1532897949219,0.1430978933049231,0.1879220375294874,1.656300599870458,264.4411315917969,0.0503645338492946,0.0768543728750033,1.048680926963827
2026-04-14,627.909912109375,692.675537109375,18.36000061035156,86.54872131347656,79.67254638671875,27.31999969482422,619.5391066149297,627.909912109375,619.4192432257902,49921100.0,0.0181569788605031,0.0301707956407422,0.06797587801687,0.1259581699057408,0.0483236585202315,0.0110189237891713,0.011858496956603,0.0151896143038533,0.7254248095655202,0.5140406586174371,-0.1967145189203193,0.0226658031257023,0.048208150535582,0.0634723175267784,0.0412127087845837,0.030752144898819,0.0544597393116315,0.0131530308312812,0.0023596186342586,0.0002028132447327,0.0002505210566015,0.0007208984918853,-0.0087556572225379,0.0226658031257023,0.048208150535582,0.0135221131564265,0.0135113431986274,71.513974857924,4.356944628132851,-1.6080789512208242,5.965023579353675,0.1189903770167976,1.033423955096958,0.0571119326949891,0.8968663299620916,0.0081000469802557,1.6477995092902895,0.0037537962055045,0.0121848772098407,0.0534572565656843,0.0408450761062284,0.0280323418743313,18.36000061035156,-0.039748964201003,-0.2878200108092951,-0.2455001075460402,-1.6731758799615437,-1.105397242319551,-0.0579784081086098,0.0053025988902435,0.006578899500176,0.0039955861455664,-0.000776149426412,0.006578899500176,0.0263978877679667,0.0097842173230493,-0.0235882722734083,-0.0154955064928209,-0.0154955064928209,1.734939440966572,-1.981878348010676,0.9064993326164292,0.011369423158535,7.25498774077905,0.0541720960950613,0.0246403526803045,0.1159476249533377,0.0137818799582976,0.0609956939760816,1.1572259185804528,1.1389023967056269,0.0145186214511856,147.76380920410156,0.0764754107016707,0.0673291984887423,1.939554508135325,401.049560546875,0.1537842303826226,0.1884297499734579,1.607107695730166,268.0824890136719,0.0625124165524519,0.0814639834328279,1.166253032077167
2026-04-15,636.7003173828125,698.1414184570312,18.170000076293945,86.1716079711914,79.6329574584961,27.290000915527344,628.389443361703,637.1298380333551,627.5104045058445,50102400.0,0.0139994688790743,0.043088334801052,0.0516590017942837,0.1043349365285446,0.0578371350117925,0.0064469644063641,0.009143614553996,0.0154011218491951,0.4186035310211896,0.0036317308713149,-0.1957357092613098,0.0265247423635646,0.0523153039360597,0.0751907436589842,0.0552961304465788,0.0447884393603359,0.0684031314786361,0.0100737837977585,0.002811319246241,0.0004484645494737,0.0003685532223358,0.0007733204346885,0.0,0.0265247423635646,0.0523153039360597,0.0151082593566967,0.0132256741562186,72.81428485473177,6.831616099766961,0.0798600589767328,6.751756040790228,0.136950527749962,1.0490358079982285,0.07589392637058,0.8494975636660003,-0.000363309387943,2.171481929351536,0.0069639495920883,0.0078909692270439,0.0353988236750957,0.0463059975708293,0.0358847510105133,18.170000076293945,-0.0103486126220765,-0.1364068780584206,-0.2468081629065153,-1.5636808435311411,-1.222491821540295,-0.0551221784282534,-0.0043572375947561,-0.0010354319928055,-0.0031224012719436,-0.0051302636655522,-0.0010354319928055,0.0162170808845492,0.0033669383096153,-0.0176385802378226,-0.0087177539096315,-0.0087177539096315,1.4940384728245508,-1.839869733149739,0.9119933305060022,0.0169350416704305,7.38874824751642,0.0702970346054163,0.0260782302956166,0.0981665234673825,0.0157042655905996,0.0527490518429576,1.2020229418142885,1.3188623513684574,0.016260178119188,150.12100219726562,0.0607664670168006,0.0784498247714837,1.3669325142380688,401.6692504882813,0.0849352091982644,0.1810727188213947,0.8293954716113313,268.7509155273437,0.034245889995246,0.0773446378449658,0.5940570042904486
2026-04-16,639.7669067382812,699.8569946289062,17.940000534057617,85.62577819824219,79.52408599853516,27.3700008392334,638.508341093032,641.4750515662109,634.5626649382287,42320600.0,0.0048163779281187,0.0373831155990955,0.0496237925678566,0.0961133246594678,0.077958473786498,0.0067536485464273,0.0092392037793485,0.0148822979228648,0.4538041186668511,-0.1553179089225266,-0.3130393891331579,0.0215060291804263,0.0476699402521925,0.0761650778144265,0.0594090072824553,0.0492970896216975,0.0727319903854015,0.0096863614349432,0.0037534475105485,0.0008864794610162,0.0004892658123655,0.0007650645452274,0.0,0.0215060291804263,0.0476699402521925,0.0108045392082306,0.0019711029038317,84.12491134851572,8.937236305617148,1.851335308304816,7.085900997312332,0.1541026500583129,0.9942489813485064,0.0805890784221028,0.7668603438766706,-0.0076446606049131,0.7131518884728922,0.0018449059031162,0.0024573476469376,0.0319895923146569,0.0637199045640262,0.0377666510599596,17.940000534057617,-0.0126582026015731,-0.0795279248467442,-0.24515598338104,-1.441941040968062,-1.0785424127087893,-0.0617154944237487,-0.0063342182628377,-0.0048442183714623,-0.0038552966126893,-0.0115430967635908,-0.0048442183714623,0.0123472125922339,0.0008719741125182,-0.012982283048891,-0.0040028640769758,-0.0040028640769758,1.2023567234416008,-1.2863458422106642,0.9141394765619406,0.0186423848143433,7.471662391868516,0.0778804990827151,0.0235973153056847,0.0958592967983358,0.0170875756737505,0.0547331502713916,1.1898714924670322,1.2737686538876534,0.0176342002531997,151.83895874023438,0.0700359402129831,0.1032836568871533,1.3724807400082786,405.75732421875,0.0721548861270637,0.2000058484672955,0.6655613143180927,269.3095703125,0.0305009376963265,0.0972685216385338,0.4948867758365073
2026-04-17,648.1376953125,708.3152465820312,17.479999542236328,86.4097900390625,79.82100677490234,27.36000061035156,644.8813252169399,649.2864572780229,643.3629742993419,53488900.0,0.0130841224921987,0.0322144670963588,0.0618258713994437,0.1091831856367033,0.0955247580972629,0.0049346082302741,0.0088373044562147,0.0149219143315224,0.3306953645454487,0.2638974872757003,-0.1158879232252952,0.0225485148980491,0.0504034370411261,0.0850880882363964,0.0722846913300088,0.0624485690271301,0.085823103765213,0.0119979892951298,0.0045616739806474,0.0008793368466492,0.0005278324173628,0.0008723857609013,0.0,0.0225485148980491,0.0504034370411261,0.0091392354148218,0.0050495648861666,95.46747062911436,11.152845113208173,3.711637269285488,7.441207843922685,0.1729762860191127,0.9919060883697938,0.0757452210920784,0.7976889442389831,0.0023459667934124,2.6515012398401847,0.0004815145954985,0.012085686101644,0.045153551524915,0.0792352361694888,0.0496203649205282,17.479999542236328,-0.0256410801631814,-0.0910036423119168,-0.254186695302083,-1.3930554060531783,-1.2157922218657786,-0.0479303398072372,0.0091562594503393,0.0067060381008487,-0.0008240668816598,-0.0026307766237974,0.0067060381008487,0.0137004551348147,0.0086293088580129,-0.0179468768501829,-0.0029154490579095,-0.0029154490579095,1.434462943348811,-1.228567566355434,0.9150412876753432,0.0188749166518054,7.50074378168842,0.0769513931365204,0.0243551714248608,0.1056162588830189,0.0159520291063481,0.0547526598753478,1.161354480075641,1.2315011087580394,0.0166723198745286,154.1661834716797,0.0822466700629802,0.1163904318752153,1.4284397090187515,415.5126953125,0.0752974862929487,0.2219576368897029,0.6561183530111923,275.125732421875,0.0554153588097539,0.1136776877931793,0.8410595856461464
2026-04-20,646.0799560546875,706.8988037109375,18.8700008392334,86.38993835449219,79.75172424316406,27.31999969482422,647.3285838511964,648.0478251654257,641.8146849601577,37138500.0,-0.0031748489135789,0.0147316381283277,0.0476197356865164,0.0990483211163486,0.1126095568995857,0.0085227077218747,0.0097777300551472,0.0140379218217015,0.6071202862505636,-0.3056783743916962,-0.3570073490934069,0.0099434266569504,0.0372803921774986,0.0757546651588001,0.068091584250123,0.0586238948653301,0.0814887140144771,0.0093041344852703,0.0053354104160797,0.0007056203995487,0.0004128193353013,0.0008217816182671,-0.003174848913579,0.0099434266569504,0.0372803921774986,0.0096476297505511,-0.0019288933435943,97.77609643379904,12.59747286937909,5.488804389304208,7.108668480074881,0.1844009283978849,0.910814987847258,0.0504020848158449,0.6972820507977179,-0.0080853949563549,-0.3725164166915954,-0.0120574943346779,-0.0019997351150194,0.0329688873088607,0.0927423745144055,0.046963893028189,18.8700008392334,0.0795195270822781,-0.0130753132336172,-0.1810606458343477,-0.9664660190366609,1.3747536448477438,0.0385250831040298,-0.000229738835858,0.003458262903484,0.0182665290789039,-0.0029227549690346,0.003458262903484,0.0110414292982148,0.0039870507292465,-0.0183255562443394,-0.0021913611315356,-0.0021913611315356,1.2192049163126244,-1.2754305143911897,0.9139638554528948,0.0167514033575733,7.47864818937091,0.068912677089771,0.02183652858821,0.0939981526057847,0.0141832426490837,0.044009277132516,1.1915047513689434,1.3733881307843685,0.0146508483776557,154.37591552734375,0.0614654908673835,0.1438551132082106,0.9506772155878016,417.351806640625,0.0615498266803913,0.2557515864490181,0.5117550945113083,276.6920166015625,0.0463274564589166,0.145033457582403,0.6597255889774838
2026-04-21,643.6226806640625,702.2708129882812,19.5,85.91358184814453,79.54388427734375,27.46999931335449,647.6981578004061,649.4862317832127,641.5050128476822,39580500.0,-0.0038033611282889,0.0060268417843603,0.0250239218264649,0.0947008229009143,0.0957992529940872,0.0085250116016302,0.0102671701153306,0.0141078225322912,0.6042754633354662,0.0657538672805848,-0.283494727516469,0.0011840332953467,0.024179872673431,0.0666664265976655,0.0633738322226502,0.0543410422102521,0.0765638639143675,0.0049431901370637,0.0045742004211405,0.0005895694187193,0.0002339600913804,0.0007537671379718,-0.0069661349449218,0.0011840332953467,0.024179872673431,0.0124004625307731,-0.0062922475342279,94.06749077330971,13.389720819612537,7.068987675365873,6.320733144246661,0.1928754790140818,0.845644904880823,0.0289034776958715,0.5409650806662545,-0.0058123083897423,-0.4461414083495428,-0.0182898991309816,-0.0065468928485394,0.0138524826774575,0.0743080818445747,0.0396813484977489,19.5,0.0333862815446592,0.0620914679602839,-0.1413285307292929,-0.7427902325733108,1.3900365963979535,0.0869564893814163,-0.005514027621978,-0.0073385193413958,0.0060875234270389,-0.0083473668579238,-0.0073385193413958,0.008153530551928,-0.0016148863719065,-0.0100901148340724,0.0054904692608284,0.0054904692608284,0.8555133057051364,-0.5645957132262126,0.9164878687259392,0.0185409423609239,7.491512596945261,0.0660786877839298,0.0249525411499647,0.0955859459347587,0.0110188013935765,0.0326016892953167,1.1273895423016405,1.142628651888801,0.0111714391490074,154.50576782226562,0.045626589179571,0.1295363270941067,0.6564014954176782,420.5003356933594,0.0484996794908867,0.2498886535065845,0.3914242473368262,273.8587646484375,0.0215466353509983,0.1093555614770278,0.2996529500106006
2026-04-22,654.390869140625,709.3825073242188,18.920000076293945,86.08228302001953,79.67254638671875,27.479999542236328,649.4363527672372,654.6106593494021,647.8081371457112,37368400.0,0.0167305920068763,0.0096479095003261,0.0277847384002105,0.0808790720453644,0.1218021590543478,0.0092993723886449,0.0079254194184898,0.0140795677255428,0.6604870198739989,-0.0558886320283977,-0.3108248472204599,0.0123627045743552,0.0332639594317112,0.0781645137957505,0.0802602948578188,0.0716329979342018,0.0936149968038542,0.0054811493325366,0.0057468231362091,0.0007929314169803,0.0003083899791925,0.0008745350503711,0.0,0.0123627045743552,0.0332639594317112,0.0103951973116989,0.0076289483215356,94.3387042708826,14.716839282232286,8.598557996739157,6.118281285493129,0.2030135312029255,0.8850212019494403,0.0337078666252758,0.8667602198557758,0.0135146221734342,1.7991096074607842,-0.0208624490511254,0.0101267120951189,0.0161014496060576,0.08884233219495,0.04968375409904,18.920000076293945,-0.0297435858310797,0.0412768297661434,-0.1518737744255972,-0.791778447497215,0.4636656040443782,0.0823798954100767,0.0019636146956738,-0.0010365937606936,0.0125168080106996,-0.0062801394238571,-0.0010365937606936,0.0038657546661775,0.0004971425084054,-0.0018162420327666,0.0069622066813812,0.0069622066813812,0.929331179040894,-0.4784814436373495,0.9224795683346896,0.0236581238016446,7.601922790412495,0.0761201178800883,0.0273829875026181,0.0831221665293773,0.011498151881077,0.0288512391754216,1.218783361862503,1.1774128985071195,0.0116832887941529,157.90171813964844,0.0518296296221005,0.1611458759603097,0.6874708140485832,431.5650634765625,0.0744289311465564,0.2661134746959932,0.5882690330555903,275.8240661621094,0.0263186103790071,0.1113433291325876,0.3631434668596459
2026-04-23,650.7048950195312,706.6295776367188,19.309999465942383,85.89373016357422,79.54388427734375,27.530000686645508,652.8325617169355,656.1988574654163,644.8114082493845,40099800.0,-0.0056326796337092,0.0071584622328884,0.0170968334967731,0.0675690357836409,0.1081963283570701,0.010585189581818,0.0090073757347661,0.0143095431479855,0.7397293353546969,0.0730938439965318,-0.2462887760279539,0.00326505937588,0.0208056745316564,0.0665099086074003,0.0735534408578484,0.0653460637161025,0.0865379148443035,0.003390465475639,0.0051366882143254,0.0005483806798842,0.0002238775986513,0.0008434848362488,-0.0056326796337093,0.00326505937588,0.0208056745316564,0.0175001745079694,-0.0032591307820316,90.09171971140516,15.29485336969924,9.937817071331176,5.357036298368065,0.2092283682014573,0.8178818875237838,0.0256705073028996,0.6271910732948921,-0.0080188337113387,-0.5321283155151139,-0.0263437069214573,-0.0038807408683984,0.009677095549218,0.0786060818250133,0.0452282839533684,19.309999465942383,0.0206130754796927,0.0763656015106541,-0.1225519497578011,-0.6320712036945728,0.6235547277436458,0.0233173612686949,-0.002190379365304,0.0031293375776586,0.0006428744746036,-0.0084040068984156,0.0031293375776586,0.0011211507254447,0.0002489595266641,0.0018195467700909,0.0058458108332521,0.0058458108332521,0.679617651444785,-0.215721638557466,0.9208571444118936,0.0204655857465325,7.5756972456585885,0.0668557368116473,0.0245617704578844,0.0694191737185225,0.0073486246050962,0.0139239232628196,1.2715546836127136,1.2402079498870415,0.0074197379475551,155.65440368652344,0.0251282344000824,0.1395145167648586,0.3248795915356863,440.7906799316406,0.0863406613308688,0.2773352899799448,0.6775986467597834,274.8663330078125,0.0206333651227639,0.0941147609259236,0.2879640617060237
2026-04-24,663.1512451171875,712.10546875,18.709999084472656,86.05252075195312,79.65275573730469,27.479999542236328,657.7871447947734,663.7805584259092,655.8093378063087,45563100.0,0.0191274880409231,0.0303416349979714,0.0231641361292043,0.0864221504300513,0.1570087496559078,0.0121856415195094,0.0095997097109429,0.0128617771756251,0.9474305460035768,0.1362425747759341,-0.1136736399166762,0.0177432391138658,0.0317924496336585,0.0789524982927039,0.0931432998926256,0.0851404374329558,0.1063086374197133,0.0045799839947053,0.00729190052738,0.000809060639894,0.0005101574859142,0.0009029491655061,0.0,0.0177432391138658,0.0317924496336585,0.0120202151142639,0.0081547661198025,91.05664270500532,16.566284319297438,11.263510520924427,5.3027737983730105,0.2132066294956734,0.8703097716964102,0.0471661785659747,0.8761856409258852,0.0090136097082659,1.5696741481050114,-0.0240618460121561,0.0077493092372316,0.0053510385188775,0.1067293138794589,0.0527996037542015,18.709999084472656,-0.0310720040426705,0.0703661083779962,-0.1326117185207057,-0.6932708183083284,-1.068288921134477,-0.0405128674629406,0.0018486866046742,-0.0041345927000617,0.0109913079893142,-0.0065858726309604,-0.0041345927000617,0.0065032654187797,-0.0021078541150467,0.0014576897740605,0.0043859257751392,0.0043859257751392,0.7559410229422833,-0.3782776587821523,0.9312542512575496,0.0296784685363349,7.706354669478243,0.0778743169643483,0.0339529581037882,0.0836656099917205,0.0177182863774325,0.0274120665595567,1.3816664776052066,1.648419466792295,0.0178130976103267,160.02919006347656,0.0380304322242881,0.2092076283918074,0.4593825845760108,461.38092041015625,0.1103894673137713,0.4036795578202301,0.8159130454260701,275.99365234375,0.0031546301185094,0.1180487578128883,0.0453417172330722
2026-04-27,663.5008544921875,713.332275390625,18.020000457763672,85.62577819824219,79.68244171142578,27.450000762939453,662.6718094811696,663.7006471456002,659.9647623025988,32717000.0,0.0005271940263615,0.0139213210042588,0.0269639976820847,0.075867751811274,0.180685361977315,0.011693928357305,0.0098729143720924,0.0113433179451478,1.0309088912912217,-0.281940868817091,-0.3310422701665442,0.0128638050125196,0.0248755136351797,0.0706773179256416,0.0926523177149099,0.0851691472040558,0.1058706146981893,0.0053213749041868,0.008304754255235,0.0009178991769897,0.00047444680506,0.0009127804204865,0.0,0.0128638050125196,0.0248755136351797,0.0056305652324451,0.001251064251046,91.08189997046438,17.401519180728542,12.49111225288525,4.910406927843292,0.2067407962510075,0.8418643983543096,0.0517174129814474,0.7487325693791808,-0.0041132463083913,0.0450827100329844,-0.0293379984354884,0.0017227878375636,0.0091009797242749,0.1278682639411286,0.0540170183590689,18.020000457763672,-0.0368786029114032,-0.0450450632573611,-0.1385821383691106,-0.8195735157913873,-1.5073285359740782,-0.047568690005342,-0.0049590941669335,-0.008845476346034,0.0114986555881191,-0.0114423491095163,-0.008845476346034,0.003114859370789,-0.0008687276970593,0.0025566692592584,0.0047584578904611,0.0047584578904611,0.7600598821905702,-0.4464557181021325,0.9301427642943122,0.0260891475675,7.748844663998727,0.0754660035993302,0.0321362263840718,0.0817283433349964,0.0177019132046534,0.0361290527092632,1.4527214602392378,1.6268656648366984,0.0178630179578098,160.37876892089844,0.0388846496751071,0.2359143853983463,0.4418801077183024,455.19384765625,0.0906718035324336,0.4078458770475448,0.6547806317646845,276.4825134277344,-0.0007571710105745,0.1400246822622743,-0.0112456488728929
2026-04-28,656.8281860351562,709.8612060546875,17.829999923706055,85.71509552001953,79.57357788085938,27.530000686645508,656.6883250827437,658.9159186391063,653.0923012400261,34147900.0,-0.0100567594025755,0.0094102427421285,0.0205174642967349,0.0460548135458387,0.1778139634811635,0.0131648529535267,0.0104655123988516,0.011534195726782,1.1413757945499898,0.0437356725861173,-0.2747557645595627,-0.0013486443864266,0.010056808387993,0.0514970596872375,0.0805835258058706,0.0738599791393164,0.093789449499227,0.0040619633183833,0.008183007351013,0.0009508305868647,0.0003504379269726,0.0008735075297139,-0.0100567594025755,-0.0013486443864266,0.010056808387993,0.0088662720676369,0.0002129791973915,81.67158678525092,17.325304916836103,13.457950785675422,3.867354131160681,0.1888766706937234,0.7726491286514866,0.0338621662649509,0.4601725307272331,-0.013193506983285,-0.7639096824071827,-0.0361821075060483,-0.0048659922671194,0.0108083561583711,0.1261452090952488,0.0483318489218185,17.829999923706055,-0.0105438695466713,-0.0856410295535357,-0.1208086913587584,-0.886303837646666,-1.1736291924142055,-0.0766442042034567,0.0010431125258862,-0.0023103020949101,-0.0007478260080686,-0.0104497136675523,-0.0023103020949101,-0.0012421908216538,0.0003732983847266,0.0076867128172433,0.0021842509934772,0.0021842509934772,0.5325519762498907,0.0621223243120266,0.9252910011602388,0.0184566889182047,7.662923106487679,0.0550353453406675,0.0207299309196082,0.0562282639591096,0.009605290735094,0.0228806275534145,1.5613894542772375,1.958399337609708,0.0097091081383637,157.66201782226562,0.0204280399656715,0.2380393052219664,0.2308504011529835,438.5017700195313,0.0428095599412292,0.4161528135006955,0.3205108943020285,273.2601623535156,-0.0021858065988514,0.1431492983517115,-0.0359835610101926
2026-04-29,660.84375,709.7515258789062,18.809999465942383,85.0501708984375,79.30635070800781,27.61000061035156,657.906975030037,660.9935487523345,655.8692364466933,31724900.0,0.0061135682819628,-0.0034795910196621,0.0098608968487736,0.0379196176883187,0.1462108951215608,0.0113585149940048,0.0099602630273866,0.0098404450516671,1.1542683059657115,-0.0709560470775655,-0.2769588920491095,0.0027889950374684,0.0124728242957554,0.0508349923712958,0.0861123316615208,0.0797800446838228,0.0994941079009743,0.0019625190951566,0.0068230814259156,0.0009383643178615,0.0005721194925161,0.0008858803139748,-0.0040046738059156,0.0027889950374684,0.0124728242957554,0.0077541965186796,0.0044638149182549,81.65351040643245,17.38848340338268,14.244057309216874,3.144426094165805,0.179721719264002,0.7828539175981384,0.0324625663906167,0.5859141881732023,0.0072734319551835,0.5382365341730971,-0.0355895578074393,-0.0001545093249859,0.0005201968625916,0.0941661348063769,0.0477052393409784,18.809999465942383,0.0549635191491706,-0.0058139857245238,-0.0575208290725878,-0.4557195184228896,0.4521180551924054,0.0053447560856758,-0.0077573806287917,-0.0119898321161161,-0.0074700864000016,-0.0180848098937495,-0.0119898321161161,-0.0041014017425951,-0.0045962592551451,0.011725895349536,0.0047307521936243,0.0047307521936243,-0.2381774223667956,0.5932395512724777,0.931091693225538,0.0224624842439609,7.770046115358725,0.0621665650897258,0.0209413403373677,0.0516052049777808,0.0093358435096784,0.0221158948310111,1.5421608951199115,2.252452898896919,0.009340699986182,158.92050170898438,0.0064520106642216,0.1972159794265349,0.0735070464687546,449.7763977050781,0.0421983514648067,0.3691656744316622,0.3231458020094118,271.4344787597656,-0.0159144467102586,0.097096655441849,-0.2872270402254334
2026-04-30,667.0069580078125,716.8132934570312,16.889999389648438,84.97077941894531,79.55377960205078,27.36000061035156,664.6195670718752,668.165718724101,656.8381407338443,40622200.0,0.0093262711613939,0.0052842486816515,0.0250529281599947,0.042578087398126,0.142783733595069,0.0107964610708372,0.0101136667594255,0.0097750907497431,1.10448692935501,0.2804516326292596,-0.0313376997877022,0.0071583893099655,0.0176682592648411,0.0536538642345669,0.094684276575915,0.0891682425111348,0.1087064796365908,0.0049488496972957,0.0066733578728586,0.0013511359022884,0.0005954210427388,0.0009277140513265,0.0,0.0071583893099655,0.0176682592648411,0.0169826983875692,0.0035921165343588,82.77615647270612,17.731474783455496,14.9415408040646,2.789933979390897,0.172937766044067,0.810249550817577,0.0226752224668057,0.8156921313757673,0.0075648549341767,0.8638266035857721,-0.0285185839639691,0.0099496335275648,0.0144116750028655,0.0967889400184873,0.0573249858429372,16.889999389648438,-0.1020733721853804,-0.1253236739111345,-0.1371868254966644,-1.1366341539520546,-1.497617217516794,-0.0627081597896623,-0.0009334664310903,-0.0107452632790688,-0.0074195174724641,-0.0189061602980056,-0.0107452632790688,0.0003733913209158,0.0001244008234817,-0.0003653718880235,-0.0061750843463077,-0.0061750843463077,0.3661967746454988,-0.8119804153760385,0.9305170036551444,0.0197344829513079,7.849839233781288,0.0655599207336172,0.0179157858435339,0.0506148193104047,0.0104900736252855,0.0361870306102587,1.4501557487958572,1.7979267427995,0.0106412531571291,159.31004333496094,0.0234856166086998,0.182269663043493,0.2779259571197476,461.2209777832031,0.0463492056019216,0.3630293937219055,0.3708230156126402,277.310546875,0.0088923726687111,0.1138404504631609,0.183472357953327
2026-05-01,673.4099731445312,718.7982177734375,16.989999771118164,85.27458953857422,79.65227508544922,27.40999984741211,668.425399726581,675.2279215792395,668.0658095505829,39172600.0,0.0095996227023522,0.0252452429142366,0.01546966563492,0.0389921432047648,0.1524326152513671,0.0082129892640289,0.0098305576805842,0.0097029669304296,0.8464409367232942,-0.0356849210530202,-0.0526104870775288,0.0136862610533308,0.023491061475954,0.0563369497218118,0.103108240025286,0.0986675354096608,0.1182456221737544,0.0030702460466258,0.0070937512925397,0.0018040899296154,0.0008317283371942,0.0009703661096157,0.0,0.0136862610533308,0.023491061475954,0.0106355894837919,0.0074571873241041,82.79408182501774,18.308913969251197,15.61501543710192,2.693898532149273,0.164713533625975,0.8420298774582762,0.0379300500739006,0.8608289740368239,0.00118454173094,1.16883405358417,-0.0214052459586826,0.0027690952923506,0.0093985361960295,0.0988365952234417,0.0593091745739322,16.989999771118164,0.0059206859137612,-0.0919294172912018,-0.1165535853190319,-1.018985270023179,-0.9061641017425812,-0.0471116184061818,0.0035754658449227,-0.0090401908808842,-0.0099536010598183,-0.0154013385986663,-0.0090401908808842,-0.0021138757361073,-6.034340570115759e-06,0.0018274574541357,-0.0025472960695152,-0.0025472960695152,0.6359303235653557,-0.4302951202677124,0.9368553740025932,0.024235329473593,7.896959420014706,0.0639210740484677,0.0238394557940315,0.0528235132219245,0.0060146009937458,0.0247334516397708,1.6095129512510262,1.5278705168561146,0.0060711294388904,161.67721557617188,0.0102982806576825,0.1903080189722621,0.1279905137232772,465.5289306640625,0.0089904243335827,0.3714260952338826,0.0761389893625912,278.617431640625,0.0095066653692712,0.111385333793482,0.2233082464901945
2026-05-04,672.141357421875,716.1649780273438,18.290000915527344,84.62712860107422,79.39360046386719,27.479999542236328,673.9193717407993,675.9871067346722,668.165745937857,34542000.0,-0.0018838683316975,0.0170957316640658,0.013022595029362,0.0403377339336332,0.1433814398737463,0.0084687555745574,0.0097356988027478,0.0099107071021627,0.8545056001305701,-0.1182101775220434,-0.1640288957228782,0.0091514881688321,0.0175325166059892,0.0474226272665714,0.0987348152224989,0.0956352005985083,0.1150924732825531,0.0025877060162656,0.0066995023657952,0.0020143275282741,0.0008423503007134,0.0009206368828871,-0.0018838683316975,0.0091514881688321,0.0175325166059892,0.0116364819847056,-0.0026383190534077,78.90339954596143,18.451474880882078,16.182307325857952,2.269167555024122,0.1531804118399898,0.8095867591484772,0.0429238466246099,0.713202890432127,-0.0075824455530528,-0.2224492244064706,-0.0215259304434636,-0.0036633921467564,0.003971084352194,0.0896604696360605,0.0543375596582607,18.290000915527344,0.0765156657988361,0.0149833768537639,-0.0341913756609555,-0.3455654811771081,0.638177653875985,-0.0276447934704386,-0.0075926596774426,-0.011662954990679,-0.0158832131709014,-0.0225841176971792,-0.011662954990679,-0.0044904832177038,-0.0036249045756485,0.0058565098535641,0.0010928516744297,0.0010928516744297,-0.5525382049175348,0.2559803991890305,0.9385286603559831,0.0235973558554356,7.942386425401454,0.0621258115695426,0.0268772170327413,0.0620082967252872,0.0090157085380686,0.0249768539433916,1.5615473421384083,1.4287822919974325,0.009051510677168,161.8570098876953,0.0092171861446697,0.1847493080234432,0.1199232964431617,461.8406982421875,0.0146022417046309,0.3428073550611763,0.1299641605143117,277.22076416015625,0.0026701534331026,0.1011254450760352,0.0699422569805535
2026-05-05,680.8617553710938,721.9102172851562,17.3799991607666,85.09529113769531,79.51298522949219,27.5,677.2157986999623,682.0205161358222,676.7662804889583,37101100.0,0.0129740535274713,0.0207715934548302,0.036590344091371,0.0578585494666059,0.1580386246138612,0.0056416431197492,0.0096861081379277,0.0098748788170325,0.5713125854978327,0.0740866191882345,-0.0879153472868314,0.0149198113161197,0.0249558492843857,0.0533855750392457,0.1107913088325591,0.1089477088609756,0.1284150552067717,0.0071873623499472,0.0073363866591689,0.0018805451298735,0.0007674135950039,0.0009898982573623,0.0,0.0149198113161197,0.0249558492843857,0.0077170374241392,0.0053837442630997,78.88407980576308,19.04853896564873,16.755553653816108,2.292985311832624,0.1397172209239319,0.8820973154648641,0.0445549582376075,0.8348630973135214,0.0060501890425279,2.2996937155348456,-0.0137216965429505,0.0080222287239424,0.0169737564578793,0.0979188902233065,0.0618853055610955,17.3799991607666,-0.0497540573652018,-0.0252384052083561,-0.0614284248486691,-1.1439923888905923,-0.3466091824314629,0.0290112367569697,0.005532062169189,-0.0072309828107168,-0.0103247834732479,-0.0169596792789761,-0.0072309828107168,-0.0003884528412495,-0.0007614669715858,0.0010921254967386,-0.0010897452196599,-0.0010897452196599,-0.1921781455185236,0.7106764993525867,0.9431391038231444,0.0258865113606272,8.001168410944977,0.0617284354320122,0.0290797467229486,0.0680310961777643,0.0192891778267871,0.0441405061432664,1.6460905791035874,1.000498767190644,0.0196165876334917,165.4327392578125,0.0492872128803203,0.2051954866030412,0.690877289103263,482.5008850097656,0.1003396519659991,0.3881125103610705,0.9723097864243002,281.8896484375,0.0315797444078966,0.1172354175925849,1.0042726242886169
2026-05-06,695.0062255859375,731.9443359375,17.389999389648438,85.74274444580078,79.75177001953125,27.350000381469727,687.0250065058129,695.1660231170968,685.7263848294704,38778500.0,0.0207743644040256,0.0320699919850624,0.0516952389818887,0.0620658972498353,0.1479648014704295,0.0081646723996547,0.0102656636538581,0.0089708860415882,0.91012988590806,0.0452115974998046,-0.0173174719501453,0.0255590210644951,0.0398906026416203,0.0678689362535769,0.1313406992347672,0.1308235369078001,0.150583919432921,0.0100806751120043,0.006899531834364,0.0020960548137689,0.0009609858453793,0.0010668489713786,0.0,0.0255590210644951,0.0398906026416203,0.0135820916994925,0.0116170721655632,81.55671827786925,20.42758065642897,17.489959054338684,2.9376216020902888,0.1408198760725646,0.9819556595732556,0.0641946898828008,0.8981485246078414,0.0100843670756715,2.5444207486491788,-0.0021444819070057,0.013899399692774,0.0312684217636753,0.0855312181596061,0.0755463252537629,17.389999389648438,0.000575387190145,-0.0754917659016958,-0.051540799349893,-1.1412608626188312,0.0036206996477858,0.0235432386061738,0.0076085679883015,0.0081431176451169,-0.0060071329562958,-0.0093883621508735,0.0081431176451169,0.0009943655174262,0.0056164393840714,-0.0047306827850122,-0.0094168860244195,-0.0094168860244195,1.154631255584836,-0.9518525425973277,0.9495342630061466,0.0299500129608885,8.105714717648919,0.0678983054506994,0.0293282318656638,0.0662716448359359,0.0198074689257714,0.043200335919074,1.5800845020955412,1.198232449177265,0.0204268172182133,169.82749938964844,0.0686317848444562,0.2000140812618189,1.0284796946802572,506.6294250488281,0.1264028695899444,0.3684395820271613,1.3151699982868663,286.1195678710937,0.0541017824206675,0.1010864336489552,2.007173203522385
2026-05-07,694.1771240234375,729.7001342773438,17.079999923706055,85.3144302368164,79.45329284667969,27.40999984741211,695.8153383268437,700.4701959320079,691.0106209986512,43779100.0,-0.0011929412025064,0.0327844230357805,0.0407344566491114,0.0668079022251728,0.1388910835448964,0.0096523403263152,0.0097873548774153,0.0091546579279713,1.0543637291415928,0.1289528991580386,0.1011128057675552,0.0161872708364798,0.0319378814914212,0.0597030212834086,0.1274172467311618,0.1283216506561411,0.1479227130048159,0.0079853344443963,0.0065027527630686,0.0021536627664964,0.0009576107586278,0.0010868271935512,-0.0011929412025065,0.0161872708364798,0.0319378814914212,0.0136270335134772,-0.0023543808438392,78.78105473936759,21.20909432762221,18.23378610899539,2.9753082186268216,0.1385945900617599,0.930774543629762,0.0643742939062329,0.7514555089343283,-0.0121210822144333,-0.1235908638305333,1.1669366640139055e-05,-0.0030660824190705,0.0179779601437943,0.0759954531627158,0.0711667710417667,17.079999923706055,-0.0178263068903218,0.011249291943377,-0.0622855433743274,-1.3727215623046047,-0.6722178080905776,-0.066156420516855,-0.0049953405591667,0.0040443411278685,-0.0084627516032862,-0.0139751878210226,0.0040443411278685,-0.0011388861819746,-0.0012631298710602,-0.0043589115960904,0.0018274574541357,0.0018274574541357,-0.6752423582292496,-0.202720416250684,0.9513183449128916,0.0289533812853011,8.136690617244183,0.0645964745351674,0.0330791813755784,0.0740517147655397,0.0223546062845041,0.036542325889739,1.528481375909582,1.2912398792972493,0.022756496505317,169.4879150390625,0.0638871943729364,0.1944112501049775,1.0677886499044578,492.1262817382813,0.0670075851788449,0.3003723311049484,0.7760752491272185,281.5903625488281,0.0154332957114584,0.077492835906646,0.6663347861181854
2026-05-08,710.44921875,735.724609375,17.190000534057617,85.74274444580078,79.73186492919922,27.34000015258789,699.1516368844667,710.44921875,698.7321150158692,44320400.0,0.0234408397560694,0.0434559044409537,0.0550025201327382,0.0713230563631894,0.1639090986993916,0.0119238616790911,0.0104750623297377,0.0098053858610874,1.216052140320021,0.0123643473712342,0.1004975907588834,0.0288505425409988,0.0487534389584818,0.0763238784861224,0.1507677986519378,0.1531419272058816,0.1733821045774473,0.0107086311353174,0.0075892126179446,0.0024951927317878,0.0013225903902106,0.0011799238803216,0.0,0.0288505425409988,0.0487534389584818,0.0164925281426115,0.016158986505241,84.16753276710668,22.87775112138695,19.1625791114737,3.7151720099132497,0.1415017045045457,1.0393848699799273,0.0850227154403431,0.8393274655082276,0.0089555382757515,1.9658763596106856,0.0052047833743201,0.0082560970111682,0.023548182484361,0.0855973976885293,0.0787588163744628,17.190000534057617,0.0064403167940818,0.0117716754345953,-0.0509316475330507,-1.1244546959544963,-0.5763382251104022,-0.0109320273810993,0.0050204192631357,0.0054899696352661,-0.0010652899641951,-0.0088314752064861,0.0054899696352661,0.0009931758312975,0.0009992162014784,-0.0050945921390304,-0.0025538013576759,-0.0025538013576759,1.0444380688222872,-0.9535016367577384,0.9656455821880532,0.040792795567313,8.28582317188465,0.0758429465591226,0.0369301196575075,0.0751935937624885,0.030730685850109,0.04924221224746,1.625331503138175,1.5439709461489932,0.0314543376483771,175.31097412109375,0.0843270246604324,0.2306831089381178,1.5249905843306577,520.0530395507812,0.117122922540908,0.3458354762118372,1.4329684815996484,283.495849609375,0.0175093781463122,0.0875241337940548,0.838154139780447
2026-05-11,712.5069580078125,737.4002685546875,18.3799991607666,85.22477722167969,79.57268524169922,27.350000381469727,709.5801817559162,713.805579696499,708.1317613118729,36019100.0,0.0028963917525772,0.0251806843990796,0.0600552251996029,0.0738598951061366,0.1553312311081296,0.0107879009424794,0.0103392585104132,0.0098396127010858,1.096374438082765,-0.1873020099096578,-0.1089984132502815,0.0199065224122043,0.0442368214312629,0.0716649030137632,0.1505821796227859,0.1548282816985333,0.1753228108244089,0.0116642012023531,0.0072193541520189,0.002885872685336,0.0013403948184279,0.0011837540961248,0.0,0.0199065224122043,0.0442368214312629,0.0079631761077677,0.0041246589563053,86.71987350091426,24.08853833796388,20.147770956771737,3.9407673811921455,0.1432412179088611,1.0003092270505602,0.0747054758671032,0.766466710520884,-0.0054971697137825,0.2684851760815674,0.0018640181813683,0.0022775630423874,0.0296513948306098,0.0775397141875302,0.0796398141440799,18.3799991607666,0.0692262123175218,0.0049206255185505,0.0168459653179005,0.3861069510786286,1.7306784035683198,0.0569292585316287,-0.006040945242294,0.0070621398892396,-0.0100756113948983,-0.014309381981593,0.0070621398892396,-0.0013774235247967,0.0022556575943868,-0.0036430010451853,-0.0047306827850122,-0.0047306827850122,-0.2139247212462039,-0.810106353240105,0.966241793489354,0.0377967536627701,8.360326435990533,0.0771465026280864,0.0388102026708014,0.0789126377552464,0.0295282758044481,0.052621465162211,1.607398616341044,1.6668146616549877,0.030403830368993,177.66815185546875,0.097685864694671,0.2216193917072662,1.8920093396174065,532.5071411132812,0.153010427924731,0.3544516984483321,1.973689743080764,284.6530456542969,0.0268099740531948,0.0764325653155197,1.2814695501418112
2026-05-12,706.463623046875,736.2831420898438,17.989999771118164,84.65701293945312,79.46324920654297,27.450000762939453,707.4425277497028,709.4003981235137,695.8752835015275,45873000.0,-0.0084817907993977,0.0176993718148261,0.037602152674631,0.0755683724709432,0.1251034733208937,0.0139865685393886,0.0100552906356494,0.0100911098805209,1.386028625092927,0.2735742980807405,0.140466897048952,0.0038978438993884,0.0279023715561181,0.0563349255686893,0.1375789858801168,0.1434116790839041,0.1639829665870025,0.0073824857370182,0.0058937503856031,0.0027084269090298,0.0013408880717617,0.0011291437811557,-0.0084817907993976,0.0038978438993884,0.0279023715561181,0.0191448139447779,-0.001383723291193,79.23066170192646,24.28055814508798,20.974328394434988,3.3062297506529923,0.1427765830198457,0.8945669827443536,0.0489801646498393,0.5795800489290749,-0.0143815814043397,-0.6064239537444447,-0.0099517355885257,-0.0015149526145865,0.0199095738785064,0.0629553126164219,0.0764770601795128,17.989999771118164,-0.0212186837571199,0.0350978503916485,-0.0037104781228287,-0.0852473171011291,0.6888742073653201,0.0532786798288611,-0.0066619626443814,-0.0051504400817313,-0.021857149884072,-0.020170681107299,-0.0051504400817313,-0.0013864988511839,-0.0006255081834202,-0.0029059179698771,-0.001818154074929,-0.001818154074929,-0.97154824031967,0.2740655190193408,0.9594999296624802,0.027630699393488,8.345010041307969,0.0676759811273559,0.0369709944864333,0.0890113244439074,0.0173472033690629,0.0429739273944844,1.6669975501504348,1.9808779897545103,0.0176925787961246,174.99134826660156,0.0577794277702965,0.184263922330883,1.2706526553948043,515.7450561523438,0.0688997101879,0.2859883338335265,0.955405442619752,281.8996276855469,3.5401257556522125e-05,0.0515406236442781,0.0014975598452057
2026-05-13,713.9254760742188,740.4025268554688,17.8700008392334,84.46776580810547,79.50304412841797,27.51000022888184,709.1806902070881,715.8633489513101,704.0563165931343,40012500.0,0.0105622607929363,0.0048930412371133,0.0272216993053997,0.0803241705383741,0.1212896500646394,0.0121916956974255,0.0100925242948938,0.0099755781658518,1.2221541721767724,-0.1277548884965011,0.0074019654063011,0.0090755553857797,0.0307981045614704,0.0613644022998696,0.1460866891568579,0.153624883378455,0.1748399254857546,0.0053715556887273,0.0057239748071062,0.0029007189801651,0.001530533217314,0.0011660770364406,0.0,0.0090755553857797,0.0307981045614704,0.0165381860626421,0.0066905175685834,84.04519524434961,24.74954703153924,21.72937212185584,3.020174909683398,0.1465353017458851,0.9187687305976608,0.045019303278084,0.7015925330900832,0.0089312470472318,0.8663487170876439,-0.0084063752401563,0.0055948378146111,0.0115557843714102,0.0605337361187352,0.0808888582268343,17.8700008392334,-0.0066703131412717,0.0276021544814248,-0.0095332598306726,-0.2186775148829106,0.3042166847954127,0.0395578990139373,-0.0022354572264793,-0.0148698137193549,-0.019772662982633,-0.0215926193211746,-0.0148698137193549,0.0024801723778005,-0.0031187507318316,-0.0036218898681311,0.0058500857470009,0.0058500857470009,-0.6109211661172357,0.9077979088562064,0.9642396536736584,0.0298257204860743,8.452046401891584,0.0740646055388509,0.0356011772946738,0.0877730037129094,0.01548695106689,0.0427268533752591,1.7109824138687997,2.5748189175949983,0.0156659149339895,176.63938903808594,0.0401106397545691,0.1766467479745037,1.0261008459432677,528.0392456054688,0.0422593309786085,0.3146120719063465,0.6551303736233269,281.9993896484375,-0.0144001972787563,0.0492964799583941,-0.5532575221745668
2026-05-14,718.9998168945312,746.2474975585938,17.260000228881836,84.58728790283203,79.44334411621094,27.6200008392334,713.8355094170396,721.2374091114184,713.4359241362712,33327500.0,0.0071076617803522,0.0091126954112461,0.03575844263957,0.0779495000202228,0.12384652804285,0.0116132763528373,0.0100796592304792,0.0099769972171787,1.164005054430216,-0.1670727897532021,-0.1512993123047912,0.0091664313391368,0.0303895697268825,0.0626496194116155,0.1507032836836788,0.1599296333947761,0.1816884924388064,0.0070267906350287,0.0058378600630899,0.002894770547423,0.0015399506844446,0.0012092403188898,0.0,0.0091664313391368,0.0303895697268825,0.0108504686535846,0.0072345903353969,82.66914874550052,25.23973306748428,22.43144431098153,2.808288756502755,0.1503580911828063,0.9166694250956248,0.0258681229499168,0.8543523956834396,0.0040700966432702,0.6120289358813713,-0.0085775153916129,0.0078943149045545,0.0226769360507759,0.0662856887702976,0.0877388911633754,17.260000228881836,-0.0341354550477867,0.0105386596006917,-0.0415370764326702,-0.9284441812739224,-0.9457104957883704,-0.0609357444517996,0.0014150024400798,-0.0085230872663155,-0.0121282435881145,-0.0195235412792524,-0.0085230872663155,-0.0013881865373621,-0.0001252148288926,0.0095029321301793,0.007661473658896,0.007661473658896,-1.0118961732206366,1.940979588896012,0.9634870726492144,0.0263173912027068,8.500093036680264,0.073157681960428,0.035431989812718,0.082836575824464,0.0127914360123444,0.044662189645741,1.7649789007764156,2.8177271879461188,0.0130815065887941,179.28622436523438,0.0578112564775701,0.1807656338842305,1.6797658094685617,529.7784423828125,0.0765091441805074,0.3056534306629073,1.3263766661644685,283.7751770019531,0.0077588395900665,0.0537136748340121,0.2747140149919192
2026-05-15,708.1517944335938,737.2706298828125,18.43000030517578,83.33222961425781,79.05532836914062,27.770000457763672,709.3604881552494,714.3450008365951,704.7754998097428,51792700.0,-0.0150876567782614,0.0023896083699792,-0.0032337628865979,0.0515908921378656,0.0925946747969317,0.0108194696564113,0.012307073701635,0.0108593016718644,0.9963318993257018,0.5540529592678718,0.3217805004282354,-0.0054181005664517,0.0098157283446138,0.0419955722665446,0.1301433690855524,0.1405183320451564,0.1624949089318224,-0.0006478005594539,0.0044277651542986,0.0027053437903847,0.0016129001361697,0.0011265317715147,-0.0150876567782614,-0.0054181005664517,0.0098157283446138,0.0135133471412105,-0.0017039202800806,73.26189469266015,24.470780357252693,22.83931152023576,1.631468837016932,0.1497190335759064,0.780495881275197,0.0278669477167349,0.3055725147394591,-0.0158841929015878,-1.394491214717685,-0.0220969125730033,-0.0120293437567962,0.0021013576114108,0.040879232009342,0.0731834441706293,18.43000030517578,0.0677867937878782,0.0721349466314105,0.0207416228501413,0.4676162897641315,0.9397387879243254,0.0244580622376666,-0.0148374338472223,-0.0281133388850958,-0.0356158766664453,-0.0331447178311239,-0.0281133388850958,-0.0074944088623734,-0.0084851465679292,0.0131339150804683,0.0157278823253803,0.0157278823253803,-2.912153588047721,2.715347774733674,0.9605045497962572,0.0206689270028466,8.497934085186554,0.0661736666923598,0.0252431447264116,0.0761020328468051,-0.0053239330108538,0.0255992565737628,1.60611229162812,1.3829632087651764,-0.0053351204980087,176.05007934570312,0.0042159666747321,0.1419500397637041,0.1313885701451692,508.2786254882813,-0.0226407946248533,0.2232565484094621,-0.393377711648238,276.94140625,-0.0231200681364692,0.0065994329652192,-0.6608805672462623
2026-05-18,705.1051025390625,736.751953125,17.81999969482422,83.23261260986328,79.13492584228516,27.700000762939453,710.7588622671137,711.2883097073819,698.0827906816122,49834500.0,-0.004302314727548,-0.012354753865429,-0.0103884676290681,0.0490428758075922,0.0913588882168925,0.0107162584013376,0.0124823148644955,0.0109040384606036,0.982778761949232,-0.0378084170162976,0.2515306824608652,-0.0076338317188329,0.0007669885521384,0.0330265915256207,0.1223636151099181,0.1338282423993364,0.1561383550915511,-0.0020885608807443,0.0043711803105153,0.002486651228839,0.0015145980145099,0.0011315400741062,-0.0193250596578482,-0.0076338317188329,0.0007669885521384,0.018728440594483,-0.0079545398984085,76.13845530545518,23.346414289476115,22.940732074083837,0.4056822153922823,0.145086247475006,0.7276341975920922,0.0326914739096399,0.2664886037279004,-0.0001840634390716,-0.401475418466543,-0.028397661109644,-0.0007035093177317,-0.0008791906612106,0.0422311499996115,0.0711040740781416,17.81999969482422,-0.0330982420103516,-0.0304678722258998,-0.0101649827443377,-0.2349836491151875,-0.1288540886692388,-0.0027980493598748,-0.0011954198856271,-0.0233754158914907,-0.036547378141111,-0.0333933378503121,-0.0233754158914907,-0.0032581293715198,-0.0055013777414245,0.0080058669711762,0.0127970887235109,0.0127970887235109,-2.06081536365948,1.820572965396685,0.9570454473154708,0.0146705636864949,8.47150029813561,0.0562783994103865,0.0197295913717374,0.0666190039610683,-0.0095176447922755,0.0132977896253525,1.6756041808847753,1.3805826478171723,-0.0095092769678575,174.15234375,-0.0197886231648811,0.1281056579007193,-0.5928457950710719,495.6346435546875,-0.0692431982818232,0.1875703798773071,-1.0838541305319884,275.3152770996094,-0.0328040352887281,-0.0049757109686892,-0.8296864443887422
2026-05-19,700.7599487304688,731.8446044921875,18.059999465942383,82.69473266601562,78.94589233398438,27.790000915527344,699.0418050981273,705.714465040699,694.4868131207006,46827500.0,-0.006162420032059,-0.0253683905551509,-0.0080735569820383,0.0292250125703268,0.0887744788723952,0.0104136480804203,0.0125682883861906,0.0110101118232578,0.9458257374458932,-0.0603397244880554,0.1654084908883983,-0.0121632643930542,-0.0082011788784313,0.0223814723486943,0.1124731788412323,0.1253662408238163,0.1476068516480608,-0.0016212649260062,0.0042526366198356,0.0025874503926062,0.001252654502263,0.001200109571656,-0.0253683905551509,-0.0121632643930542,-0.0082011788784313,0.0160221084842804,0.0024578553382802,71.53487434776682,21.85282274407132,22.72315020808133,-0.870327464010014,0.1358600831251618,0.6647391333337788,0.0405915360940097,0.2003497388006165,0.0022937101529912,-0.5917637501003901,-0.0358826153323391,-0.0066607880874933,-0.0060283026242567,0.0421116625622881,0.062603482196264,18.059999465942383,0.0134680008545606,0.0038910336695279,0.0071942231769495,0.1855654299991044,0.4046540069821356,0.0463498972451852,-0.0064623700612266,-0.0231791815622047,-0.0374661271580823,-0.0385761534303795,-0.0231791815622047,-0.0071320790418201,-0.0065106433190752,0.0105454878373578,0.0123861618629508,0.0123861618629508,-2.416637302785205,2.1315726622031046,0.9575256064321362,0.0129759715034973,8.474057852761574,0.0501645216235659,0.0152538502016024,0.0591025482190477,-0.0020576585461954,0.0154640690442331,1.6195999863764006,1.2531655842013725,-0.0020452543577815,173.03367614746094,-0.0111872509043023,0.1199172599595681,-0.326151570834768,496.5042114257813,-0.0373068912576818,0.1807462902665695,-0.5339194368142334,272.3523254394531,-0.0338677362736483,-0.0055007887402043,-0.764626002629034
2026-05-20,712.3671875,739.3452758789062,17.440000534057617,83.58125305175781,79.45329284667969,27.729999542236328,704.5157692199168,712.3671875,703.0174157954351,36779200.0,0.0165637873433825,0.0059526687633093,-0.0021827048150565,0.0249795775561953,0.0885958546999778,0.0123317987130084,0.0119608481999192,0.0110002739022254,1.1210445941231555,-0.2145811755912657,-0.0839946373419028,0.0046404248730049,0.0057554940812607,0.0349389562045723,0.127739176265206,0.1423907032918476,0.1651751817252225,-0.0004370180774353,0.0042444329546132,0.0026831818777477,0.0013383491125453,0.0011908337095917,-0.0092247998381676,0.0046404248730049,0.0057554940812607,0.0131249331364871,0.0111444180855976,73.11418284781593,21.359528497872702,22.45042586603961,-1.0908973681669067,0.1326032483636892,0.7634849193795439,0.0393964891008359,0.6177877770054024,0.0145795644222794,1.343176805402536,-0.0294125670129159,0.0102489945825634,-0.0014279408000573,0.0422378170385209,0.072050934166332,17.440000534057617,-0.034329952946785,-0.0240626908215761,-0.0233521500250354,-0.629576464677883,-0.7691333539570294,-0.0537167528337011,0.0107203972630594,-0.0104952788542038,-0.029053945603186,-0.0273292928146895,-0.0104952788542038,-0.0037425774096107,-0.0006257783243861,0.0138939362144967,0.0079970669401712,0.0079970669401712,-0.0726833311996139,1.488383407791164,0.9635108395778472,0.0171003260974871,8.523049864529616,0.0502415688450268,0.0147194020439578,0.0514865328250468,-0.0007558433145063,0.0084007421708121,1.6681909241690591,1.306039249726661,-0.0007547640149991,176.9290313720703,0.0016397380876465,0.1205009892013593,0.0443676068488945,520.0630493164062,-0.0151053096061386,0.2050629055255997,-0.2048320354392353,279.2060241699219,-0.0099055727815512,0.0122612868951936,-0.2137778773856218
2026-05-21,713.7256469726562,740.8114624023438,16.760000228881836,83.89002990722656,79.49309539794922,27.729999542236328,708.2116871156971,716.3327671783537,705.9941534147096,36415400.0,0.001906965251198,0.0122258999439253,-0.0073354259597101,0.0281607132714427,0.0968499736754453,0.0117482803563592,0.0118934939254062,0.0107683259259165,1.091003313438062,-0.0098914603906555,-0.0888749386689338,0.0080558392998952,0.0048999533104936,0.0321873190572123,0.1269609247843954,0.1430158672749495,0.1659083218525936,-0.0014724924988372,0.0046221205694709,0.0024751142632405,0.0012809175962028,0.0012344220465855,-0.0073354259597101,0.0080558392998952,0.0048999533104936,0.0144854172012684,0.0077857510081704,71.65704250935421,20.83799810909261,22.12794031465021,-1.289942205557601,0.1253762923140217,0.7567257211323094,0.0299844868640324,0.7686669055376962,-0.0021683347301103,0.1623186569468585,-0.025153587964586,0.0019830877010671,-0.007284493648601,0.048373130487892,0.0728461810465557,16.760000228881836,-0.0389908419926848,-0.0289687134049587,-0.0546828555897174,-1.5856928063791629,-1.4765325982729156,-0.0594836971995155,0.0036943314941395,-0.0082430588909108,-0.0233276660884542,-0.0228473176846646,-0.0082430588909108,0.0005009553392121,0.000626248583714,0.0116745602555861,0.0039825742092911,0.0039825742092911,0.1233961021644245,1.3452884781521293,0.9634376399335776,0.0147424833779319,8.507872124517785,0.0423845835013558,0.0127394736845904,0.0456182402323315,-5.130604970227104e-05,0.0009151767873543,1.6928293033312165,1.3838680174945854,-5.093231110908647e-05,178.38729858398438,-0.0050139143954459,0.1460472325809896,-0.1371031557037859,524.4609985351562,-0.0100371087652032,0.1898187108141475,-0.1272702152221907,281.8197937011719,-0.0068906072808749,0.0252976078127462,-0.1449334528623976
2026-05-22,716.7523193359375,743.7239990234375,16.700000762939453,84.34822845458984,79.50304412841797,27.770000457763672,717.2817668085307,721.3273088449104,715.1640988544713,33118600.0,0.0042406663906771,0.0228214677999809,0.0121450301615386,0.0088719931271477,0.0808278271561986,0.0089786955737585,0.0095100372982004,0.0102181201277625,0.8787031844204157,-0.0905331260950037,-0.1582574633783946,0.0098772200534731,0.0082666087197866,0.03256238960693,0.1285044492448799,0.1463368883754146,0.1693992934593764,0.0024143742067234,0.0038863627073031,0.0027479424522136,0.0012488937677029,0.0011930573137194,-0.0031258666633616,0.0098772200534731,0.0082666087197866,0.0085988002049986,-0.0007381303932329,73.52016300829072,20.43336556442307,21.789025364604782,-1.3556598001817122,0.1227303113939172,0.7653166054669023,0.0371799250555582,0.7656600312860663,-0.0033664895426498,0.4723031183692126,-0.0209277444695173,0.0039315490768039,0.0087530533281254,0.0444014709351121,0.0755566633864741,16.700000762939453,-0.0035799203534011,-0.0938686659571288,-0.0526972167137599,-1.5306462305676032,-1.0699885655717134,-0.0753044708316642,0.0054618951485654,0.0121921475644544,-0.0198052570973011,-0.0166349090577563,0.0121921475644544,-0.0028698789497076,0.0056633217331889,0.0157278823253803,0.0,0.0,0.2083220169695377,1.4311323365689828,0.963734288898952,0.0133216599806051,8.49753850754331,0.0360967625032475,-0.0019792906676696,0.0255515150717975,0.0033625443038036,-4.654986015173446e-05,1.4212658998817251,1.447955318597311,0.0033919768334131,180.17515563964844,0.0234312663151095,0.1258893178687017,0.6117925376288956,537.0750122070312,0.0566547269051231,0.1640598656086274,0.682833726434384,284.4435729980469,0.0270893646769256,0.0306163586826717,0.5731595129317256
2026-05-25,,,16.59000015258789,,,,,,,,0.0,0.0061557184453242,0.0165184122975903,0.0059583436770851,0.0802583214222176,0.0083543456722236,0.009487382732267,0.0102280716211597,0.8168054707531426,0.0,,,,,,,,,,,,,,,,,,,20.43336556442307,21.51789340456844,-1.0845278401453695,,,,,-0.0020519061484414,0.0,,0.0,0.00946322010938,0.0426052832337773,,16.59000015258789,-0.0065868625943823,-0.0690235445174322,-0.0551046464126249,-1.507754679560514,-0.829377228872126,-0.0487385524908561,0.0,0.0134035903685469,-0.0149201533759441,,0.0134035903685469,-0.000875188679001,0.0046517802628194,0.0153564925205085,0.0025270647254953,0.0025270647254953,,,,,,,-0.0025951108793861,0.0164122863626579,0.006989053239053,0.0030736243276094,1.4190877313897137,1.360919950121833,0.0070551921882102,,0.0345835821669695,0.1234352081135747,0.911336458211631,,0.0836107184823355,0.179881966710182,0.9996404064151212,,0.0331557914061371,0.0287940798555903,0.7369952131425247
2026-05-26,729.4783935546875,748.6613159179688,17.010000228881836,84.7665786743164,79.77166748046875,27.75,725.1631283460116,730.3673702569255,723.3650554496121,34254700.0,0.01775519084548,0.0220711510772355,0.0409818581616237,0.0325774318124876,0.1106076277847838,0.0084219403759446,0.0102808123662524,0.0101182833165888,0.8323486583725448,0.0343039862796132,,,,,,,,0.0080328724325298,0.0052453638983722,0.0030727552608735,0.0013586303250176,0.0012177366117411,0.0,,,0.0095990708829519,0.0059507509965631,,21.22306964508084,21.45892865267092,-0.2358590075900792,,,,,0.0103981404864015,2.1082064161825715,,0.0066386413521875,0.0229785275761513,0.0546587269910507,,17.010000228881836,0.0253164600621433,-0.0581394943582717,-0.0289155805905159,-0.7798255227834161,0.3245835499398638,0.0149164675767239,0.0049597985327194,0.0250541472413783,-0.0110659253186224,,0.0250541472413783,0.0038812693541403,0.0104600140940949,0.0109289336510904,-0.0014393995757299,-0.0014393995757299,,,0.974377035442575,,8.605731232322505,,0.0155050618766883,0.0312427654039912,0.0175989330178119,0.0155384093251169,1.4993654688191576,2.0970732396650558,0.0180033305854723,184.9195098876953,0.0686908699212121,0.1728855969365901,1.9688412921660488,569.8194580078125,0.1476628896490046,0.2994690032435496,1.881135474166512,289.82080078125,0.0641392553326309,0.0606039251572643,1.5675177328199834
2026-05-27,728.6492919921875,748.5316162109375,16.290000915527344,84.96580505371094,79.72191619873047,27.75,732.155448805963,732.515039000156,724.6436840304248,35148700.0,-0.0011365676760621,0.0165984431934205,0.0228563369816741,0.020623743529833,0.1026044991606374,0.0076566618758017,0.0100196437917442,0.0102172763895357,0.7493837725932235,0.0260986083661511,,,,,,,,0.0045198088099704,0.0048837553833166,0.0032331902037188,0.0013288140058679,0.0012268670347595,-0.0011365676760621,,,0.0108026660510576,-0.0047888147516945,,21.213732986883656,21.40988951951347,-0.1961565326298142,,,,,-0.006669382073869,-0.1484416506901732,,-0.000173242164746,0.012424966563979,0.0546389671850422,,16.290000915527344,-0.0423280013913216,-0.0659403430799501,-0.0632816278308273,-1.7482397008713508,-1.4482097857083398,-0.0245508879449861,0.0023502939780073,0.0165653415257573,-0.0009919538530652,,0.0165653415257573,0.0027530023876691,0.0033808964037418,0.0087240919346194,0.0007212570535102,0.0007212570535102,,,0.9734382305461,,8.57579459797472,,0.0095397205843963,0.0146412111575062,0.0103033516183403,0.0061884811521064,1.4880793876406804,2.672264554207312,0.010431370417695,184.21034240722656,0.0411538512288813,0.1591351677491743,1.1949808399509954,563.7122802734375,0.083930652282268,0.2533167217081675,1.099162887265117,289.6811218261719,0.0375174485844007,0.0672230114235248,0.9376766183235996
2026-05-28,734.79248046875,752.6609497070312,15.739999771118164,85.4040756225586,79.8214111328125,27.700000762939453,728.9289290608506,735.7913827320126,725.6125662306399,32840000.0,0.0084309262961972,0.0251693097408132,0.0295167107773848,0.0219647671711928,0.1016264098104708,0.007648839923625,0.0101016970861973,0.0101990146810695,0.7499586394226403,-0.0656837948487426,,,,,,,,0.0058178958578528,0.0048393821096101,0.0031209808478726,0.0014065323955786,0.0012063926000061,0.0,,,0.0138526410815734,0.0080440646188291,,21.45472091962438,21.418855799535653,0.0358651200887258,,,,,4.115638259283294e-05,1.102248874094963,,0.0055165786009099,0.0159952807240069,0.0500097536934822,,15.739999771118164,-0.0337631131674724,-0.060859215025901,-0.0919056313711562,-2.202813602599927,-1.5104370636402011,-0.0512357066697877,0.0051581994494209,0.0180479815897838,0.0050993554087215,,0.0180479815897838,0.0047589514364918,0.0041301163732485,0.0028964489962077,-0.0010818167974068,-0.0010818167974068,,,0.976259603683124,,8.603716802885954,,0.0132565671055555,0.0121908978829436,0.0133085559646914,0.0112654112527108,1.5528369620662268,2.4388801977870447,0.0135214300533779,186.62747192382807,0.0461926011843512,0.1714733611077508,1.3462673576083073,569.19970703125,0.0853041667941962,0.2341149567112757,1.144932903968538,291.3371887207031,0.0337712085249166,0.0505809894494411,0.8931592122158343
2026-05-29,737.49951171875,754.5361328125,15.31999969482422,85.42400360107422,79.9010009765625,27.65999984741211,737.0300569298091,740.815874477768,734.4428732975097,37541700.0,0.0036840758744198,0.0109956898448715,0.028946111262025,0.0414426928179001,0.0951716504508368,0.0076822404978262,0.0080671976121519,0.0101411706506686,0.7575298754872881,0.1431699147381242,,,,,,,,0.0057070170945611,0.004545555469287,0.0032325589993494,0.0014032677804138,0.0012222797528046,0.0,,,0.0086413632537952,0.0006369547408913,,21.61497639775871,21.458079919180264,0.1568964785784459,,,,,1.8845926129366312e-05,0.4795574150412109,,0.0024914048034492,0.0145378309739361,0.0497189811485132,,15.31999969482422,-0.0266836138755616,-0.082634790722748,-0.1118583367466649,-2.2696703247076258,-1.2962716253168622,-0.0993533516353579,0.0002333375587799,0.0127539744010574,0.0017521522332559,,0.0127539744010574,0.0106972246509824,0.0050055548502234,-0.0039611310240655,-0.0039611310240655,-0.0039611310240655,,,0.977421066595914,,8.633399052131008,,0.0176121152192827,0.0159409293584182,0.0142018166777055,0.0159882234681365,1.7292495600161706,2.465171432728395,0.0144082802880889,190.79251098632807,0.0589279654510994,0.1800828602001685,1.730578550458607,568.8099365234375,0.0590884394081121,0.2218573305681515,0.8235709287445162,289.740966796875,0.0186237071310606,0.0399240459965106,0.524614882960442
2026-06-01,741.9246826171875,756.5908203125,16.049999237060547,85.47000122070312,79.83999633789062,27.76000022888184,736.2309273283665,744.8315224447946,735.1820921097265,33890600.0,0.0060002356993085,0.0182191772789677,0.035120030451484,0.0522185698919761,0.1038223945376306,0.0069983235351268,0.0075141009409897,0.010028288926158,0.6978581180498385,-0.0972545196408261,,0.0101512954876612,,,,,,,0.0049389530200097,0.0035848887889112,0.0014691223887902,0.0012560695803257,0.0,0.0101512954876612,,0.0130059432731488,0.0077336540445026,,21.8472132526083,21.53590658586587,0.3113066667424284,,,0.0302799681730112,0.8352478915981537,-7.2823393680717e-05,0.857381744614935,,0.0027231134609038,0.0173005325980573,0.0564476671234441,,16.049999237060547,0.047650101617362,-0.032549783638375,-0.0634573749344684,-1.274350672133438,-0.0505489473580001,-0.0147330672178189,0.000538462465933,0.0132993044034968,0.0099598395167364,,0.0132993044034968,0.0089097258650454,0.0042382302862313,0.0021660456422318,-0.0003601090643496,-0.0003601090643496,,,0.980615496115516,,8.680527343171178,,0.0246279305399337,0.0246741471615803,0.0175164538722083,0.0215343343799416,1.654354652064366,2.598539493071537,0.0178194978534267,195.52685546875,0.0852043100759412,0.2080221647762834,2.432787502622724,571.6585083007812,0.064392301462014,0.2377828772487384,0.9232860377187984,288.29443359375,0.0135382232585354,0.0399453102553177,0.4033114268658156
2026-06-02,745.3408813476562,757.6182250976562,15.770000457763672,85.6500015258789,79.9000015258789,27.76000022888184,741.5850600741305,745.6206032443648,738.4184960219842,30085200.0,0.004604508800567,0.0143556189799016,0.0217449727546721,0.0636179803054561,0.0947022291499088,0.0035349089798493,0.0064062212885608,0.0098510256708195,0.3588366063732631,-0.1122848223401179,,0.0104380150514382,,,,,,0.0043023846439653,0.0045241194718768,0.0034403345111349,0.0014971336792758,0.0013010741921816,0.0,0.0104380150514382,,0.0096628367001128,0.0050645859466886,,22.052711390859827,21.639267546864662,0.4134438439951644,,,0.0349987239546076,0.7982398748301811,-0.0001806975260668,1.3025816291828909,,0.0013579397972762,0.0119639000830502,0.0494632254226639,,15.770000457763672,-0.0174454076390445,-0.072898280683896,-0.0754528699181024,-1.424070505196868,-0.175535572759765,0.0019060156976975,0.0021060056464838,0.0104218297515192,0.0065186966372321,,0.0104218297515192,0.0120856090632066,0.0016087672410955,-0.0010795496817974,0.0003603686083544,0.0003603686083544,,,0.9837948146661633,,8.702170088373595,,0.0274344707416331,0.0269188905215798,0.0096654363567902,0.0112063523072709,1.98333122749485,1.6884723520299674,0.0097810726716218,197.9739532470703,0.0705952734100539,0.1967035916545223,2.039288644127614,604.7328491210938,0.0612709703444394,0.2533300309052371,0.9707975220317576,290.9680480957031,0.0039584712738374,0.0322055091718487,0.1341163740575504
2026-06-03,743.39306640625,752.3018798828125,16.059999465942383,85.30999755859375,79.68000030517578,27.86000061035156,746.4896389980919,747.828194840854,740.1965670083828,40270200.0,-0.0026133209517293,0.0079912658840477,0.0202343906404571,0.0435532116732284,0.0696207300582367,0.0041180407465824,0.0058026659750651,0.0091937005034562,0.4479197791046753,0.338538550516533,,0.0037847411162541,,,,,,0.0040064791285915,0.0033652063874635,0.0033964470057896,0.0014412669197602,0.0012899837000821,-0.0026133209517293,0.0037847411162541,,0.0102659389458183,-0.0041481789298482,,21.807020006518883,21.672818038795505,0.1342019677233779,,,0.0234453366762699,0.6614283116729491,-0.0052770762464119,-0.6346028312845967,,-0.0070171823204998,0.0050368796590851,0.0278129673880702,,16.059999465942383,0.0183892834344174,-0.0141191796598199,-0.0547659338431294,-1.0042117089518614,0.9013242575973984,0.0483028580847928,-0.0039696901486034,0.0040509532589638,-0.0050470379739311,,0.0040509532589638,0.0028533425157541,-0.0005257762928101,0.0046881020649576,0.0039639859586149,0.0039639859586149,,,0.9881579274028264,,8.714020486235073,,0.0255804987474534,0.0224063715149924,0.0151213465783734,0.0161181435354103,1.5376167892475583,0.8681822283838292,0.015197510981372,195.9962921142578,0.0639809337142238,0.154090431871509,1.8829980055858504,615.3877563476562,0.0916699491612151,0.2146703802060967,1.587606113786181,286.9875183105469,-0.0092985124423859,0.0030335235227398,-0.3366293029837215
2026-06-04,739.7969970703125,755.1445922851562,15.399999618530272,85.5,79.83000183105469,27.84000015258789,734.6726235372454,742.6838392688934,731.815777671541,40782600.0,-0.004837372714978,-0.0028677918348388,0.0068107890793465,0.036528531948152,0.0657179147340134,0.0047868144573604,0.0064642865896646,0.0093249310923542,0.5133350473710498,0.0127240490486761,,-0.0024191645993391,,,,,,0.001357540086146,0.0031824335200475,0.003317823068104,0.0014278550686932,0.0013340401309162,-0.00743805205924,-0.0024191645993391,,0.0146905997731691,0.006975043534894,,21.07914777823953,21.55408398668431,-0.474936208444781,,,0.0164884589577936,0.3532813402676629,-0.0038814421033651,-1.0105617728671483,,0.0037786857621391,0.0032998159119213,0.0348697455469311,,15.399999618530272,-0.0410958822764432,-0.0216010265268089,-0.0891077650676733,-1.518794226616537,-0.9148465246689588,-0.0404984205251163,0.0022272001739978,0.0011231826671287,0.0021751274979917,,0.0011231826671287,0.004238184856419,0.0001076239835937,0.0039668450114476,0.0050541294509907,0.0050541294509907,,,0.9796759516367586,,8.65259645696272,,0.01685455397435,0.0170106379511594,0.0034994257067955,0.0056812253583671,1.688376087373887,1.092701078455249,0.0035109731674252,192.93994140625,0.0338239028656954,0.1383699030210055,0.9979090330624928,602.4338989257812,0.0583875773019444,0.2241449426311332,1.0319867981369153,291.3172302246094,-6.850651707523969e-05,0.0345426156908854,-0.0026236458223684
2026-06-05,704.2860107421875,735.65478515625,21.51000022888184,85.05999755859375,79.43000030517578,28.020000457763672,729.2585667367451,730.8867822650427,703.5468328396532,99606600.0,-0.0480009873908016,-0.0550820056069339,-0.0450352853782345,-0.0173927704974848,-0.0086750859106529,0.0223006681384948,0.0175333218722286,0.0137895310988653,1.6172171744920831,1.44237983846052,,-0.0417203709995888,,,,,,-0.0092161774448077,-0.0004356466757442,0.0027865066373629,0.0011787887726411,0.0011178591027185,-0.055082005606934,-0.0417203709995888,,0.0388193844665155,-0.0342437609012997,,17.435874071466515,20.730442003640757,-3.294567932174239,,,0.0939403579805986,0.0558844792969037,-0.0296403188551569,-2.152446058577835,,-0.0258093712489256,-0.0250237819438422,-9.4905373369647e-05,,21.51000022888184,0.3967532962143463,0.4040470402978451,0.2562417976907585,3.067421071998,1.778943608915175,0.3639822196893041,-0.0051462273848684,-0.0042611681393482,-0.0079627365746218,,-0.0042611681393482,-0.0009187550494821,-0.0058948031392607,0.0090025205573991,0.0130152065197948,0.0130152065197948,,,0.9573593823529608,,8.27987339474162,,-0.0066147968578295,-0.0256150781321516,-0.0205251195503924,-0.040948606134698,1.849736406044824,1.799620495393666,-0.0200115034343922,180.08526611328125,-0.05611983834006,0.0272332751336474,-1.3260742116470727,539.5138549804688,-0.0515041662633852,0.0374208281649457,-0.7557921200524524,280.9817810058594,-0.0302310918882117,-0.0088680966828252,-1.2010577265772613
2026-06-08,715.283935546875,737.3204345703125,18.920000076293945,84.62000274658203,79.54000091552734,28.030000686645508,717.0220156925686,722.2363170978037,712.2872288217055,47401500.0,0.015615708159669,-0.0378119357438476,-0.0359076166280591,-0.0020486627659928,0.0038974742742541,0.0242442005529529,0.0183682874153728,0.0142329903313493,1.70338054654422,-0.5241128599912054,,-0.0196489120006304,-0.0228955876642278,,,,,-0.0073136311179866,0.0001944949399248,0.0031438377966298,0.0013498484683724,0.00121853628682,-0.0403264419716721,-0.0196489120006304,-0.0228955876642278,0.0139092852246032,-0.002424026191183,,15.26008526486487,19.636370655885575,-4.3762853910207085,,,0.1021147648746187,0.3075801082756616,0.0282196867409516,0.6441007399465001,,0.0022641726087715,-0.0254700231946087,-0.0001082641107948,,18.920000076293945,-0.1204091178534835,0.1788162601656933,0.1032391605414986,1.2125649489873218,0.5287103130596478,0.1780822357072065,-0.0051727583428229,-0.009944991950172,-0.0070962282896271,,-0.009944991950172,0.0004648474472208,-0.0037574578672783,0.0093626296217488,0.0097262411937144,0.0097262411937144,,,0.9701127244136674,,8.45289426058033,,0.0066184586230739,-0.0052537857784755,-0.0107103872450038,-0.0262234163423175,1.9266984540977607,1.9675653666774304,-0.0104375934334504,183.9606475830078,-0.0591540627910868,0.035417128291276,-1.2621992777614846,571.1787719726562,-0.0008392008885707,0.0726218070588247,-0.0120197619940427,283.4359436035156,-0.0168525279162369,-0.0042757387260117,-0.6978731320544541
2026-06-09,707.052978515625,735.1560668945312,19.8700008392334,85.12000274658203,79.62000274658203,28.01000022888184,722.1863106332692,724.863361278284,685.6165148330579,91932200.0,-0.0115072583378472,-0.0442608157161462,-0.0513696535239052,-0.0307417124855272,0.000834233284664,0.0233632524956923,0.0175283095641762,0.0143467776915785,1.6284667797522014,0.9394365157220764,,-0.02065151184982,-0.0311714761494734,,,,,-0.0105472150493923,4.169427527416416e-05,0.0027650210983786,0.0012368999603011,0.001084118709395,-0.0513696535239052,-0.02065151184982,-0.0311714761494734,0.0555076460149001,-0.0209548864258782,,12.72490275845496,18.25407707639945,-5.529174317944495,,,0.1020366555047028,0.2976069310810731,0.0032463469008681,-0.4925366383568512,,-0.0029354505508077,-0.0296483868246829,-0.0015307632769011,,19.8700008392334,0.0502114566125064,0.2599873343346208,0.152318304345786,1.6695051982449682,0.5890155242307539,0.2902598267161338,0.0059087684208352,-0.006187959951603,0.0054690071271477,,-0.006187959951603,-0.0019012355975115,-0.003504365130784,0.0093693776173635,0.009005763614508,0.009005763614508,,,0.961772622651922,,8.306543182577805,,-0.0129358680799861,-0.0347661391772231,-0.0223849441834212,-0.0454630169001594,1.910450009333861,1.9627773138884723,-0.0217212666992222,180.55471801757807,-0.0879875101940965,0.0317922560520003,-1.6866669591846142,561.8732299804688,-0.0708736414813852,0.089439875919042,-0.9714778232536672,284.3437805175781,-0.0227663058589381,0.008670294643871,-0.9540902282297992
2026-06-10,692.9285278320312,723.56591796875,22.21999931335449,84.87999725341797,79.47000122070312,28.049999237060547,700.8897497708573,710.4992458337158,692.1693523412803,65334300.0,-0.0199765096998054,-0.0161262366949296,-0.0678840587230347,-0.0490232606450391,-0.0294105602697454,0.0232309535504183,0.0183039583028944,0.0147973392940911,1.569941157580517,-0.2893208255649272,,-0.0266076254924325,-0.0458551473344132,,,,,-0.0140596143043765,-0.0014925861108124,0.0023475693141782,0.0012246680577444,0.0009976696853919,-0.0703199768418147,-0.0266076254924325,-0.0458551473344132,0.0264527909534686,-0.0113587364366918,,9.466898714474382,16.49664140401444,-7.029742689540058,,,0.0985760097274343,0.2300801121286668,-0.0146010974681622,-0.859909120671314,,-0.0157655625080272,-0.0381973815066616,-0.0227398047359789,,22.21999931335449,0.1182686650662345,0.3835616470894227,0.2725502110809341,2.4714088635397253,0.9843200836175696,0.0330078603866925,-0.0028196133155516,-0.0050404444670208,0.0048803403448483,,-0.0050404444670208,-0.0031599212617942,-0.0026355306685286,0.010810783317497,0.0068197639105,0.0068197639105,,,0.9576577760562212,,8.163625709873926,,-0.0162110486260911,-0.0480618890053794,-0.030865664789806,-0.0631619787020889,1.804212790239062,1.8269612966252404,-0.029686677216373,176.41964721679688,-0.099882730873544,-0.0012440137077335,-1.6740942053881105,541.2529907226562,-0.1204683792621938,0.0250241724022541,-1.535271970506494,281.3808288574219,-0.0195363529610302,-0.0021934827298271,-0.8143012739410784
2026-06-11,716.332763671875,735.8642578125,19.440000534057617,85.9800033569336,79.94000244140625,27.950000762939453,698.5223198057862,717.5813914617661,694.2370511794155,71798900.0,0.033775829540557,0.001466310192187,-0.0317171244156961,-0.0251223539809483,-0.0037093934657391,0.0317769939443824,0.021774491108598,0.0166842219487003,1.904613360903192,0.0989464951794081,,0.0129471439815906,-0.0111145091434444,,,,,-0.0064462015104436,-0.0001858145163205,0.0031351643524393,0.001381599190402,0.0011437229473041,-0.0389192628523628,0.0129471439815906,-0.0111145091434444,0.0325886814986501,0.0254973153485499,,8.673451126334953,14.932003348478544,-6.258552222143591,,,0.0537305169054435,0.74096444120155,0.0332870594764946,1.0629019389553058,,0.0169968478867479,-0.0255319771466703,-0.0139139357653638,,19.440000534057617,-0.1251124601802332,0.262337728285795,0.1064314427799431,0.9469703105853484,-0.6758285349315175,0.0274841678470822,0.0129595445229744,0.0056140743501005,0.0164648316387849,,0.0056140743501005,0.0014857079937666,0.0013779357112424,0.0090252705095401,0.0039511713271789,0.0039511713271789,,,0.973457748581666,,8.331387947243067,,-0.0028699897966557,-0.0316524662401183,-0.0063472039348354,-0.0371227886701195,1.8489065201602928,1.9251653679464047,-0.0061851472690258,182.99180603027344,-0.0515607877947366,0.0206685241889539,-0.8201238357949209,586.6514282226562,-0.0261978463218408,0.1073523973230075,-0.3467454015813627,289.72100830078125,-0.0054793254851331,0.020952612422429,-0.2391930897071124
2026-06-12,720.5481567382812,739.843994140625,17.68000030517578,85.7699966430664,79.94000244140625,27.950000762939453,716.8222099862159,723.2152086039907,710.4992028084189,51168400.0,0.0058846855542364,0.019086516332889,0.0230902584291805,-0.0229849033268693,0.0175052332030063,0.0214333167973632,0.0218529532297485,0.0163451215057495,1.3112974093540133,-0.2873372711838203,,0.0142433380346109,-0.0029620540824796,,,,,0.004565542447212,0.0008676890759222,0.0032857094036227,0.0013225692501121,0.0011653818250201,-0.0332636049220151,0.0142433380346109,-0.0029620540824796,0.0176476834707809,0.0051978673374769,,8.289232079656017,13.60344909471404,-5.314217015058022,,,0.0615805918197959,0.7312958939448216,-0.0004774865567265,0.2745578454008841,,0.0054082479015293,0.0056945310068026,0.0034903930164986,,17.68000030517578,-0.090534988710439,-0.1780567123641147,0.0084129604015386,0.0750781082711565,-1.16774686750625,-0.110216428865642,-0.0024425064627571,0.0083470386180479,0.0292535917986707,,0.0083470386180479,0.0004881223560038,0.0064207746981115,0.0104844872424856,-0.0024982046281453,-0.0024982046281453,,,0.9739190456972526,,8.400934883288583,,-0.0035829193971211,-0.0269261466357269,0.0172972278222125,0.014621176288015,1.8301065810676207,1.790288259977594,0.0173957274223779,184.5799102783203,0.0249584225408632,0.0484511621029575,0.3863199592760801,595.9669799804688,0.1046370254977857,0.1725202479406824,1.3974876305971604,292.2550048828125,0.0401208357232174,0.0552954462107,1.687077780389422
2026-06-15,743.1832885742188,752.890380859375,16.200000762939453,85.72000122070312,80.04000091552734,27.96999931335449,737.2897407963812,743.9424640540115,736.5705604269921,46710200.0,0.0314137668999119,0.0725251721117903,0.0390045849499096,0.0016964066387323,0.0540035604593382,0.0243939393663193,0.0242469127313929,0.0176358823924785,1.3831991754222543,-0.0871279930582156,,0.0379522325531145,0.0281795998873692,,,,,0.0076526249912319,0.0026297914079189,0.0041121273781713,0.0015404723579713,0.0012888323880647,-0.0028947731533742,0.0379522325531145,0.0281795998873692,0.0099193614016297,0.0079935301574542,54.819434076385136,9.699393120257014,12.822637899822634,-3.1232447795656206,,,0.1034664246632689,0.8668072292691067,0.0072387095293151,1.2877692749993304,,0.0176339698937533,0.0211169330986142,0.0219048319667458,,16.200000762939453,-0.0837103799032775,-0.1437631766588918,-0.0717129964449531,-0.6303411229663667,-1.2617894958424072,-0.2709270358436485,-0.0005829010647083,0.0129992724937073,0.0298847835342979,,0.0129992724937073,0.0025050674700719,0.0062861452633249,0.0075648084560955,-0.0021406126229458,-0.0021406126229458,,,0.9871068982524704,,8.66989358365437,,0.006619722167015,-0.0012250130777106,0.0175177310957077,0.0256716003281864,1.8065828046473544,1.7301032548128072,0.0178876518512953,191.56158447265625,0.0413182764331088,0.0999655838548325,0.639408298520907,628.4500122070312,0.1002685026906369,0.2679703091369745,1.292885727371505,294.6400146484375,0.0395294644090542,0.0701913012325734,1.5911999248797513
2026-06-16,729.0587768554688,748.4019775390625,16.40999984741211,86.19000244140625,80.02999877929688,27.93000030517578,741.4351902855873,743.4029984406948,728.8390476265988,45348700.0,-0.019005421591015,0.0177655048449285,0.0311232665846941,-0.021845178360199,0.0403830558185689,0.0260602385396095,0.0249356060306337,0.0182033932864922,1.431614243446201,-0.0291478092579351,,0.0120049284251873,0.0109157994552229,,,,,0.0061297516212015,0.0019794484120761,0.0036020951510174,0.0013416329099304,0.0012511050140307,-0.021845178360199,0.0120049284251873,0.0109157994552229,0.0199763740269506,-0.0166925087887335,50.13168488742699,9.566944076266168,12.171499135111342,-2.6045550588451736,,,0.1025802729546583,0.6170296011056012,-0.0249272565393245,-0.7292880620735759,,-0.0059615628442341,0.0180178213049169,0.0226241649460048,,16.40999984741211,0.012962905838441,-0.1741318996318058,-0.0552133279490367,-0.4811643676495653,-0.7921269883402999,-0.1558642285702175,0.0054829819646526,0.0125704847309486,0.0422671391841507,,0.0125704847309486,0.0016269993859243,0.0051494099293087,0.0061239220062063,-0.0028561200661314,-0.0028561200661314,,,0.9741539957614768,,8.458739484908333,,-0.0097996236216776,-0.0279735515386551,0.0128734929836278,0.018322459654426,1.845217579933203,1.7918046873538345,0.0131054452797771,186.21795654296875,0.0313657742515445,0.0761948811875905,0.4814821784142257,591.239990234375,0.0522658113733716,0.1908055896173504,0.6736908823073052,292.0799865722656,0.0272072279569668,0.072434340705485,1.0702027867820354
2026-06-17,721.7168579101562,739.0560302734375,18.440000534057617,86.33000183105469,79.7300033569336,28.18000030517578,734.38293083454,734.8723831709506,720.058646070882,51669300.0,-0.0100704074601216,0.0016219612262493,0.0415458866561537,-0.0291584754763479,0.0131247909423906,0.0238333069589674,0.0250696181392579,0.018066373970522,1.3192080313762449,0.1393777550403869,,-0.0061295885131172,0.0037523753959383,,,,,0.0081412077975159,0.0006519703579253,0.0035477421495825,0.0012329425137706,0.0012425757018649,-0.0316955959731944,-0.0061295885131172,0.0037523753959383,0.0205256908408154,-0.0172472321898744,45.82722538175752,8.768468310251137,11.490892970139305,-2.7224246598881656,,,0.0581650617693335,0.3946173471382944,-0.0106110612022047,-0.4225350286019622,,-0.0124878708850514,0.0214080181501259,-0.0003912185752792,,18.440000534057617,0.1237051008849121,-0.1701169620210136,0.0586141785730642,0.5086058736339121,0.5898821490905588,0.0429864375431796,0.0016243112389235,0.0170829951055202,0.032887144891148,,0.0170829951055202,0.0006275483379305,0.0032717016765659,0.0114859902302126,0.004634619310202,0.004634619310202,,,0.976538758019651,,8.359977326567597,,-0.0117584133679056,-0.0406291401571449,0.0197157924631328,0.0240520111616806,1.8056953149496373,1.7674148191901824,0.0201378685060278,185.57872009277344,0.0519163994513676,0.0488878995924269,0.7796392806384294,599.72998046875,0.1080400307220805,0.1531870631014094,1.3915872894631507,289.8800048828125,0.030205241984333,0.0382297650798342,1.2068171821370628
2026-06-18,739.8070068359375,746.739990234375,16.399999618530273,86.75,80.01000213623047,28.299999237060547,736.390778085872,741.005701773832,731.7059239216511,50154600.0,0.0250654376817025,-0.004543000078431,0.0327700258239411,1.35304220814092e-05,0.036542556616689,0.0217412660348857,0.0265236972078436,0.0188649945955081,1.152466001108554,-0.0293152800599195,,0.0122378498952151,0.0289104356194946,,,,,0.0064489075765529,0.001794535502527,0.0038511147621078,0.0014397815144873,0.0013271736383765,-0.0074246222771423,0.0122378498952151,0.0289104356194946,0.0125705457859272,0.0046391519988143,50.67054599321898,9.486045122293149,11.089923400570072,-1.6038782782769232,,,0.0564200540234753,0.7169060293725227,0.0265797710411795,1.152896822502704,,0.0103969924419595,0.0147795361799543,0.0080027485168843,,16.399999618530273,-0.1106291136900772,-0.1563786436220235,-0.057525457900272,-0.4967084191944153,-0.6355482302771979,0.012345607788387,0.0048650313916041,0.0089555316701939,0.0340918950194231,,0.0089555316701939,0.0022547952028952,0.0008756528982536,0.0165229555298653,0.0125223064245914,0.0125223064245914,,,0.9907156661098844,,8.528034660932997,,0.0112687409083398,-0.0143958864427899,0.0177284710644742,0.0236031157035487,1.851703782381959,1.782831673353796,0.0179904896439868,191.2120056152344,0.0449211347944236,0.0718924897290944,0.6761681062938566,639.4500122070312,0.0899999240508726,0.2192517918263601,1.1520355184768505,295.5899963378906,0.0202573781981882,0.048861729887291,0.8040769732617571
2026-06-22,737.9500122070312,744.3900146484375,17.280000686645508,86.08999633789062,79.94000244140625,28.36000061035156,742.02001953125,745.4500122070312,734.3900146484375,43518600.0,-0.0025101068410373,0.0121954986810688,0.0241508569635695,0.0477987649213251,0.0295746414755004,0.022136427808179,0.0205419765337049,0.0188825418250594,1.1723223939310374,-0.1323108947135457,,0.0049116323090723,0.02154495902861,,,,,0.0047727674040183,0.0014572873752459,0.0042118502033097,0.0014592738170659,0.0012695539802023,-0.0099160925230097,0.0049116323090723,0.02154495902861,0.0149874617191426,-0.0054850370840261,48.82748060925419,9.792009775321617,10.83034067552038,-1.0383309001987635,,,0.0478254759857216,0.6026990784271282,-0.0065752730680603,-0.1133925830037193,,-0.0031469796939627,0.0061445663461701,0.0008955144998339,,17.280000686645508,0.0536586029624615,-0.0226244124222766,-0.0086058190941223,-0.0746707060837486,0.3578022733383715,0.0530165050166406,-0.0076081113787823,0.003730904830927,0.0206497269144008,,0.003730904830927,0.0064207746981115,0.0,0.0121341951118236,0.0146690460186231,0.0146690460186231,,,0.991348617909057,,8.571843926101304,,0.0355031100991134,0.0352626806522318,0.0178963254582686,0.0203440504166623,1.78983340262619,1.7893838056532845,0.0180062906173994,192.1499938964844,0.0410125002593697,0.0664622057037969,0.6143779353100451,655.010009765625,0.0990709750179301,0.2195875713412118,1.262404132755071,298.17999267578125,0.020273349280518,0.0482922483814696,0.7992539309618094
2026-06-23,713.6500244140625,733.5800170898438,19.489999771118164,86.19999694824219,79.87000274658203,28.450000762939453,715.739990234375,723.6099853515625,712.1099853515625,53354200.0,-0.0329290431479136,-0.0111772829021238,-0.0397388700932918,-0.0022842832777494,-0.004328266317644,0.0216232778432965,0.0232743414381373,0.0204061664525807,1.0596442420431988,0.2260091087489026,0.0640926228187319,-0.0202989697892972,-0.0118700413144741,-0.0185435748144314,,,,-0.0081100042377734,,0.0039826270627264,0.0011995960927621,0.0010949273899872,-0.0425186082323745,-0.0202989697892972,-0.0118700413144741,0.0161143412128963,-0.0029200070539975,41.67679502835567,7.981675251898309,10.260607590795969,-2.2789323388976577,0.0827051721835591,0.2757869994723526,0.0604018439183924,0.1639346007926059,-0.029203282180539,-1.5228515243478953,-0.0443640285135304,-0.0145219540104916,-0.0256483071911342,-0.0136394441310399,,19.489999771118164,0.1278934604545825,0.2030863489651928,0.1089615741313994,0.9344903049897878,1.4022282231440475,0.0569413886469938,0.0012777397494574,0.0055995767697578,0.0219538516407522,,0.0055995767697578,0.004148878894346,-0.0021239151299451,0.0149839481271953,0.0171612964379224,0.0171612964379224,0.3823531877638295,2.191669133373875,0.9728318762623268,-0.0032825494419254,8.279002896514783,-0.025831800408738,0.0028029235987012,-0.0205718134765368,-0.0144614752621173,-0.0450859844319826,1.8629591755013368,2.195348602350175,-0.0140905629021576,184.19000244140625,-0.0384815256751137,0.0222830211385387,-0.559282363242162,603.3900146484375,-0.0398758804548136,0.1234743768266084,-0.5007823445362795,295.32000732421875,0.0023078761945916,0.0382375815756137,0.0911222500273788
2026-06-24,710.6199951171875,733.239990234375,18.6299991607666,87.37999725341797,79.8499984741211,28.530000686645508,715.3699951171875,719.9299926757812,704.4500122070312,52480400.0,-0.0042458196499927,-0.0394521969230586,-0.0252912142664413,0.0050449071143876,-0.0258518944551662,0.0207148506776685,0.0229864383508072,0.0199863299241074,1.0364509001840987,-0.0163773423647998,0.0279824362860929,-0.0194947333245524,-0.016551182561338,-0.0214417037776328,,,,-0.0051233067794694,-0.0013095963909236,0.0040395916194871,0.0012333053319851,0.0010493232953676,-0.0465839015400438,-0.0194947333245524,-0.016551182561338,0.0217837670979089,-0.0066399206458496,41.44121828835204,6.230650991893981,9.45461627101557,-3.2239652791215896,0.0851833951409465,0.248287753239291,0.0747137404598454,0.2390743228144252,0.0089049126576935,-0.2049650036630426,-0.049120937766927,-0.0004635170636431,-0.0202591491734749,-0.0205985341511667,,18.6299991607666,-0.0441252242406887,0.1352833232173729,0.0551653328324708,0.4733352838245832,0.4801277921204236,0.135975585006518,0.0136890991525706,0.0138066455308514,0.0308307663229234,,0.0138066455308514,0.0028886676664794,-0.0022491604138615,0.018564814477491,0.0214822905447136,0.0214822905447136,0.2489837527880483,2.116106983877515,0.9691506254180748,-0.0067882655124972,8.132524804919134,-0.0403959041007547,0.0076712547148714,-0.0209495543252766,-0.005136118483496,-0.0385654009762583,1.8444143402263145,2.0631121032251607,-0.0050320650929663,183.0500030517578,-0.0170120731105754,-0.0101098409630918,-0.2421431758287648,601.5,0.017353375845835,0.0555975082054027,0.2191620979851944,296.69000244140625,0.0157834020853051,0.0237015481347073,0.6375903087015371
2026-06-25,716.3800048828125,734.2999877929688,18.88999938964844,87.3499984741211,79.87999725341797,28.479999542236328,725.9000244140625,726.8300170898438,705.2999877929688,49668000.0,0.0081056117266657,-0.0292296320447343,-0.0073946631131736,0.0338440057074198,-0.0168383984506864,0.0211786471462151,0.0218621730577821,0.0200924388594819,1.054060497098896,-0.0535895305676024,-0.0407473780756659,-0.0100892515973243,-0.0117869952159715,-0.0126758280840734,,,,-0.001484427833807,-0.000849088803019,0.0036192493354044,0.0013167373841335,0.0010755414088553,-0.038855880831975,-0.0100892515973243,-0.0117869952159715,0.030053922708796,-0.0131147805635279,43.95293151938932,5.247249276705247,8.613142872153507,-3.3658935954482594,0.0860275356837283,0.3526538278316512,0.0775875224114549,0.3699629620363444,0.0178488224082439,0.3827256428599929,-0.0395845725674481,0.0014456352254532,-0.0064352935172034,-0.0190127285337781,,18.88999938964844,0.0139559978848189,0.0244034079478305,0.062071259761147,0.538797564804865,0.5948669250969356,0.0931712175363039,-0.0003433140334151,0.0118150888617205,0.0280606229635909,,0.0118150888617205,0.0051591295635722,0.0018812729232291,0.0153297795676106,0.0106458209301525,0.0106458209301525,0.3726187385623858,1.6742121456201606,0.975595828397033,-0.0002935732064331,8.2012595008236,-0.0301424218297466,0.0187311718124227,0.0046099358651578,-0.0009655834086198,-0.0189854373455774,1.9524894705076996,2.355800253328802,-0.0009593695959702,184.57000732421875,-0.0054354980358223,0.0019524686415113,-0.0770042647168058,625.2000122070312,0.042469165404027,0.1090764457069626,0.5471508993288077,298.9100036621094,0.0311508162936156,0.0318587617230903,1.3269555719198978
2026-06-26,706.52001953125,728.989990234375,18.40999984741211,87.36000061035156,79.83000183105469,28.459999084472656,707.1300048828125,715.5599975585938,702.8099975585938,47081800.0,-0.0137636244512092,-0.0099908983940223,-0.0449941498216566,-0.0136985834492974,-0.0384767967677949,0.0154320331864041,0.0196118028171221,0.0201768935654744,0.7648368848995499,-0.0520697430941451,-0.1030312498213942,-0.0146494281010103,-0.0240673434291518,-0.0243641817539278,,,,-0.0092075625357944,-0.0019618290958848,0.0031836369621946,0.0011353147946625,0.0010046090988324,-0.052084707531692,-0.0146494281010103,-0.0240673434291518,0.0180461977686904,-0.00086262122573,50.66499566868019,3.63042859685504,7.616600017093814,-3.986171420238774,0.0883872839760437,0.2243474325952653,0.0683830486099659,0.2857739834828692,-0.0104333249865351,-0.8918865967349401,-0.0537012351949109,-0.0072313736168696,-0.0237699871871451,-0.0314496978777363,,18.40999984741211,-0.0254102465720228,0.1225609924167769,0.0273724087594533,0.2458704165107176,-0.1600917118869518,-0.0554130290604971,0.0001145064270771,0.0070317073239374,0.0229020099279235,,0.0070317073239374,-0.0013760396171139,-0.0022497225393057,0.0182468088591052,0.0056537050079696,0.0056537050079696,0.0916450969896596,1.436038982325362,0.9691765716894128,-0.0065109324439668,8.087454379522201,-0.0406722606020361,-0.0043979072522573,-0.0292788631696818,-0.021740944609311,-0.0516625809964279,1.953374489597184,2.4326392255712097,-0.0212241626345114,181.1100006103516,-0.0528314368775072,-0.0295640896626865,-0.7430364397165208,589.9400024414062,-0.0774259266877539,0.0364376424547554,-0.9628196892004172,299.8299865722656,0.014344160109966,0.0291510942659103,0.621708511925695
2026-06-29,724.0800170898438,741.0,17.649999618530273,87.44999694824219,80.01000213623047,28.3700008392334,713.989990234375,724.5800170898438,705.1699829101562,44565100.0,0.0248542108831455,0.0189412373211319,-0.0187953044078225,0.0049016298474071,-0.0181959369676489,0.021855047979907,0.0212248766518532,0.02101570349025,1.0399388700029717,-0.0534537761937733,-0.1566200305936272,0.013762694735472,-0.0002990256365291,0.0008117799866849,,,,-0.0037948362097069,-0.000918175950821,0.0035737102703352,0.0012669993894351,0.0010983427661937,-0.0285250209533261,0.013762694735472,-0.0002990256365291,0.0268064768003107,0.0141318883926602,52.5198797997315,3.723113868348833,6.837902787344818,-3.114788918995986,0.0867537951938758,0.5093572850025849,0.0369847146653682,0.8721184510951261,0.0185404651094348,1.1372297040375363,-0.0401331730943659,0.0164748623801593,-0.0045540839905523,-0.0179396747536061,,17.649999618530273,-0.0412819247789765,0.0214119743739773,-0.0214016604497792,-0.2030534822071051,-1.431206122198068,-0.0526033057639709,0.0010301778532721,0.0157974290649725,0.0237169093201163,,0.0157974290649725,0.0008756528982536,0.0008756528982536,0.0150268359509617,0.0003526173718835,0.0003526173718835,1.0386019947679546,1.0084398979241382,0.9771660149660508,0.001692026408878,8.279931873735741,-0.0157774006379521,0.0033339211129952,-0.0144035171363541,-0.0143063728407872,-0.0340547558824174,1.872059728949154,1.8929143057550717,-0.0142412204172701,185.41000366210935,-0.0350767132368787,-0.0282113134126341,-0.5064186215961218,614.3499755859375,-0.0620754394184547,0.0800619611901303,-0.7745514553166458,298.9700012207031,0.0026494351208226,0.0318527080442103,0.1153009774122209
