Date,target_price,SPY_price,VIX_price,TLT_price,HYG_price,UUP_price,target_open,target_high,target_low,target_volume,ret_1,ret_3,ret_5,ret_10,ret_20,vol_5,vol_10,vol_20,vol_shock,vol_chg_1,vol_to_ma20,price_to_ma_5,price_to_ma_10,price_to_ma_20,price_to_ma_60,price_to_ma_120,price_to_ma_200,slope_5,slope_20,slope_60,slope_120,slope_200,drawdown,dist_to_ma5,dist_10,intraday_range,close_open,rsi_14,macd,macd_signal,macd_hist,bb_width,bb_pos,bb_width_5,bb_pos_5,ret_accel,vol_breakout,bb_high_dist,spy_ret_1,spy_ret_5,spy_ret_20,spy_to_ma_60,vix_level,vix_ret_1,vix_ret_5,vix_to_ma_20,vix_z_score,vix_z_score_5,vix_speed,tlt_ret_1,tlt_ret_5,tlt_ret_20,tlt_to_ma_60,tlt_shock_5,hyg_ret,hyg_ret_5,uup_ret,uup_ret_5,uup_shock_5,hyg_z_score,uup_z_score,target_spy_ratio,target_spy_ratio_20,target_tlt_ratio,target_tlt_ratio_20,target_spy_rel_ret,target_tlt_rel_ret,target_spy_rel_ret_5,target_tlt_rel_ret_5,vol_ratio,vol_ratio_5,rel_strength_5,xlk_price,xlk_ret_5,xlk_ret_20,xlk_shock_5,soxx_price,soxx_ret_5,soxx_ret_20,soxx_shock_5,iwm_price,iwm_ret_5,iwm_ret_20,iwm_shock_5,news_count,negative_news_count,positive_news_count,negative_news_ratio,positive_news_ratio,category_BIS,category_FOMC,category_UCSB,title_positive_prob,title_negative_prob,title_neutral_prob,title_sentiment_score,body_positive_prob,body_negative_prob,body_neutral_prob,body_sentiment_score,body_emb_0,body_emb_1,body_emb_2,body_emb_3,body_emb_4,body_emb_5,body_emb_6,body_emb_7,body_emb_8,body_emb_9,body_emb_10,body_emb_11,body_emb_12,body_emb_13,body_emb_14,body_emb_15,body_emb_16,body_emb_17,body_emb_18,body_emb_19,body_emb_20,body_emb_21,body_emb_22,body_emb_23,body_emb_24,body_emb_25,body_emb_26,body_emb_27,body_emb_28,body_emb_29,category_EIA,category_FRASER,days_since_news,news_count_lag1,body_sentiment_3d_mean,body_sentiment_5d_mean,title_sentiment_3d_mean,title_sentiment_5d_mean,body_sentiment_trend,title_sentiment_trend,negative_news_spike,negative_news_spike_5d,news_count_5d,news_count_zscore_20d,negative_count_ratio_5d,sentiment_gap,body_sentiment_gap,sentiment_shock,sentiment_shock_zscore_20d,fomc_sentiment,fomc_sentiment_shock,fomc_recent_5d,sentiment_divergence,body_sentiment_decay_3d,body_sentiment_decay_5d,body_sentiment_decay_7d,body_sentiment_decay_15d,target_logret,target_future_price,target_date
2026-01-29,628.6373291015625,692.1497192382812,16.8799991607666,85.99359130859375,79.02982330322266,26.59000015258789,631.8533057393616,632.8719797654484,617.4914101080947,79944000,-0.0059852661907496,0.0063472726718458,0.0139667114404762,0.0159470518816278,0.0161439074345202,0.0054631488427666,0.0096181231348873,0.0082938049973384,0.6587022706487073,0.5770629116798214,0.5078345380568656,0.0016518181329272,0.0103047792782049,0.0116980826774877,0.0200346784856746,0.0413088420083915,0.1010298748316522,0.0027740151351888,0.0008007490150917,3.0992802454653e-05,0.0008579885495531,0.0016470267766929,-0.0086966715534393,0.0016518181329272,0.0103047792782049,0.0244665229780982,-0.0050897520177345,57.5650127961694,2.8567869990066583,1.8574468977934535,0.9993401012132046,0.0401372096131,0.7914523154511877,0.027128248758676,0.5608892283324733,-0.0081010237480316,-1.0955705706432883,-0.0015248808302496,-0.0019843824489698,0.0073441679434447,0.0102326740734959,0.0189638088791177,16.8799991607666,0.0324158267236218,0.0792838101166184,0.0602015667931985,0.7753134703193391,1.6578011411042708,0.0452012111132644,0.0002282412115597,-0.0007982017588806,-0.0027314978007868,-0.0055722256623795,-0.0007982017588806,-0.0001234570761271,-0.0018477952832461,-0.0270764644414173,-0.0206261316320672,-0.0206261316320672,0.231522128163306,-1.7991010780461991,0.9082389425706696,0.0058139506107113,7.310281144622224,0.011978769017811,0.0105601995657265,0.0241795624077483,0.0065742610199965,0.0147767079936678,1.153654518492384,1.8477803164796929,0.0066225434970315,146.68760681152344,0.0137354325842962,0.0100404969406653,0.8600923657460674,360.736328125,0.0357356871888625,0.1843432663428961,0.5650303894341253,262.27862548828125,-0.0237963071816916,0.0618474029554221,-1.0621963807412371,1.0,1.0,0.0,0.999999999,0.0,0.0,0.0,1.0,0.1528810858726501,0.1864849627017974,0.6606339812278748,-0.0336038768291473,0.027850879356265,0.5207022428512573,0.4514468908309936,-0.4928513634949922,-0.0088468082249164,-0.333343505859375,0.1464065015316009,-0.2533029317855835,-0.0902146771550178,0.1497149318456649,0.1477208584547042,-0.0001608561724424,0.1091776341199874,0.0536678805947303,-0.1471141427755355,-0.0126702431589365,-0.0254656393080949,-0.1698201894760131,-0.01423573307693,0.0707596093416214,0.003903454169631,-0.0197396725416183,0.0307256579399108,0.010026067495346,0.0216875374317169,0.0711819678544998,0.122638314962387,-0.1425358653068542,-0.0613591894507408,-0.0442834421992301,0.0537670217454433,0.0360169857740402,-0.0045408830046653,0.0384864509105682,0.0,0.0,0.0,2.0,-0.1606700080287421,-0.0964020048172453,-0.0168944780404371,-0.0101366868242621,-0.4928513634949922,-0.0336038768291473,5.374795690309524,4.292829703955702,3.0,0.7453559913888199,0.3333333332222222,-0.0336038768291473,-0.4928513634949923,-0.023467190004885,-0.5841211711829645,-0.0,-0.0005420669704382,1.0,0.4592474866658449,-0.4928513634949922,-0.4928513634949922,-0.4928513634949922,-0.4928513634949922,-5.284717337435263,596.2781982421875,2026-02-05
2026-01-30,621.0868530273438,690.0853271484375,17.440000534057617,85.51268005371094,79.11760711669922,26.850000381469727,624.9220440060533,627.4688205124429,618.5200822009824,65650700,-0.0120108617873675,-0.0146721172739113,-0.0013649929792509,0.0001446766226853,0.0123064847625091,0.0085482922645056,0.0104894307273802,0.0085484436804357,0.9999821703320556,-0.1787914039827879,0.2098324699355691,-0.0101110843575268,-0.0018442642588978,-0.0010602073078322,0.0080390221627606,0.0281112178328315,0.0862283011138325,-0.0002731850861581,0.000611568778557,-0.0002499550844395,0.0006799173662658,0.0015528321559655,-0.0206030788207683,-0.0101110843575268,-0.0018442642588978,0.0144081914918049,-0.0061370710402918,46.05610409622225,2.4081612234743943,1.967589762929642,0.4405714605447524,0.038332417066103,0.472341756951982,0.0289815015633529,0.151119375736131,-0.007120156029397,-1.405059631872864,-0.0097744869899008,-0.0029825802604032,0.0039754606543944,0.0147377327962257,0.0156601569781857,17.440000534057617,0.0331754384557436,0.0839030682826063,0.0868752699574828,1.1076966737284866,1.5330017798397366,0.0666666744438271,-0.0055924080802374,-0.0090983023863626,-0.0003443576846213,-0.0107697111969186,-0.0090983023863626,0.000987173977758,-0.0002463206634211,-0.0211447290285524,-0.0022296345701448,-0.0022296345701448,0.7812491142946484,-0.8349928445934569,0.9000145758696125,-0.0031746769995883,7.263096568102369,0.0048156199294271,0.0005349559958718,0.0136897028423146,-0.0053193069382039,0.0078043154288014,1.2535116369889632,2.386664478020948,-0.0053404536336454,143.7013397216797,-0.0083395371709026,-0.0006250330954493,-0.5238637756999388,345.9224853515625,0.0046124551266513,0.1499252434179412,0.0786118584564101,258.57403564453125,-0.0194856443494385,0.0548017486673766,-0.9178559489243654,0.0,0.0,0.0,0.0,0.0,0.0,0.0,0.0,0.0,0.0,1.0,0.0,0.0,0.0,1.0,0.0,-0.0070217163413966,-0.2645749159339698,0.1162029172731235,-0.2010466701915321,-0.0716034367094234,0.1188288201535779,0.1172461230543215,-0.0001276716286753,0.0866543456267336,0.0425962250564893,-0.1167645725006425,-0.0100563786595943,-0.0202120913133563,-0.1347863737098311,-0.0112989088309286,0.0561619391528743,0.0030981736275909,-0.0156673884790363,0.0243869708681148,0.0079576950446082,0.0172134098668535,0.0564971653266997,0.0973380950914503,-0.113130791265649,-0.048700820941011,-0.0351477913659154,0.0426749134399569,0.0285867005532175,-0.0036041012292351,0.0305467163309792,0.0,0.0,1.0,1.0,-0.1606700080287421,-0.0964020048172453,-0.0168944780404371,-0.0101366868242621,0.0,0.0,0.0,0.0,3.0,-0.6726915824711567,0.3333333332222222,0.0,0.0,0.0101366868242622,0.3567466830399865,0.0,-0.0005420669704382,1.0,0.0,-0.391176386437956,-0.4290520321118283,-0.446387142882147,-0.470594986408994,-1.984601118754909,608.8822631835938,2026-02-06
2026-02-02,625.3515014648438,693.5159912109375,16.34000015258789,85.26836395263672,79.16563415527344,26.989999771118164,617.9208683974972,627.6985176699922,617.8808797571519,49020300,0.0068664284499229,-0.0111808868331382,0.0010871910196672,0.0078549811497372,0.0212356424606396,0.0089452018798833,0.0106967224555795,0.0086346225909374,1.035968943599562,-0.2533164155142291,-0.0858232701311365,-0.0035298010438109,0.0042229125423394,0.004748243378833,0.0147499158956456,0.0343912898065461,0.0920674949400091,0.0002173200911018,0.0010506654151589,0.0002058761925196,0.0007616366810198,0.0015814764507386,-0.0138781199374164,-0.0035298010438109,0.0042229125423394,0.0156993912860896,0.0120252178674868,49.19970293945587,2.369430235111849,2.047957857366084,0.3214723777457657,0.0358354450430171,0.6325013090568057,0.0283770575715212,0.375610745232675,0.0105933907276356,0.767610141673214,-0.0092331070213263,0.0049713621309355,0.0038687928800782,0.0179164801803741,0.020156360488474,16.34000015258789,-0.0630734144372069,0.011764739228824,0.0125484245310589,0.1678605259052155,-0.6810059218457112,-0.0006116347797257,-0.0028570745405331,-0.0166263713503028,-0.0017114087815099,-0.0131494395704743,-0.0166263713503028,0.000977304559105,-0.0001324947076796,-0.0160408504980801,0.0078416385021744,0.0078416385021744,1.2035192280971578,-0.3282036926851106,0.9017117260308984,-0.0014570318564806,7.3339216618745295,0.0134586872987634,0.0024200909796834,0.0185150928443256,-0.0027708818922744,0.0180130540965322,1.257772207607993,2.5197944580559204,-0.0027816018604109,145.07960510253906,-0.0056134891913088,0.0066527610451174,-0.3545834654235085,352.3055725097656,0.0280409643772845,0.1243266685748996,0.5172279480411026,261.0935363769531,-0.0068188160736416,0.0538628347037963,-0.3623126073403597,0.0,0.0,0.0,0.0,0.0,0.0,0.0,0.0,0.0,0.0,1.0,0.0,0.0,0.0,1.0,0.0,-0.0035108581706983,-0.1322874579669849,0.0581014586365617,-0.100523335095766,-0.0358017183547117,0.0594144100767889,0.0586230615271607,-6.383581433767534e-05,0.0433271728133668,0.0212981125282446,-0.0583822862503212,-0.0050281893297971,-0.0101060456566781,-0.0673931868549155,-0.0056494544154643,0.0280809695764371,0.0015490868137954,-0.0078336942395181,0.0121934854340574,0.0039788475223041,0.0086067049334267,0.0282485826633498,0.0486690475457251,-0.0565653956328245,-0.0243504104705055,-0.0175738956829577,0.0213374567199784,0.0142933502766087,-0.0018020506146175,0.0152733581654896,0.0,0.0,4.0,0.0,-0.1642837878316641,-0.0964020048172453,-0.0112012922763826,-0.0101366868242621,-0.0108413394087659,0.0170795572921633,0.0,0.0,3.0,-0.6726915824711567,0.3333333332222222,0.0,0.0,0.0101366868242622,0.3199604859434116,0.0,-0.0005420669704382,1.0,0.0,-0.195588193218978,-0.2830687752523716,-0.3316643725335147,-0.4096767305026816,-1.905802272503481,613.54638671875,2026-02-09
2026-02-03,615.7435913085938,687.6520385742188,18.0,85.47525787353516,79.11662292480469,26.920000076293945,627.5087242048245,629.1866011443993,610.1905958568021,81234000,-0.015364015491678,-0.0205106143018841,-0.0231489747867132,0.0139130920694852,-0.0023786645243457,0.0095755899488161,0.00943461708701,0.0092139454634186,1.0392495752860351,0.6571502010391612,0.467837855540824,-0.0142556571965078,-0.0125458015663929,-0.0105720285619743,-0.00067989527591,0.0179679298752248,0.0736605185684502,-0.0046842240871226,-0.000119074902051,-0.0001602937850095,0.0005285222268697,0.001657147717856,-0.0290289117793806,-0.0142556571965078,-0.0125458015663929,0.0308505123816659,-0.0187489551020018,43.34611799709165,1.5456404142711335,1.9474943687470936,-0.4018539544759603,0.0363598022802807,0.2092385574465017,0.0416016762970494,0.1573297408806814,-0.0085271440577167,-1.604497891963276,-0.0070229085862251,-0.0084553964307005,-0.0085694375500324,0.0026319499051163,0.0111857360035743,18.0,0.1015911769835082,0.1009174055066262,0.1048028253250674,1.3795358737143684,1.3886313092905542,0.0663507639168943,0.002426385488214,-0.0080653365392575,-0.0042092230131803,-0.0105286917804749,-0.0080653365392575,0.0029550010585699,-0.0006282469423918,-0.0106578102879907,0.01700040704997,0.01700040704997,0.6449318000489448,-0.5397566238938662,0.8954290204465614,-0.0081674310856013,7.203764067253434,-0.0046184166551062,-0.0036587157547184,0.0087690506819875,-0.014705555576835,-0.0152062820295347,1.6908300967290912,1.9708357310307825,-0.0145795372366808,141.903564453125,-0.0403242084355118,-0.0175631937558723,-2.4475889125768027,345.26324462890625,-0.0154949911888189,0.0867132675025206,-0.2997810875445421,261.6910705566406,-0.0073660167019997,0.0397657902940644,-0.4434777344314417,0.0,0.0,0.0,0.0,0.0,0.0,0.0,0.0,0.0,0.0,1.0,0.0,0.0,0.0,1.0,0.0,-0.0027865699767388,-0.1049966249694954,0.0461151582802825,-0.0797854239391854,-0.0284158426892692,0.0471572485289824,0.0465291547689057,-5.066651941643625e-05,0.0343887998513732,0.0169043231161363,-0.0463380513050342,-0.0039908765158076,-0.0080211737533247,-0.0534900078544912,-0.0044839749410772,0.0222878803229616,0.0012295110189045,-0.0062176072383041,0.0096779758025908,0.0031580133712633,0.0068311462326507,0.0224209149182061,0.0386286486361872,-0.0448959842662715,-0.0193269335983689,-0.0139484102471532,0.0169355506218098,0.0113446396326193,-0.0014302885206719,0.0121224724094926,0.0,0.0,5.0,0.0,0.0,-0.0964020048172453,0.0,-0.0101366868242621,0.4928513634949922,0.0336038768291473,0.0,0.0,3.0,-0.6030226882464372,0.3333333332222222,0.0,0.0,0.0101366868242622,0.2844119588576713,0.0,-0.0005420669704382,1.0,0.0,-0.1552384518341825,-0.2464256817474961,-0.3003962707968443,-0.391176386437956,-0.8224868727935538,610.699951171875,2026-02-10
2026-02-04,604.9871826171875,684.3211059570312,18.63999938964844,85.25851440429688,79.01861572265625,27.01000022888184,614.2455284678144,614.3253838343164,599.7138024298947,81850700,-0.0174689738443667,-0.0259217697680801,-0.0433813815245525,-0.0170863637517532,-0.0283435853449331,0.0097712136998967,0.0100867562375859,0.0097397930388732,1.0032259061021318,0.0075916488169978,0.4290005365907865,-0.0228924338152514,-0.0281565569859257,-0.0264759699746403,-0.0180008216886667,-0.0001839977591742,0.053407530432693,-0.0088700969496002,-0.0014376509938325,-0.0001406329179601,0.0003774945814784,0.0015699312696359,-0.0459907803231429,-0.0228924338152514,-0.0281565569859257,0.0241518858981634,-0.0150727118416655,41.05293103338976,0.0245458110013032,1.5629046571979357,-1.5383588461966324,0.0441240671239814,-0.1000346681607354,0.0599463431456067,0.1181179265656499,-0.0088283839216733,-1.787799611500835,-0.0327879311566514,-0.0048439216788971,-0.0132725157838402,-0.0081235916170784,0.0058486813737828,18.63999938964844,0.0355555216471354,0.1400610981498251,0.1305877028263244,1.6725737873688344,1.3040461967875183,0.0688072717226933,-0.0025357451340943,-0.0083217526653284,-0.0046858571477558,-0.0126221465303817,-0.0083217526653284,-0.0012511929727216,-0.0002652541401074,-0.0095342949951368,0.014269661287676,0.014269661287676,-0.4748993443370217,-0.2058358910047306,0.8840691560595748,-0.0197515439793671,7.095915133453196,-0.0183487392495682,-0.0182179676707523,-0.012119463244251,-0.0305138614484121,-0.035353834727598,2.132092887063428,1.9826558259117688,-0.0301088657407122,137.94847106933594,-0.0744488621379324,-0.0581657163686869,-3.4528710050559286,330.0198669433594,-0.0834489253796061,0.0061824712467215,-1.4830176110583135,259.4404296875,-0.010558235096329,0.0173383897827985,-0.6141514870479158,0.0,0.0,0.0,0.0,0.0,0.0,0.0,0.0,0.0,0.0,1.0,0.0,0.0,0.0,1.0,0.0,-0.0,-0.0,0.0,-0.0,-0.0,0.0,0.0,-0.0,0.0,0.0,-0.0,-0.0,-0.0,-0.0,-0.0,0.0,0.0,-0.0,0.0,0.0,0.0,0.0,0.0,-0.0,-0.0,-0.0,0.0,0.0,-0.0,0.0,0.0,0.0,6.0,0.0,0.0,-0.0985702726989985,0.0,-0.0067207753658294,0.0,0.0,0.0,0.0,1.0,-0.6030226882464372,0.999999999,0.0,0.0,0.0067207753658295,0.1819437103894119,0.0,-0.0005420669704382,0.0,0.0,-0.123212840873748,-0.2145260160559141,-0.2720760111173306,-0.3735114882382988,1.2076966970976326,612.337890625,2026-02-11
2026-02-05,596.2781982421875,675.7744750976562,21.770000457763672,86.1845932006836,78.9303970336914,27.09000015258789,599.4541864003901,604.0483693053457,594.0110373128413,89354500,-0.014395320471625,-0.0464911384310328,-0.0514750387248273,-0.0382272642966081,-0.043251788818585,0.0098902864759926,0.0102767937127732,0.0101415702902366,0.9752222996759948,0.091676674726056,0.5017059512038209,-0.0267856198261056,-0.038485927886351,-0.0384046218366426,-0.0318250597625729,-0.0148281248713076,0.0367518045885306,-0.0105694346748705,-0.0022107512180209,-0.0003296265816009,0.000263126415879,0.0016227222047129,-0.0597240487732763,-0.0267856198261056,-0.038485927886351,0.0168333036862561,-0.005298133252307,35.1991497952331,-1.8622084956743947,0.8778820266234697,-2.7400905222978644,0.057056044785901,-0.1731034718714444,0.0778536951101733,0.1559492804008801,0.0011017256720525,-1.4555007128526651,-0.0528930481315377,-0.0124892112562017,-0.0236585289070783,-0.0173438943889703,-0.0069228777113838,21.770000457763672,0.1679185177362963,0.2896920343670794,0.295332193622585,2.887913214092288,1.629126704334281,0.3323133570666332,0.0108620095348512,0.0022211177505591,0.0002803451734452,-0.0016909782141456,0.0022211177505591,-0.0031035560326864,-0.0012580854337705,-0.0022099251118011,0.0188040615694142,0.0188040615694142,-1.5703965611693482,0.0879480040171349,0.8823627115481378,-0.0203459353864302,6.918617076415671,-0.0407875636516039,-0.0221035977445333,-0.0395921412901161,-0.0284905544231478,-0.0535771553047147,1.7705817974601532,1.5114990245642226,-0.027816509817749,135.46157836914062,-0.0765301765186404,-0.074387463748812,-2.7965338499316927,330.4693603515625,-0.0839032983751766,0.018283040373445,-1.446142230648871,254.76986694335935,-0.0286289381414246,0.0013699973401313,-1.489224229482664,0.0,0.0,0.0,0.0,0.0,0.0,0.0,0.0,0.0,0.0,1.0,0.0,0.0,0.0,1.0,0.0,-0.0,-0.0,0.0,-0.0,-0.0,0.0,0.0,-0.0,0.0,0.0,-0.0,-0.0,-0.0,-0.0,-0.0,0.0,0.0,-0.0,0.0,0.0,0.0,0.0,0.0,-0.0,-0.0,-0.0,0.0,0.0,-0.0,0.0,0.0,0.0,7.0,0.0,0.0,0.0,0.0,0.0,0.0,0.0,0.0,0.0,0.0,-0.6030226882464372,0.0,0.0,0.0,0.0,-0.0097693955270078,0.0,-0.0005420669704382,0.0,0.0,-0.097794096609489,-0.1867557441191494,-0.2464256817474961,-0.356644308508424,0.6028312592364103,599.8836059570312,2026-02-12
2026-02-06,608.8822631835938,688.739013671875,20.3700008392334,86.24370574951172,79.204833984375,27.01000022888184,599.434154665902,610.6399955270392,598.0159600076653,78019300,0.0211378933165136,-0.0111431579992868,-0.0196503754414725,-0.0209885457962063,-0.0174383318864671,0.0170915863874656,0.0128806466253721,0.0113519992569932,1.505601303782263,-0.1268565097448925,0.2815014298757259,-0.0022388978811843,-0.0160904999005973,-0.0172221793435958,-0.0110183271627326,0.0055300779142839,0.0571359805692195,-0.0039692022375098,-0.0008796085340344,-0.0003457170729446,0.0004741647636637,0.001597742978697,-0.0398485960281626,-0.0022388978811843,-0.0160904999005973,0.0207331306603809,0.0157617120148211,43.93478986831931,-2.3137605811267576,0.2395535050734242,-2.553314086200182,0.0593600291975451,0.2098690890753806,0.0720282950989243,0.4689164115559116,0.0248522793162759,1.236742546921964,-0.0427949387266067,0.0191847118409513,-0.001950937693641,0.0016097759627855,0.0118525184715339,20.3700008392334,-0.0643086627970649,0.168004599509842,0.1945463027615492,1.7830413732202046,0.6389253294873789,0.1316667132907443,0.0006858830172868,0.0085487403194663,0.0060085689476523,-0.0008149307014561,0.0085487403194663,0.0008559040508229,0.0011024962818595,0.0037161048694447,0.0059590258897177,0.0059590258897177,1.5083789129617495,-0.1450793567745644,0.8840536852086527,-0.0175337859924297,7.060019718448161,-0.0200387132211645,-0.0229590099054446,-0.0203739861435632,-0.0177340357466301,-0.0279600921934686,1.462982635935631,1.3478720235297106,-0.0176994377478314,140.95474243164062,-0.01911323370651,-0.0215613015923655,-0.7009443778031903,348.130126953125,0.0063818967978299,0.090525173455932,0.117256567689131,263.9217834472656,0.0206816890543724,0.0261355083893168,1.063905133362432,3.0,1.0,2.0,0.3333333332222222,0.6666666664444444,0.0,0.0,1.0,0.3951475967963536,0.0312936178719003,0.5735587676366171,0.3638539789244532,0.4306442166139565,0.082798817262461,0.4865569765796633,0.3478453993514954,-0.0619260209302107,-0.1610923067977031,0.2068145374457041,-0.0317566857362786,0.0902395769953727,0.0951797949771086,0.1027101973692576,-0.0302199485401312,-0.0627747786541779,-0.0105786987890799,-0.0747645671168963,-0.03002638493975,0.0264721363782882,0.0127334545056025,-0.0633906163275241,0.0795164269705613,-0.0750863701105117,-0.0092402001221974,-0.1230437358220418,-0.0095921494066715,0.109344740708669,0.0112816579639911,-0.074664086724321,-0.0561206874748071,-0.0202879973997672,0.0836904669801394,-0.0732108031709988,0.0537100912382205,0.0533725271622339,0.0190014479060967,0.0,0.0,0.0,0.0,0.1159484664504984,0.0695690798702989,0.1212846596414841,0.0727707957848906,0.3478453993514954,0.3638539789244532,1.201240057932177,4.999999698063352,3.0,2.833743163356988,0.3333333332222222,0.3638539789244533,0.3478453993514954,0.2910831831395628,3.7939234331312446,0.0,-0.0005420669704382,0.0,0.0160085795729578,0.3478453993514954,0.3478453993514954,0.3478453993514954,0.3478453993514954,-1.2760493070124823,601.1619873046875,2026-02-13
2026-02-09,613.54638671875,692.0599975585938,17.360000610351562,86.22399139404297,79.3126449584961,26.790000915527344,606.7748955946631,615.6837064208919,604.3080353554789,56797600,0.0076601402556373,0.0141477445266446,-0.018877566805934,-0.0178108993073712,-0.0196760243508354,0.0172191502175435,0.013101242136329,0.0112482384113209,1.5308307005106176,-0.272005772930544,-0.0724894797409588,0.0093090614257005,-0.0067679060146079,-0.0087087996798865,-0.0032687656579525,0.0126950221218236,0.0637454380551745,-0.0038116045450069,-0.0009936087276193,-0.0001740833453596,0.0005410779344666,0.0015237735546875,-0.0324937016070911,0.0093090614257005,-0.0067679060146079,0.0185408492522467,0.0111598076539579,53.59028766463591,-2.269106228393298,-0.2621784416199202,-2.0069277867733777,0.0592095232089929,0.3529155580404366,0.0507482215851868,0.6834362098792799,0.0029442254134224,0.4448616635547557,-0.0338579907764815,0.0048218321030104,-0.0020994377502405,-0.0001728292796784,0.0164097815230399,17.360000610351562,-0.1477663281723809,0.0624235280439777,0.0095371341220051,0.0931538953545885,-1.0318596608604202,-0.068669464657156,-0.0002285889190105,0.0112072918619274,-0.0008557866071341,-0.0007710984383312,0.0112072918619274,0.0017242620357951,0.0018570027865161,0.0003734215319428,-0.0074101095697243,-0.0074101095697243,2.248294656528196,-0.82612397258887,0.8865508610282068,-0.0137920911935529,7.115727036050185,-0.0113689891830217,-0.0195377216703637,-0.0122742857011657,-0.0168134278007293,-0.0297514257561042,1.490628617637304,1.3595886208852506,-0.0167781290556934,143.1719970703125,-0.0131486988186817,-0.0191583024885972,-0.4805133461363228,352.38543701171875,0.0002266909983403,0.072966588983917,0.004320883477456,265.7740783691406,0.0179266865704019,0.0255542912106281,0.9244149200397044,1.0,0.0,1.0,0.0,0.999999999,0.0,0.0,1.0,0.9009565114974976,0.0130079109221696,0.0860355496406555,0.8879486005753279,0.4902492440165295,0.0335898726222022,0.4761608522307186,0.4566593713943272,-0.1055731028318405,-0.0383640751242637,0.1014957055449485,0.172731414437294,-0.1476407498121261,0.0572852715849876,0.0100598633289337,-0.2158691883087158,-0.1108970344066619,0.1438999027013778,-0.1801272183656692,-0.1330519467592239,0.0175891034305095,-0.0726977586746215,-0.0032933466136455,-0.0186993293464183,-0.0392336547374725,0.0499635711312294,-0.0212921798229217,-0.0359374992549419,-0.040071528404951,-0.0448718667030334,-0.0563172549009323,-0.0283258110284805,0.0124077685177326,0.0065062418580055,-0.0640554279088974,-0.0629001259803772,-0.046045608818531,0.0156827680766582,0.0,0.0,0.0,3.0,0.2681682569152742,0.1609009541491644,0.4172675264999268,0.2503605158999562,0.4566593713943272,0.8879486005753279,0.464675226952052,1.4430040931161117,4.0,0.52048343816761,0.2499999999375,0.887948600575328,0.4566593713943273,0.6375880846753719,3.9041210800911545,0.0,-0.0005420669704382,0.0,0.4312892291810006,0.4566593713943272,0.4566593713943272,0.4566593713943272,0.4566593713943272,-2.142208388511229,600.542724609375,2026-02-17
2026-02-10,610.699951171875,690.2349243164062,17.790000915527344,87.21903991699219,79.2342300415039,26.799999237060547,614.5351423104305,616.2430108652889,610.2405694597212,53938900,-0.0046393159645153,0.0241862824637937,-0.0081911370380646,-0.0311504954000092,-0.0250330982957264,0.0160275282825303,0.0125532069545401,0.0112695897126257,1.4221925792366277,-0.050331352028959,-0.130916542440302,0.0062964051601521,-0.0082233332925284,-0.0120562766782087,-0.0076564819457434,0.0073936987089742,0.0574756495135682,-0.0016449737455871,-0.0012675877765238,-0.0002384408029678,0.0006161633793072,0.0013617806618722,-0.0369822690229945,0.0062964051601521,-0.0082233332925284,0.0098287897257066,-0.0062408003619395,47.06025161987203,-2.4353279474736382,-0.6968083427906638,-1.7385196046829745,0.0592872458950115,0.2966463697848523,0.0440942683480754,0.642794186093509,-0.0127014101191132,-0.289459210008878,-0.0317903791329299,-0.0026371604320808,0.0037560940669103,-0.0043731199620794,0.0134633094373017,17.790000915527344,0.0247696019618441,-0.0116666158040364,0.0265732311834479,0.2717087007937234,-0.7554191773906873,-0.182820370167561,0.0115402744278196,0.0204010152977489,0.0136720121612543,0.0108719099687535,0.0204010152977489,0.0008573224113388,0.001486503244849,0.0124669411509794,-0.0044576834655759,-0.0044576834655759,1.2961482612457291,-0.7125203893480334,0.8847711549465553,-0.0147444180037973,7.001910956060607,-0.025300010098976,-0.026433046451911,-0.0428006998921508,-0.0119025241048037,-0.0280205055729687,1.4391996336402535,1.3374354455783033,-0.0119472311049749,142.37298583984375,0.0033080309753164,-0.0288847421488761,0.1181984764543782,351.0469055175781,0.0167514526340277,0.0638110648842993,0.3239354371212461,265.0570373535156,0.0128623677900636,0.0178202559542162,0.663436078130749,0.0,0.0,0.0,0.0,0.0,0.0,0.0,0.0,0.0,0.0,1.0,0.0,0.0,0.0,1.0,0.0,-0.0837934272474052,-0.0304495866050216,0.080557194876153,0.1370970144928577,-0.1171825407825714,0.0454673501881466,0.0079845188155028,-0.1713354883043884,-0.0880190345386444,0.1142134284631444,-0.1429670679608845,-0.1056034001260044,0.0139604806443841,-0.0577002492979123,-0.0026139309394984,-0.0148416675378021,-0.0311397724014105,0.0396561126869007,-0.016899614324801,-0.0285236120612006,-0.0318047931719964,-0.035614824204086,-0.0446990348368506,-0.0224822111122312,0.0098480523988133,0.0051640075848787,-0.0508408268234284,-0.0499238630750915,-0.0365464239385261,0.0124474212713303,0.0,0.0,1.0,1.0,0.2681682569152742,0.1609009541491644,0.4172675264999268,0.2503605158999562,0.0,0.0,0.0,0.0,4.0,-0.6361464244270789,0.2499999999375,0.0,0.0,-0.2503605158999561,-1.6935107523738149,0.0,-0.0005420669704382,0.0,0.0,0.3624507832712459,0.3975450730017855,0.4136071991797223,0.4360373666228819,-0.9332510504285108,605.027099609375,2026-02-18
2026-02-11,612.337890625,690.075439453125,17.649999618530273,86.75599670410156,79.22444152832031,26.82999992370605,615.6037921922693,616.7423712103644,606.9247331463698,58575100,0.002682069074972,0.0056753622996639,0.0121501880023526,-0.0317582854635248,-0.0209664017050187,0.0133271560673772,0.012519082412027,0.0113026437707718,1.1791183689892402,0.085952809567863,-0.0668119299069019,0.0065570142193551,-0.0023091035610841,-0.008354707153504,-0.0051427539349423,0.0094221781222436,0.0590094054318999,0.0024153933941952,-0.0010594659023328,0.0001499886110547,0.0006881100570166,0.0013197416117394,-0.0343993889480913,0.0065570142193551,-0.0023091035610841,0.0160330402777686,-0.0053052005343224,45.156375027665696,-2.4071437773017124,-1.0388754296928735,-1.3682683476088386,0.0588258090119729,0.357975482295473,0.0458426466209932,0.643033064246173,0.0007902816417507,0.2012484028973675,-0.029759500384527,-0.0002310588144163,0.0084088207217374,-0.0026089096726557,0.0126878922882771,17.649999618530273,-0.0078696621580763,-0.0531115774428593,0.0136104927505307,0.1422791881004228,-0.6791514727489096,-0.1335297549651691,-0.0053089693870892,0.0175640205587397,0.0065681568539697,0.0055661983666202,0.0175640205587397,0.0023388310825342,0.0026047761502996,0.0075103555855198,-0.00666420968717,-0.00666420968717,1.0844002778460438,-0.5327303114028865,0.8873492021542878,-0.010957330614686,7.058162131587274,-0.0161101867978566,-0.0269169039017785,-0.0404861239098336,0.0037101691335241,-0.0053203852013306,1.4353671938469468,1.14773089265603,0.0037413672806152,142.79246520996094,0.035114518508801,-0.0239622428187845,1.2671260284589658,359.807373046875,0.0902597361165169,0.0807081314749329,1.720430896355783,263.8520812988281,0.017004487760994,0.0137746353988523,0.8304526247758721,1.0,0.0,0.0,0.0,0.0,0.0,0.0,1.0,0.8122169375419617,0.0085205938667058,0.1792625188827514,0.8036963436752558,0.0775500172492622,0.079160701660471,0.8432892982120744,-0.0016106844112087,-0.0894421935081482,0.0245970636606216,-0.0773012116551399,0.0078787738457322,0.1191108301281929,0.102731704711914,0.1601104289293289,0.0507054068148136,-0.0575124472379684,-0.164887860417366,-0.0570293553173542,0.1933410316705703,0.0209298394620418,-0.0880897641181945,0.0647029429674148,0.1558221131563186,-0.0535505339503288,-0.0274842157959938,0.0651344656944274,0.0379746817052364,-0.1351906359195709,-0.0412544421851635,0.0732964873313903,-0.0086384341120719,0.1143484413623809,-0.0613477602601051,-0.0035961549729108,-0.0114913331344723,-0.0125284977257251,-0.0743939131498336,0.0,0.0,0.0,0.0,0.1516828956610394,0.1605788172669226,0.5638816480835277,0.4110997846350074,-0.3494560837627041,0.4398423647508026,1.1052079570048632,2.0240589605245907,5.0,0.52048343816761,0.19999999996,0.8036963436752559,-0.0016106844112088,0.3925965590402485,1.8770312787551768,-0.0,-0.0005420669704382,0.0,0.8053070280864645,-0.0016106844112087,-0.0016106844112087,-0.0016106844112087,-0.0016106844112087,-1.584805021024272,602.7100219726562,2026-02-19
2026-02-12,599.8836059570312,679.41455078125,20.81999969482422,87.90868377685547,79.18523406982422,26.81999969482422,613.9358943887876,615.0344847338599,598.8149461335121,81378900,-0.0203389090543734,-0.0222685375669594,0.0060465194358478,-0.0457397641110901,-0.0305221266207953,0.0153249907726027,0.013651676869531,0.0119270956884714,1.2848886173125225,0.3893087677187063,0.2874816191637062,-0.0150826888200615,-0.0180004929134474,-0.0270357829339786,-0.0251810150929182,-0.0116336439423179,0.036307597099092,0.0012056625184728,-0.0015498813636715,-0.0002050837543024,0.0005555418281921,0.0012185858306219,-0.0540386519591235,-0.0150826888200615,-0.0180004929134474,0.0270378094004949,-0.0228888529896859,37.6620431869296,-3.35113451461416,-1.501327246677131,-1.8498072679370283,0.0641500181529744,0.078553775783693,0.0356396571175132,0.0768003948430235,-0.0129160631987202,-1.3271725920750077,-0.0334638986242066,-0.0154488742279012,0.0053865243771862,-0.0131669605778412,-0.0032322094365622,20.81999969482422,0.1796034076378021,-0.0436380681195925,0.1818465408351792,1.7584462809158898,1.2214520916230445,0.1993086960152237,0.0132865406028976,0.0200046262579354,0.0140530140450054,0.018663873303421,0.0200046262579354,0.0019664825265428,0.0032286298525019,0.008649851106298,-0.0099667942503823,-0.0099667942503823,0.6412118507936455,-0.496545326795652,0.8829419465144408,-0.0150020153723239,6.823940254636916,-0.0466753613153577,-0.027852798278643,-0.0665283428043095,0.0006564590261148,-0.0136843563869853,1.3737972224118582,1.220635289094602,0.0006599950586616,139.03713989257812,0.0263953924535995,-0.0379404775467061,0.943448471401276,351.1168518066406,0.0624792913724672,0.0590539591695167,1.154057929970434,258.4645080566406,0.0145018763702642,-0.0138682410561505,0.5986768610129125,2.0,1.0,1.0,0.49999999975,0.49999999975,0.5,0.0,0.5,0.4552272418513894,0.471338010393083,0.0734347440302371,-0.0161107685416936,0.3443548805992995,0.2255056742690444,0.4301394344472472,0.118849206330255,-0.2043678760528564,0.1495486497879028,0.0170509153977036,0.2605130299925804,-0.1037164591252803,0.0799154117703437,0.1739053502678871,0.1062945872545242,-0.0165224745869636,0.2348716035485267,0.0599063634872436,0.0077649429440498,0.0113250575959682,0.1011280175298452,0.0060977404937148,-0.0186460614204406,-0.037073353305459,-0.0314569883048534,-0.0134870931506156,0.0537842158228158,0.0374474860727787,0.0455012423917651,0.0238831173628568,0.006808279082179,0.0190508812665939,0.0672561638057231,-0.0054996702820062,-0.0102867259411141,0.0027405992150306,-0.0398167073726654,0.0,0.0,0.0,1.0,0.0390795073063487,0.1843486585329736,0.2625285250445204,0.4078776309266686,-0.3378101650640721,-0.9040593691170216,5.35572867357061,2.677864368584762,7.0,1.677113300762299,0.2857142856734694,-0.0161107685416935,0.118849206330255,-0.4239883994683622,-2.165443588535648,0.0,-0.0005420669704382,0.0,0.1349599748719487,0.118849206330255,0.118849206330255,0.118849206330255,0.118849206330255,1.3510507707033972,608.0433349609375,2026-02-20
2026-02-13,601.1619873046875,679.8931884765625,20.600000381469727,88.39141845703125,79.24403381347656,26.81999969482422,599.673873409497,605.7162424752422,595.6689134343201,69237500,0.0021310489817716,-0.0156180851969696,-0.0126794231754101,-0.0320806431911045,-0.0319406078875296,0.0108895850322243,0.0135291293734281,0.0118986619507391,0.915194007705532,-0.1491959217929954,0.0822934601494429,-0.0104752346799414,-0.0126875188802961,-0.0233914320513705,-0.0230781740354713,-0.0099529662628773,0.0373697869108924,-0.0025520986140249,-0.001623091904982,-2.6650254087718724e-05,0.0004457019443393,0.0011963157165539,-0.0520227619915857,-0.0104752346799414,-0.0126875188802961,0.0167131808948356,0.0024815386515502,36.62801273621782,-3.950559691161402,-1.9911737355739847,-1.959385955587417,0.0675818225598939,0.1538798279575832,0.0427179702040084,0.2547815443965429,0.0073370773807615,0.1956960508384307,-0.0481565438251999,0.0007044854938154,-0.0128435082371082,-0.0151536986429747,-0.0029686303958997,20.600000381469727,-0.0105667299029396,0.0112910914462673,0.1537707727819315,1.454777810008193,1.0255636277238842,0.1579538685402639,0.005491319622088,0.0249028342283597,0.0198525313964745,0.0239404844838124,0.0249028342283597,0.0015979590559516,0.0004949171297965,-0.0011173439932691,-0.0070344514049448,-0.0070344514049448,1.0864240854367777,-0.4191937826013052,0.8842006325312832,-0.0127535004950197,6.801135198400779,-0.0474401572875373,-0.0175707635879669,-0.0636039140289561,0.0001662199084615,-0.0366690930580413,1.358719059942339,1.415601304585562,0.000164085061698,139.38668823242188,-0.0111245224684739,-0.0405610570033974,-0.399145569851372,354.2734069824219,0.0176465050096743,0.05171698082439,0.3168664268935776,261.8703308105469,-0.0077729568583665,-0.0096041413733488,-0.2968771932408973,1.0,0.0,0.0,0.0,0.0,0.0,0.0,1.0,0.0370412543416023,0.024805374443531,0.9381533861160278,0.0122358798980712,0.0683812883338697,0.0254378568761117,0.9061808377415254,0.042943431457758,-0.1145371049642562,0.0484418459236621,-0.0960857421159744,0.1037773713469505,0.0133846094831824,0.1113230735063552,0.3130966424942016,-0.0528375543653965,0.2242305725812912,-0.343247652053833,0.1289977878332138,-0.2994997799396515,-0.018382828682661,0.0821608901023864,-0.0958975926041603,-0.0502824373543262,-0.0802361518144607,-0.0465931147336959,0.005103051662445,0.0551137141883373,0.022842101752758,-0.0677314102649688,-0.0013342909514904,-0.0484655797481536,0.0234261024743318,-0.0124869048595428,-0.1464830338954925,0.0296549405902624,-0.0098333358764648,-0.0712814480066299,0.0,0.0,0.0,2.0,0.0533939844589347,0.1233682649542261,0.2666071516772109,0.3375540111213923,0.042943431457758,0.0122358798980712,0.5697258570889107,0.3497149960194303,5.0,0.4649905544347371,0.19999999996,0.0122358798980712,0.0429434314577579,-0.325318131223321,-1.5264842437502757,0.0,-0.0005420669704382,0.0,0.0307075515596868,0.042943431457758,0.042943431457758,0.042943431457758,0.042943431457758,-0.0847717202107188,600.652587890625,2026-02-23
2026-02-17,600.542724609375,680.9901733398438,20.290000915527344,88.5392074584961,79.204833984375,26.90999984741211,597.626419057608,603.1894116444834,592.5927882610704,69013800,-0.0010301095351836,-0.0192625120806846,-0.0211942607614701,-0.0396717314939771,-0.0321283710473025,0.0094623335336356,0.0131017558192679,0.0118981253542985,0.795279294560283,-0.0032309081061563,0.0721301436227304,-0.0072447090861302,-0.009669511692986,-0.0228151393571094,-0.0242364722035468,-0.0114114942231318,0.035163647268269,-0.0042844167770224,-0.0016327907608978,0.000160348452408,0.0004611872098001,0.0011917938775322,-0.0529992823835952,-0.0072447090861302,-0.009669511692986,0.017645078275331,0.0048798136407116,32.02358750445616,-4.424574050861224,-2.477853798631433,-1.9467202522297915,0.0706173039098111,0.1769185724472317,0.0400965469119153,0.3193183791600428,0.0053907278250445,-0.1088642059231747,-0.0519817762028814,0.001613466470725,-0.0159954689735014,-0.0127374805697011,-0.0019611750054285,20.290000915527344,-0.0150485174855257,0.1687788134885581,0.1224828905323791,1.1648094633651551,0.5466909294628348,0.1495751475385529,0.0016719835934828,0.0268511817537255,0.0274915939226032,0.0252999374224538,0.0268511817537255,0.0004951621940485,-0.0013593163382397,-0.002964057961633,0.004479243291672,0.004479243291672,0.6578362654312473,0.0867060407159716,0.8818669462792351,-0.0143870053090037,6.782788572970762,-0.047222009972913,-0.0220078980662864,-0.0751484832144906,-0.0052833006597493,-0.0467890998899573,1.340766631774319,1.346343355699862,-0.0051987917879686,139.30679321289062,-0.0269969263299697,-0.0421645027367673,-1.078019818919969,353.7140197753906,0.00377025445472,0.033959138523572,0.0696784682283008,261.95001220703125,-0.0143884090787741,-0.0102347268100858,-0.5384605790871362,0.0,0.0,0.0,0.0,0.0,0.0,0.0,0.0,0.0,0.0,1.0,0.0,0.0,0.0,1.0,0.0,-0.0454540802274131,0.0192241592946257,-0.0381316520285107,0.0411840771116609,0.0053116857934468,0.0441785909980804,0.1242524849157517,-0.0209685973457643,0.0889859616997433,-0.1362179209889672,0.0511928060270035,-0.1188565664351117,-0.0072952303972518,0.0326055708447929,-0.0380569848452654,-0.0199545984879456,-0.0318417379490387,-0.018490489835686,0.0020251473943033,0.0218718919701103,0.0090648940878731,-0.0268792279764753,-0.0005295137150068,-0.0192335780691169,0.0092966549278173,-0.0049554314774662,-0.0581318305252995,0.0117685709722592,-0.0039023619286642,-0.0282880613878852,0.0,0.0,4.0,1.0,0.0539308792626709,0.0320363906753607,-0.0012916295478743,0.1599642910063266,0.0016106844112087,-0.8036963436752558,0.0,0.0,4.0,-0.6974858316521055,0.2499999999375,0.0,0.0,-0.1599642910063266,-0.7389471063563908,0.0,-0.0005420669704382,0.0,0.0,0.0170421120677923,0.0246645245367272,0.0288987863356454,0.0356962076180987,1.086713414730719,607.1044921875,2026-02-24
2026-02-18,605.027099609375,684.4208374023438,19.6200008392334,88.20423126220703,79.30284881591797,27.07999992370605,601.3517411914925,609.0021290003773,599.9634770047899,64250700,0.0074672039410965,0.0085741527210732,-0.0092890977829854,-0.0174041465481497,-0.0037331999719796,0.0107901050158565,0.012881612297566,0.0111039389115884,0.9717366179724768,-0.0690166314563174,0.0120799283975034,0.0020477924997408,-0.0005081971672721,-0.0153366776459953,-0.017128135673734,-0.0045011268219886,0.0417651171977613,-0.001866502100857,-0.0001870092877315,0.0001851338701778,0.0004897894797671,0.0011641104986756,-0.0459278348927887,0.0020477924997408,-0.0005081971672721,0.0149392514838146,0.0061118280136685,33.934647204141044,-4.387802406171772,-2.859843520139501,-1.5279588860322717,0.0712254078198126,0.2846740634354194,0.0343130777523635,0.5596796508468228,0.0046091530340721,0.6920417584519706,-0.0429505559062122,0.005037758541617,-0.0084233450224511,0.0128545731347948,0.0024412770593531,19.6200008392334,-0.0330211949759555,0.102866769506954,0.0868301133677986,0.8349802477440637,-0.1372722611622424,-0.05763683348608,-0.0037833656512691,0.0112955995176335,0.0371891881029262,0.0211013161731576,0.0112955995176335,0.0023538149661705,0.0008660243732805,0.0059435307191177,0.0104477871125574,0.0104477871125574,1.5364357547540246,1.0053586974229665,0.8839986548418071,-0.0111912167582878,6.859388613804649,-0.0345514784090009,-0.0127652391688777,-0.0478049322873069,-0.0008731072440928,-0.0203547778814005,1.3309491397573563,1.3558222045997146,-0.0008657527605343,140.73501586914062,-0.0115047806368666,-0.0065567057080381,-0.4654212366150856,357.52984619140625,0.0184674485714944,0.060975246406185,0.3455121074532806,262.89605712890625,-0.0081528875678452,0.0053698600209182,-0.3033538904361696,2.0,2.0,0.0,0.9999999995,0.0,0.0,0.5,0.5,0.34672870952636,0.030687741935253,0.6225835382938385,0.3160409675911069,0.1514253511467583,0.488633224668959,0.3599414236604219,-0.3372078735222005,0.3280488923192024,0.1042359843850135,0.0159765966236591,0.0352818388491869,0.0149709861725568,0.0058740153908729,0.0369561649858951,0.0170704955235123,-0.0297081395983696,-0.0854648686945438,0.0924145281314849,0.0575353857129812,-0.0328865069895982,-0.0300493743270635,0.07467021048069,-0.1035100370645523,-0.0024553192779421,0.013553187251091,-0.0399009138345718,-0.2009620759636163,0.0493110101670026,-0.0649495832622051,0.0953251644968986,-0.1310931323096156,0.019464885815978,0.0160632412880659,-0.0444582616910338,-0.0170666808262467,0.0294707939028739,0.0064381100237369,0.0,0.0,0.0,0.0,-0.0980881473548142,-0.0354051840290793,0.1094256158297258,0.223172484524548,-0.4560570798524556,0.3321517361328006,5.225318753234701,2.984065387652434,6.0,1.4840542151777258,0.4999999999166666,0.3160409675911069,-0.3372078735222006,0.0928684830665589,0.3612570166401573,-0.1686039367611002,-0.1607158068934835,0.5,0.6532488411133075,-0.3372078735222005,-0.3372078735222005,-0.3372078735222005,-0.3372078735222005,1.7816852999471389,615.9033813476562,2026-02-25
2026-02-19,602.7100219726562,682.61572265625,20.229999542236328,88.29290008544922,79.3322525024414,27.1200008392334,602.0508799312083,605.0570991965415,599.993476524114,60960800,-0.0038297088481072,0.0025750707806881,-0.0157231306436334,-0.0037639816345863,-0.020786032626976,0.0105002923826089,0.0116910906010488,0.0106501091468596,0.9859327497852304,-0.0512041113948953,-0.025250493824229,0.0014038596008161,-0.0039612678675676,-0.0180853968800569,-0.0213832304507792,-0.0087395821857537,0.0367380031862352,-0.0031696100420485,-0.0010502551630109,0.0005204577458634,0.0004450165745931,0.0010712508078173,-0.0495816535052327,0.0014038596008161,-0.0039612678675676,0.0084014243795951,0.0010948278018017,34.52920742930772,-4.493827368889242,-3.186640289889449,-1.3071870789997928,0.0732868501249823,0.2532245300594261,0.013653258950999,0.6028223082748582,-0.0046880657750033,-0.3647239851840943,-0.0491056447971451,-0.0026374339404172,-0.0108100018786159,-0.0013423509169427,-0.0010263544310156,20.229999542236328,0.0310906563155255,0.1461756362304609,0.1103792372849581,1.049063940482743,-0.1803326177810746,-0.0179612054554243,0.0010052672300788,0.017715240902477,0.0303836344187771,0.0218578652184537,0.017715240902477,0.0039691505212642,0.0013608297141805,0.0040725882791343,0.0108088302777484,0.0108088302777484,1.6087463228156975,1.3437948093957557,0.8829418983016416,-0.0114039117319129,6.826256940131742,-0.0367967501870025,-0.0012750787087263,-0.038001890982344,-0.0049668200996251,-0.0328563140279379,1.2189092281358769,1.325351712016862,-0.0049131287650174,140.035888671875,-0.0193047758789841,-0.0250329649502795,-0.784922155315091,355.4521179199219,-0.0121044076725623,0.02211757780497,-0.2245100011335811,263.5035095214844,-0.0013210878444767,-0.01191234731501,-0.0488890661782207,0.0,0.0,0.0,0.0,0.0,0.0,0.0,0.0,0.0,0.0,1.0,0.0,0.0,0.0,1.0,0.0,0.2603725783822522,0.0827321556328556,0.012680633143634,0.0280032140522858,0.011882479599659,0.0046622091053745,0.0293321275876601,0.0135488612758209,-0.023579366025235,-0.0678335112360214,0.073349459586532,0.0456658659030912,-0.0261020378954239,-0.0238502042088834,0.059265785333867,-0.0821559708627688,-0.0019487882023616,0.0107571718499519,-0.0316693762977459,-0.1595037053951789,0.0391381747063573,-0.0515505183976602,0.0756596332007093,-0.104048688067045,0.0154492901103622,0.0127494030593474,-0.0352865456885123,-0.0135458335485947,0.02339098462188,0.0051099313121835,0.0,0.0,1.0,2.0,-0.1124026245074002,-0.0350830471468376,0.1053469891970354,0.0624332157894968,-0.042943431457758,-0.0122358798980712,0.0,0.0,5.0,-0.7145446221226087,0.59999999988,0.0,0.0,-0.0624332157894968,-0.314083742544392,0.0,0.0078881298676167,0.5,0.0,-0.2676420665805504,-0.2935565042426398,-0.3054171508251675,-0.3219801068051588,0.9515986906220516,608.4727783203125,2026-02-26
2026-02-20,608.0433349609375,687.5523071289062,19.09000015258789,88.08601379394531,79.39105987548828,27.09000015258789,599.3642756707148,609.581373723881,598.4753818004266,74127300,0.0088488871826379,0.0124897197887816,0.0136021870290796,0.0197309523531687,-0.0192505722738676,0.005417749579642,0.0108620121041338,0.0107202474172263,0.5053753764638739,0.2159830579651185,0.1558264553722939,0.0075332619975327,0.0029026161397545,-0.0084325438815947,-0.0132435982727244,-0.0004214702094048,0.0447936495804019,0.0027021015414067,-0.0009719138699505,0.0005425443434735,0.0004664295410759,0.0011450518104537,-0.0411715087807912,0.0075332619975327,0.0029026161397545,0.01826513224451,0.0144804414318995,42.00541539069299,-4.100234182564009,-3.369359068424361,-0.7308751141396472,0.0731764493086195,0.3847642382041414,0.0203777689336837,0.8696804111406207,0.0046856472530441,1.6333138730839605,-0.0410120516707988,0.0072318645891229,0.0119776009187597,0.0006531643248806,0.0054071434969815,19.09000015258789,-0.0563519236502373,-0.083093158866203,0.0379794991473556,0.3825904428947514,-1.4481221824454962,-0.0591424696300101,-0.0023431815163357,0.0020172070547657,0.0235146834018358,0.0192866762467294,0.0020172070547657,0.0058363173011817,0.0025992952863227,0.0,0.010067131276507,0.010067131276507,1.8639735767974508,1.2229634790794903,0.8843593842336391,-0.0088209106721631,6.90283631614094,-0.0239184195677941,0.0022628706532692,-0.0022809125148037,0.0016053577755523,0.0115616577168027,1.237307342723874,1.408593863406033,0.0016245861103199,140.70506286621094,0.011996240536316,-0.0276090061599282,0.4918021897458538,359.0382080078125,0.0225604557582845,0.0308600939386729,0.4189112761823635,263.51348876953125,0.0195345223638372,-0.0192001335779992,0.7125489478139998,5.0,1.0,1.0,0.19999999996,0.19999999996,0.0,0.0,1.0,0.0615337289869784,0.2076797619462013,0.7307864964008332,-0.1461460329592228,0.2078090513359953,0.1461138341582248,0.6460771058341385,0.0616952171777706,-0.0377230778336524,-0.0155511163175106,0.0822302140295505,0.0224151628091931,-0.0921609655022621,0.2577326834201813,-0.0510354220867157,-0.027509943768382,-0.0173643965274095,-0.012136635184288,0.0527109250426292,0.0198902569711208,-0.0036086805164813,0.0033941283822059,-0.0194667927920818,0.0227837100625038,0.0126080244779586,0.0375894859433174,-0.0291674017906188,-0.01398606300354,0.0069141417741775,0.0351940654218196,-0.0010943841189146,0.0625262834131717,-0.0349068820476532,0.0405393809080123,0.0344620950520038,0.0940819043666124,-0.0063599988818168,0.0379762530326843,0.0,0.0,0.0,0.0,-0.09183755211481,-0.0465138449773345,0.0566316448772944,0.036426162905991,0.0616952171777706,-0.1461460329592228,1.3513543274806206,1.1066129320446283,8.0,3.1538461514201197,0.374999999953125,-0.1461460329592228,0.0616952171777705,-0.1825721958652138,-0.7907173615873349,0.0,0.0078881298676167,0.5,0.2078412501369934,0.0616952171777706,0.0616952171777706,0.0616952171777706,0.0616952171777706,-0.2499864238063117,606.5252075195312,2026-02-27
2026-02-23,600.652587890625,680.531494140625,21.01000022888184,88.41112518310547,79.2636489868164,27.09000015258789,605.8460514657053,607.2443127599432,598.2955745850619,63859100,-0.012154967656684,-0.0072302740184271,-0.00084735799139,-0.0135160371562462,-0.0342209009876154,0.0086231568813655,0.0093434849105155,0.0109581176166217,0.786919468848022,-0.1385211656164463,-0.0197278332525254,-0.0045452236410216,-0.0079410146859043,-0.018782228000085,-0.0251593444918761,-0.0130088961908839,0.0310174334185562,-0.0001695434404214,-0.0017410073445285,-8.214075809416673e-05,0.0004615417074939,0.0011306304065904,-0.0528260380798679,-0.0045452236410216,-0.0079410146859043,0.0148983594764946,-0.0085722496045255,35.42033709978318,-4.334712401934553,-3.5624297351264,-0.7722826668081528,0.0742037779088264,0.2468831300858749,0.0210668092096082,0.2842471730864389,-0.0097448763172082,-1.4095726674505842,-0.0435019613080886,-0.0102113147108746,0.0009388322678931,-0.0099240000610926,-0.0052372938062641,21.01000022888184,0.1005762211077649,0.0199029048456191,0.1272971167735466,1.2959239472963933,1.3220073505835723,0.0708460412941933,0.0036908400682162,0.0002229484085471,0.0244882276738933,0.0229051866393021,0.0002229484085471,0.0007425683444144,0.00024752870842,0.0029618631258103,0.010067131276507,0.010067131276507,0.6938451964847474,1.1306132601005043,0.8826227633287258,-0.0095348114439387,6.793857522417372,-0.0365150339686053,-0.0016185916125548,-0.0376999224712213,-0.0017845148991132,-0.0010700678300172,1.3256319306443496,1.2469361093146365,-0.0017861902592831,138.34799194335938,-0.0074519044984447,-0.0452821526386229,-0.2997801639577852,356.4310302734375,0.0060902773069915,0.0351308965718335,0.1129613426237729,259.4105224609375,-0.0093932303900015,-0.0163136811252334,-0.3364468880025541,0.0,0.0,0.0,0.0,0.0,0.0,0.0,0.0,0.0,0.0,1.0,0.0,0.0,0.0,1.0,0.0,-0.0188615389168262,-0.0077755581587553,0.0411151070147752,0.0112075814045965,-0.046080482751131,0.1288663417100906,-0.0255177110433578,-0.013754971884191,-0.0086821982637047,-0.006068317592144,0.0263554625213146,0.0099451284855604,-0.0018043402582406,0.0016970641911029,-0.0097333963960409,0.0113918550312519,0.0063040122389793,0.0187947429716587,-0.0145837008953094,-0.00699303150177,0.0034570708870887,0.0175970327109098,-0.0005471920594573,0.0312631417065858,-0.0174534410238266,0.0202696904540061,0.0172310475260019,0.0470409521833062,-0.0031799994409084,0.0189881265163421,0.0,0.0,3.0,5.0,0.0205650723925901,-0.0551025312688861,-0.0487153443197411,0.0339789869263768,0.3372078735222005,-0.3160409675911069,0.0,0.0,7.0,-0.6923076917751483,0.4285714285102041,0.0,0.0,-0.0339789869263767,-0.1407602956623043,0.0,0.0078881298676167,0.5,0.0,0.0308476085888853,0.04070366356146,0.0458393701966154,0.0537088060667849,1.1046070850907146,607.32421875,2026-03-02
2026-02-24,607.1044921875,685.4779052734375,19.549999237060547,88.56875610351562,79.204833984375,27.11000061035156,601.6414099286677,608.2230768722754,598.9747284234804,55023700,0.0107414908833287,0.0072911849059034,0.0109263959236092,-0.010499441722249,-0.0281233365303217,0.0098403458629444,0.0097159423409536,0.0112317021636755,0.8761223226383967,-0.1383577281859593,-0.167522110545085,0.0039638748225363,0.003783169030292,-0.0068173370803575,-0.0146818054045072,-0.003002062879356,0.0409652215327893,0.0021734268294614,-0.0014263186003665,-6.484911321707296e-06,0.0006207070646907,0.0011644604349787,-0.0426519776029764,0.0039638748225363,0.003783169030292,0.0152335365127535,0.0090802962839276,44.70301353745422,-3.954340152380837,-3.640811818577288,-0.3135283338035495,0.0720502529777462,0.4053808030006047,0.0202285790418209,0.695954190076396,0.0083110959146942,1.091576448771098,-0.0395864272047319,0.007268452930395,0.006590009825816,-0.0077663874609763,0.001644631644297,19.549999237060547,-0.0694907651554552,-0.03647124914127,0.0394788812240951,0.4258982199790747,-0.472155594992345,-0.0336134612240633,0.0017829308255459,0.0003337351425172,0.0214360289929185,0.0245983464181942,0.0003337351425172,-0.0013593163382397,0.0,0.0119447437061768,0.0074322097388894,0.0074322097388894,0.175096176091229,1.1195298738678108,0.8856660258733295,-0.0050841108874423,6.854612381345183,-0.0254835796156387,-0.0009980647403027,-0.0366954287850171,0.0043079963594547,0.0105891268173443,1.3278614195414191,1.2899149050590897,0.0043363860977931,140.145751953125,0.0060223821170892,-0.0394304892763364,0.2434739786525751,361.6453552246094,0.0224230169170427,0.0552948030288888,0.4201931596914898,262.23876953125,0.0011023375100687,-0.0024624308645718,0.0398468288940617,0.0,0.0,0.0,0.0,0.0,0.0,0.0,0.0,0.0,0.0,1.0,0.0,0.0,0.0,1.0,0.0,-0.0149704133591545,-0.006171464600424,0.0326330820635196,0.0088954632558379,-0.0365741033971739,0.1022812831969456,-0.0202534206770233,-0.0109173284193789,-0.0068910653286007,-0.0048164268647232,0.0209183444657216,0.0078934537099687,-0.0014321058120199,0.0013469607411072,-0.0077254018391494,0.0090417213302392,0.0050034978298881,0.0149173973823414,-0.0115750910714018,-0.0055503727811782,0.0027438789814466,0.0139667741184085,-0.0004343066254055,0.0248135720164326,-0.0138528053208436,0.0160880639748796,0.0136762914846447,0.037336428490683,-0.0025239672288781,0.0150708860034734,0.0,0.0,4.0,0.0,0.0205650723925901,-0.0551025312688861,-0.0487153443197411,0.0339789869263768,0.0,0.0,0.0,0.0,7.0,-0.6923076917751483,0.4285714285102041,0.0,0.0,-0.0339789869263767,-0.134371906523031,0.0,0.0078881298676167,0.5,0.0,0.0244837631623498,0.0354345972416449,0.0415178023420282,0.0512834025289224,-1.0401457045363078,600.8224487304688,2026-03-03
2026-02-25,615.9033813476562,691.26220703125,17.93000030517578,88.57860565185547,79.3126449584961,27.07999992370605,610.3004608891118,616.053216829597,610.2305417280922,55710700,0.0144932038444525,0.0129267865212661,0.0179765199696069,0.0085204365348259,-0.0228954746842674,0.0111873949343052,0.0107509857786463,0.0115578474360167,0.9679478837465032,0.0124855289629741,-0.1676518088181036,0.0148638554524156,0.0174558530490829,0.0087678872801946,-0.0004878059651857,0.0107844579230491,0.054876777710199,0.0035633705998942,-0.0011580823334181,8.672012099220533e-05,0.0006753103624452,0.0011850469857329,-0.0287769375642928,0.0148638554524156,0.0174558530490829,0.0094538774714374,0.0091805935233636,56.85778900137193,-2.909358312719519,-3.494521117405734,0.585162804686215,0.0663888724486464,0.632068627720357,0.0388529495541231,0.882566976844575,0.0101842750040304,1.295493958519003,-0.0234042475350917,0.0084383489435813,0.0099958523397272,-0.0033644339390276,0.0097174170611045,17.93000030517578,-0.082864398726613,-0.0861366188465285,-0.0506446326302049,-0.5762209220940695,-1.4008091290791207,-0.0607647898449522,0.0001112079335101,0.0042444039734956,0.0279488073273139,0.0246567259752752,0.0042444039734956,0.0009896596073579,0.0001235282555973,0.0104477871125574,0.0,0.0,1.010348540783298,0.9248442634626084,0.890983732486641,0.0018917685991963,6.9531844265913305,-0.0089206486637577,0.0070216773064453,-0.006959033008996,0.0079016835677017,0.013674077686445,1.369739335249721,1.3687977552208133,0.0079806676298797,142.8323974609375,0.0149030543595993,-0.0340426287201683,0.6327581107292806,367.598876953125,0.0281627698190214,0.048194214772832,0.5508308500374524,263.48358154296875,0.0022348163775405,-0.000566750236088,0.0840942119321024,0.0,0.0,0.0,0.0,0.0,0.0,0.0,0.0,0.0,0.0,1.0,0.0,0.0,0.0,1.0,0.0,-0.0118820249573603,-0.0048982946994488,0.0259008943982978,0.0070603338650307,-0.0290288851037338,0.0811807082717444,-0.0160751506443307,-0.0086650893088022,-0.0054694421759011,-0.0038228005358948,0.0166029010051598,0.0062650383614333,-0.0011366631362651,0.0010690834486967,-0.0061316555031714,0.0071764189756125,0.0039712788593424,0.0118399461486782,-0.0091871558716855,-0.004405333795829,0.0021778181908109,0.0110854359640819,-0.0003447093970227,0.0196945451609869,-0.0109949788695089,0.0127691048389277,0.0108548797448744,0.0296339429314228,-0.0020032741171272,0.0119617701480032,0.0,0.0,5.0,0.0,0.0,0.0123390434355539,0.0,-0.0292292065918445,-0.0616952171777706,0.1461460329592228,0.0,0.0,5.0,-0.6923076917751483,0.19999999996,0.0,0.0,0.0292292065918446,0.1327298950839224,0.0,0.0078881298676167,0.0,0.0,0.0194327757000272,0.0308476085888853,0.0376036560694064,0.0489675263246997,-0.966246413217012,609.9808959960938,2026-03-04
2026-02-26,608.4727783203125,687.422607421875,18.6299991607666,88.93326568603516,79.24403381347656,27.100000381469727,614.8148183820397,614.8148183820397,603.2193924504018,96178900,-0.0120645595597882,0.0130194901134954,0.0095614078703964,-0.0063120580383201,-0.0378698833608016,0.0130151095803129,0.0114670595611642,0.0117590287920208,1.1068183183908982,0.7263990579906554,0.3897414723292993,0.0007194703467978,0.0058229204586617,-0.0014439581891921,-0.0123006647569515,-0.0018930336483051,0.0410548871746521,0.0019031973812441,-0.0019302790540523,-0.0002501524453897,0.0004990715730357,0.0011276350878189,-0.0404943160468883,0.0007194703467978,0.0058229204586617,0.0190566058906481,-0.0103153663056089,57.78595444930611,-2.6502399241379635,-3.32566487875218,0.6754249546142166,0.0573113089818083,0.474805004198203,0.035650269915163,0.5201813436058139,-0.01640438959762,-0.9269655824543988,-0.0191432192562761,-0.005554476391621,0.007041860604851,-0.008800438697429,0.0039158448090534,18.6299991607666,0.0390406493963502,-0.0790904803595885,-0.0194995365365198,-0.2388289048540147,-0.529693015923658,-0.1132794403706629,0.0040039017499735,0.0072527417263017,0.0344208512367798,0.0285501830900365,0.0072527417263017,0.0002473010194619,-0.0011120154310774,0.0100633789985631,-0.0007374799832136,-0.0007374799832136,0.3668192015246239,0.9795848674067252,0.8851509562688697,-0.0031681936737852,6.84190301150561,-0.0211962128010059,-0.002477317700947,-0.0306395795463302,0.0025019290300725,0.0022920425514434,1.423170371593936,1.499935363063925,0.0025195472655454,140.8348846435547,0.0057056514530489,-0.0550827658901827,0.2650091647450812,356.4110717773437,0.0026978425759103,-0.010153679929226,0.0566423268270598,264.88775634765625,0.0052532386710355,0.010216524300747,0.2108589603874185,0.0,0.0,0.0,0.0,0.0,0.0,0.0,0.0,0.0,0.0,1.0,0.0,0.0,0.0,1.0,0.0,-0.0,-0.0,0.0,0.0,-0.0,0.0,-0.0,-0.0,-0.0,-0.0,0.0,0.0,-0.0,0.0,-0.0,0.0,0.0,0.0,-0.0,-0.0,0.0,0.0,-0.0,0.0,-0.0,0.0,0.0,0.0,-0.0,0.0,0.0,0.0,6.0,0.0,0.0,0.0123390434355539,0.0,-0.0292292065918445,0.0,0.0,0.0,0.0,5.0,-0.6209204200831387,0.19999999996,0.0,0.0,0.0292292065918446,0.1234143734985522,0.0,0.008430196838055,0.0,0.0,0.0154238042944426,0.0268544030333924,0.0340585211649024,0.0467562313754018,-0.0541914478369817,608.1431274414062,2026-03-05
2026-02-27,606.5252075195312,684.1216430664062,19.86000061035156,89.47512817382812,79.11662292480469,27.07999992370605,602.2206376135266,607.5539396831472,601.4316544188312,68125200,-0.0032007525565195,-0.0009541762174769,-0.0024967421795747,0.0110714836954148,-0.0351746874682633,0.0125301524403167,0.009251458632925,0.0117240810700035,1.0687533885808858,-0.2916824792132162,-0.0071439517536774,-0.0019852213641836,0.0015040032156783,-0.0028308307894869,-0.0152202831385045,-0.0055308400733667,0.0368258113349799,-0.0004999728476126,-0.0017904108656508,-0.0002475079604332,0.0004603398260238,0.0009119446068194,-0.0435654563177962,-0.0019852213641836,0.0015040032156783,0.0100940326773127,0.007147828614879,48.25803052528828,-2.572386550535043,-3.175009213108753,0.6026226625737099,0.0491180276244697,0.4423667658007357,0.0359432420248911,0.4447678825741754,-0.0028826938173605,-0.2554440032809867,-0.0250825358061174,-0.0048019432585273,-0.0049896771880904,-0.0115987566688749,-0.0010921921188042,19.86000061035156,0.0660226250667392,0.0403352777165531,0.0371028185805686,0.4806103723054379,0.392857085219424,0.015856848357485,0.0060929111689873,0.0157699766404719,0.0404860038085936,0.0342806315813304,0.0157699766404719,-0.0008664638783416,-0.0034567739883306,0.0096942666607118,-0.0003691483508861,-0.0003691483508861,-0.8216744225698169,0.8181474028309396,0.8865750903610239,-0.0003449344979634,6.778701745374449,-0.0265363060402599,0.0041148162242439,-0.0066293823765128,0.0025054363270027,-0.0179831253533023,1.452875942135254,1.5043915659349456,0.0024929350085156,138.58767700195312,-0.015048398551736,-0.0552189103471963,-0.7451498212541856,351.906005859375,-0.0198647441675129,-0.0244786054998186,-0.4699113772742992,260.3267517089844,-0.0120932597243019,-0.0074419856961774,-0.5416325937220638,0.0,0.0,0.0,0.0,0.0,0.0,0.0,0.0,0.0,0.0,1.0,0.0,0.0,0.0,1.0,0.0,-0.0,-0.0,0.0,0.0,-0.0,0.0,-0.0,-0.0,-0.0,-0.0,0.0,0.0,-0.0,0.0,-0.0,0.0,0.0,0.0,-0.0,-0.0,0.0,0.0,-0.0,0.0,-0.0,0.0,0.0,0.0,-0.0,0.0,0.0,0.0,7.0,0.0,0.0,0.0,0.0,0.0,0.0,0.0,0.0,0.0,0.0,-0.5773502687451815,0.0,0.0,0.0,0.0,-0.0080287647384515,0.0,0.008430196838055,0.0,0.0,0.0122418815811749,0.0233781156877009,0.0308476085888853,0.0446447949592952,-1.249355659128239,598.9946899414062,2026-03-06
2026-03-02,607.32421875,684.5106201171875,21.440000534057617,88.57660675048828,79.0713119506836,27.32999992370605,598.1058012495889,609.1518702196468,597.2369017749593,75264600,0.0013173586531323,-0.0139293968136434,0.0111073039455378,0.0102505340913867,-0.0221589528264218,0.0106944883762546,0.0092453515825608,0.0114849128413196,0.931177066194325,0.1047982244455796,0.0892745290326166,-0.0028597833901676,0.0018039901990658,-0.0003863025136304,-0.0135734764040399,-0.0046368727796026,0.0373562946682144,0.0022092141701814,-0.0011204075304437,-0.0003554921734415,0.0004307594657587,0.0008428985000732,-0.0423054889955218,-0.0028597833901676,0.0018039901990658,0.0196187935156134,0.0154126869880739,45.12291270384985,-2.418336583594624,-3.0236746872059275,0.6053381036113041,0.0449698093826241,0.4914097364668894,0.0255283625211449,0.3879762308374095,0.0059604909243468,0.1231810708099156,-0.0194262224184204,0.0005685787823312,0.0058470857128916,-0.0080782865711487,-0.0006905557766412,21.440000534057617,0.0795568920014291,0.0204664588525169,0.1080389847487766,1.388839533978148,1.468007961991726,0.1957613033541676,-0.010042136196712,0.0018717278740665,0.0358300861913447,0.0235485611912964,0.0018717278740665,-0.0021796197704866,-0.0024265478386542,0.0190156687056286,0.0088593491977235,0.0088593491977235,-1.188796117870959,2.304897766953176,0.8872385627063415,0.0011242492657208,6.856485487875749,-0.012482928453647,0.0034357928091064,0.0081383898217439,0.0052296400788574,0.0092183218814534,1.4518814064818926,1.6343970609764964,0.0052602182326462,139.36671447753906,0.0073634790058736,-0.0301641254878758,0.391978360039538,351.6662292480469,-0.0133680870089657,0.0166041357232009,-0.3689510617526168,262.716796875,0.0127453365526464,0.0160215669765231,0.6490581282411864,0.0,0.0,0.0,0.0,0.0,0.0,0.0,0.0,0.0,0.0,1.0,0.0,0.0,0.0,1.0,0.0,-0.0,-0.0,0.0,0.0,-0.0,0.0,-0.0,-0.0,-0.0,-0.0,0.0,0.0,-0.0,0.0,-0.0,0.0,0.0,0.0,-0.0,-0.0,0.0,0.0,-0.0,0.0,-0.0,0.0,0.0,0.0,-0.0,0.0,0.0,0.0,10.0,0.0,0.0,0.0,0.0,0.0,0.0,0.0,0.0,0.0,0.0,-0.5773502687451815,0.0,0.0,0.0,0.0,-0.0058371104755838,0.0,0.008430196838055,0.0,0.0,0.0061209407905874,0.0154238042944426,0.0229196850983077,0.0388655514000544,-0.054283906155222,606.99462890625,2026-03-09
2026-03-03,600.8224487304688,678.4771118164062,23.56999969482422,88.39868927001953,78.91372680664062,27.459999084472656,595.5790600436336,603.1994564784976,591.1246545665933,97015500,-0.0107055997748833,-0.0125730022154194,-0.0103475489604697,0.0004657855463583,-0.0392244244667476,0.0107418589217315,0.0099664151057122,0.0115189445575029,0.9325383880067696,0.2889924346904122,0.3569390890435024,-0.0114956363364759,-0.0089666501767522,-0.0090874548450976,-0.0235757555906341,-0.0155948020352159,0.0255094674609253,-0.0020802914090726,-0.0020007214754101,-0.0005755610636889,0.0003174896366862,0.0007592049035842,-0.0525581831369384,-0.0114956363364759,-0.0089666501767522,0.0200971217660362,0.0088038499648577,42.67737898193791,-2.788742490443269,-2.9766882478533963,0.1879457574101271,0.0366110534232661,0.251783846806149,0.0355396749629243,0.1765407576611664,-0.0065145990364102,-0.9966244070289182,-0.0230507217077471,-0.0088143384827956,-0.0102130111024346,-0.0216849785514997,-0.0094616699832944,23.56999969482422,0.0993469733073504,0.2056266299050813,0.1957789816752722,2.3983632761945985,1.4474221671233944,0.2651637550505581,-0.0020086283161639,-0.0019201673476968,0.0367114504404186,0.021230913104832,-0.0019201673476968,-0.0036753713515995,-0.0036753713515995,0.0204384704637388,0.012910308603514,0.012910308603514,-2.1518371691802654,2.481659494888196,0.8855456407688655,0.0001261974206219,6.796734812381862,-0.017287033299449,0.0041714847179061,0.0020561217943126,-0.0001359260725229,-0.0084435947276662,1.4194963632964408,1.590418984437287,-0.000134537858035,137.32925415039062,-0.0200969188397263,-0.0534213678529843,-1.2064322225284334,334.4150695800781,-0.0752955492200893,-0.0507812090573491,-2.0089394109528174,258.16571044921875,-0.0155318723059592,-0.0112137051279098,-0.9368968283802726,0.0,0.0,0.0,0.0,0.0,0.0,0.0,0.0,0.0,0.0,1.0,0.0,0.0,0.0,1.0,0.0,-0.0,-0.0,0.0,0.0,-0.0,0.0,-0.0,-0.0,-0.0,-0.0,0.0,0.0,-0.0,0.0,-0.0,0.0,0.0,0.0,-0.0,-0.0,0.0,0.0,-0.0,0.0,-0.0,0.0,0.0,0.0,-0.0,0.0,0.0,0.0,11.0,0.0,0.0,0.0,0.0,0.0,0.0,0.0,0.0,0.0,0.0,-0.5773502687451815,0.0,0.0,0.0,0.0,-0.0036453297451366,0.0,0.008430196838055,0.0,0.0,0.0048581939250068,0.0134272015166962,0.0207589011710141,0.0371104454356907,1.0236968510828348,607.004638671875,2026-03-10
2026-03-04,609.9808959960938,683.2639770507812,21.149999618530277,88.12191772460938,79.18951416015625,27.40999984741211,603.3991678160902,612.108218610738,602.6701065956436,70943900,0.0152431842135338,0.00569751831205,-0.009615932516239,0.0081877264504632,-0.0093589204887264,0.0110316291928356,0.0108683772182556,0.0116731511736849,0.945042866630703,-0.2687364390226304,-0.0005273921658418,0.0055318945395597,0.0053183985022116,0.0064955035411473,-0.0083864488122548,-0.0010180164578036,0.0403137576525676,-0.001932492826434,-0.0004701495182459,-0.0003079151190501,0.0004408311042458,0.0008293546023132,-0.0381161529908896,0.0055318945395597,0.0053183985022116,0.01547279935658,0.0109077515035778,48.42794998033767,-2.316577621452211,-2.8446661225731598,0.5280885011209482,0.0341363215949393,0.6902812968023551,0.0230419236188381,0.7400795450531309,0.0133440114428505,1.3817707761300242,-0.0069439600643649,0.0070553083530846,-0.0115704719556687,-0.0063812237545833,-0.0025398326156144,21.149999618530277,-0.1026728938322963,0.1795872425292144,0.0644990549031672,0.807634453911301,0.1188189787092803,0.0649546308425754,-0.0031309462583176,-0.0051557362399791,0.0309640464026452,0.0177350190188543,-0.0051557362399791,-0.0014291372561507,-0.0015524737373754,0.0121861124311588,0.0121861124311588,0.0121861124311588,-0.0435948809361926,1.8655378043087163,0.8927455807475696,0.0084105429964789,6.922011138050249,0.0028688950381847,0.0098947276196112,0.0091294614974242,0.0019774191118073,-0.0044833110454922,1.5054768872325588,1.7719458431501351,0.0019545394394296,139.6663360595703,-0.0221662694014014,-0.0157658364832246,-1.321631633008953,341.1676940917969,-0.0719022405084729,-0.0118621098562383,-1.9364078102219944,260.67529296875,-0.0106583057576996,-0.0038815905553444,-0.7469836403045422,1.0,0.0,1.0,0.0,0.999999999,0.0,0.0,1.0,0.0450699590146541,0.0244858637452125,0.9304441213607788,0.0205840952694416,0.2398196002707422,0.0116076863556253,0.7485726951546157,0.2282119139151169,-0.0353396795690059,0.112270250916481,-0.297071099281311,0.248488113284111,0.1219744235277175,0.0793734639883041,0.1706241518259048,-0.1198405772447586,0.3398536443710327,-0.1884119510650634,0.1023447215557098,-0.2708674371242523,0.0638836622238159,-0.1198300868272781,0.0193066280335187,0.0448200702667236,0.1064304485917091,0.0419902876019477,0.1287588328123092,0.013848427683115,-0.2184780538082122,-0.0265134871006011,-0.0422338359057903,0.0128294602036476,0.0264607220888137,0.0785697922110557,-0.065565213561058,-0.0007767288479954,0.0197403244674205,0.0186085812747478,0.0,0.0,0.0,0.0,0.0760706379717055,0.0456423827830232,0.0068613650898136,0.0041168190538883,0.2282119139151169,0.0205840952694416,0.7359607986181681,4.9999978462557175,1.0,0.1552301050207846,0.0,0.0205840952694415,0.2282119139151169,0.0164672762155533,0.0661999806985898,0.0,0.008430196838055,0.0,0.2076278186456752,0.2282119139151169,0.2282119139151169,0.2282119139151169,0.2282119139151169,-0.5022836067890706,606.9247436523438,2026-03-11
2026-03-05,608.1431274414062,679.4544067382812,23.75,87.76606750488281,78.87432098388672,27.479999542236328,606.6350803018902,611.9883154244911,601.5015388569162,89602400,-0.0030128296914716,0.0013483880045024,-0.0005417676692394,0.0090144601395005,0.0052165482425032,0.0095916135321136,0.0108321479202895,0.0109884330779739,0.8728826568054695,0.2630035845224183,0.2554820781931406,0.0026113655632453,0.0013928601367678,0.0032018978785948,-0.0109520771605489,-0.0043841061738533,0.0363916248460709,-0.0001083828956739,0.0002601494594292,-0.0004260231211118,0.0003673213999858,0.000792553058669,-0.0410141452049056,0.0026113655632453,0.0013928601367678,0.0172439284345695,0.0024859214187969,56.41774226592912,-2.066850755562996,-2.689103049171127,0.6222522936081312,0.0342209568663469,0.5935654105494523,0.0227760128394864,0.6146542014025406,-0.0034622923596391,-0.3141107976539729,-0.0074382299122249,-0.0055755468463938,-0.0115914149426622,-0.0071117187185741,-0.0080444192601576,23.75,0.122931462334012,0.2748256076154711,0.1801828563859184,2.038971495804311,1.076563451294294,0.1077425097202273,-0.0040381579170647,-0.0131244273124181,0.0294111751548367,0.0133193760332612,-0.0131244273124181,-0.0057723246738846,-0.0046654973478517,0.0132742880480347,0.0140221090559997,0.0140221090559997,-2.2133018952738546,1.8899434707094704,0.895046262722462,0.0103829009148186,6.929137247804484,0.0051156630015585,0.0137091290424697,0.0150712621243285,0.0111792303713973,0.0127499960394319,1.4658481818490832,1.539963803123158,0.0110496472734228,140.00592041015625,-0.0058860717321315,0.0149146222852023,-0.3006246186324976,337.391845703125,-0.0533631740994298,0.0223379847645077,-1.4539031575763832,255.69601440429688,-0.034700516437972,-0.0144326591183699,-2.450195161002303,0.0,0.0,0.0,0.0,0.0,0.0,0.0,0.0,0.0,0.0,1.0,0.0,0.0,0.0,1.0,0.0,-0.0280491222620295,0.0891089572047778,-0.2357854877542513,0.1972251462143955,0.0968111641105568,0.062998760116697,0.1354244790498115,-0.095117529193403,0.2697420162949018,-0.1495426646620313,0.0812310593304631,-0.2149876273174841,0.0507044963088332,-0.095109202943531,0.0153236808251832,0.0355737133453428,0.0844739030279632,0.0333277133558895,0.1021959533282286,0.0109915043361411,-0.1734061462235605,-0.0210437686574198,-0.0335210177727519,0.0101827493117271,0.0210018890398105,0.0623608854043763,-0.0520391444896716,-0.0006164900952009,0.0156679059128885,0.0147696407455852,0.0,0.0,1.0,1.0,0.0760706379717055,0.0456423827830232,0.0068613650898136,0.0041168190538883,0.0,0.0,0.0,0.0,1.0,-0.6209204200831387,0.0,0.0,0.0,-0.0041168190538882,-0.0204740817730296,0.0,0.008430196838055,0.0,0.0,0.1811319161102663,0.1986700102096916,0.2066969308998789,0.2179062299141761,-1.9317820231428493,596.5078735351562,2026-03-12
2026-03-06,598.9946899414062,670.5487060546875,29.489999771118164,87.43987274169922,78.49019622802734,27.46999931335449,599.5539822531658,605.2368188486739,597.5764953219963,86302300,-0.0150432309224466,-0.0030420947035593,-0.0124158361182086,-0.0148815791560523,0.0045557454678486,0.0117718143345319,0.0115101521405944,0.0110349482480415,1.066775575485425,-0.0368304866833923,0.2118333567128092,-0.01001298310687,-0.0121995148368827,-0.012110844642732,-0.0252044238537779,-0.0195554056205755,0.020109914785231,-0.0024987113182564,0.0002272699735026,-0.0006466420638192,0.0002042799992423,0.000711973084171,-0.0554403908699481,-0.01001298310687,-0.0121995148368827,0.0127886334475301,-0.0009328472970152,48.49950010099397,-2.5774318349311898,-2.66676880632314,0.0893369713919498,0.0326053525949117,0.1285626843789455,0.0319783661881521,0.1868825928142701,-0.0140291993545935,-1.27790238760526,-0.0178280740837526,-0.0131071350708364,-0.0198399468125016,-0.0077330074389293,-0.0208266651170055,29.489999771118164,0.2416842008891859,0.4848942026591474,0.4378351818208903,3.2834062602867684,1.6727349848407589,0.2511667438669476,-0.0037166387016878,-0.0227466053826143,0.0145650109189778,0.0092569755100404,-0.0227466053826143,-0.0113471674124743,-0.0079177633425117,0.0140272852944336,0.0144017500275923,0.0144017500275923,-3.309188039782197,1.6219381752362356,0.8932903524126022,0.0077791345686164,6.850360952729881,-0.0058191737176521,0.0100987995810124,-0.0076020002514554,0.0075743861118902,0.0105712288351276,1.470089880883574,1.4840260717995504,0.007424110694293,137.1195068359375,-0.0105938002409473,0.0122391048942227,-0.5421912704354167,323.1573791503906,-0.0816940496334484,-0.0221260488215705,-2.114622458360841,249.850341796875,-0.0402433090081376,-0.0193096821280598,-2.7228599417600754,1.0,0.0,0.0,0.0,0.0,0.0,0.0,1.0,0.0514678582549095,0.1311056762933731,0.8174265027046204,-0.0796378180384635,0.0989731245553643,0.062911808276169,0.838115075282208,0.0360613162791952,-0.1168822050094604,0.0948990583419799,-0.1647304892539978,-0.0740071237087249,-0.0658090487122535,-0.0451475009322166,-0.0963116139173507,-0.0340944267809391,0.1247727423906326,0.0490260943770408,0.0501636117696762,0.058090154081583,0.042930532246828,-0.1002375185489654,-0.0771221742033958,0.0531202256679534,-0.0112246312201023,0.0908959731459617,-0.0807323455810546,-0.0028745420277118,-0.1220292374491691,0.1509184539318084,-0.0394306890666484,0.112195536494255,0.0002838559448719,0.0552492141723632,0.027903463691473,0.0711988508701324,-0.0221761912107467,-0.0277755297720432,0.0,0.0,0.0,0.0,0.0880910767314373,0.0528546460388622,-0.0196845742563408,-0.0118107445538043,0.0360613162791952,-0.0796378180384635,8.442327761975905,4.221164164213429,2.0,0.1175792701582772,0.0,-0.0796378180384636,0.0360613162791953,-0.067827073484659,-0.2807444520195755,0.0,0.008430196838055,0.0,0.1156991343176586,0.0360613162791952,0.0360613162791952,0.0360613162791952,0.0360613162791952,-1.0105063731078383,592.9722900390625,2026-03-13
2026-03-09,606.99462890625,676.4227294921875,25.5,88.20100402832031,78.96296691894531,27.459999084472656,593.4816386137257,608.5027370453225,590.5853272955466,93068200,0.0133556091551101,-0.0048956731422993,-0.0005426917510853,0.0105585843522242,-0.0031001630224439,0.0137904628422543,0.0116966526128974,0.0103786293173876,1.3287362995433771,0.0783976788567628,0.2931750729882711,0.0033182038261563,-5.264680081795703e-05,0.0012388682398545,-0.0117441005437208,-0.0066981223802881,0.0329492523252477,-0.0001085678123104,-0.0001552489241438,-0.0004460653120781,0.0002438361582772,0.0007950034126586,-0.0428252219067037,0.0033182038261563,-5.264680081795703e-05,0.0295182344233614,0.0227690115638427,54.05271116209311,-2.3099155342785025,-2.595398151914212,0.2854826176357097,0.0323911636501475,0.5382471050819694,0.0317399948514464,0.6045433007058304,0.0149875002025432,0.9684670006666634,-0.0122703605311177,0.008760025013039,-0.0118155809235148,-0.0178823675371977,-0.0121829691599107,25.5,-0.1353000950181722,0.1893656420154019,0.2279392236331978,1.602939976083145,0.2608975483484305,0.2056737806112551,0.0087046248210984,-0.0042404279859805,0.0226949695841389,0.0176117785875002,-0.0042404279859805,-0.0037934421606189,-0.0013702192244622,0.0136581369435473,0.0047566469494879,0.0047566469494879,-0.9135516309460348,1.403651853013454,0.8973598941034115,0.0116109550144456,6.881946930120559,5.708686101213445e-05,0.0166969756355548,0.0129660369550763,0.0114076775091886,0.0037134829921003,1.4544740398374865,1.4152452243170714,0.0112728891724295,139.58644104003906,0.0015766071785772,-0.0097073810217145,0.0790536837053285,336.0033569335937,-0.0445390288056501,-0.034834014871583,-1.1515386425935958,252.5690155029297,-0.0386263135542818,-0.0430156533350508,-2.404790306648789,2.0,1.0,1.0,0.49999999975,0.49999999975,0.0,0.0,1.0,0.0283847227692603,0.1030023600906133,0.8686128854751587,-0.0746176373213529,0.2195421668845479,0.2886727941450775,0.4917849937600394,-0.0691306272605295,-0.0712909828871488,-0.182189461775124,-0.114558458328247,-0.1676426269114017,-0.0484725614078342,-0.0056320112198591,-0.0994820352643728,0.012093486264348,0.0129526816308498,-0.0055221710354089,-0.0676523540169,0.0208843201398849,0.0690780226141214,-0.0001985002309083,0.0629792241379618,0.0651012007147073,0.1166114285588264,-0.0814195312559604,-0.0118445307016372,-0.0130253359675407,0.0445364899933338,-0.0916471695527434,-0.0630907341837883,-0.0067502744495868,-0.0122227165848016,0.1069726310670375,-0.0792300272732973,0.0051677762530744,0.1124711073935031,-0.1188956797122955,0.0,0.0,0.0,1.0,-0.0110231036604448,0.0390285205867563,-0.051418485119939,-0.0267342720180749,-0.2973425411756464,-0.0952017325907945,7.9482080186514175,3.974104064036455,4.0,0.993127065500924,0.2499999999375,-0.074617637321353,-0.0691306272605295,-0.0478833653032778,-0.1269739002777907,-0.0,0.008430196838055,0.0,0.0054870100608234,-0.0691306272605295,-0.0691306272605295,-0.0691306272605295,-0.0691306272605295,-1.2217314810238191,599.6239013671875,2026-03-16
2026-03-10,607.004638671875,675.3356323242188,24.93000030517578,87.26194763183594,78.83493041992188,27.450000762939453,607.0146358319374,612.5176457382476,604.65756151405,64078900,1.6490698843574236e-05,-0.0018720737243568,0.0102895455295806,-0.0001644750070374,-0.0106621898335353,0.0124880315919115,0.0111966459979802,0.0102171541030386,1.222261134921752,-0.311484481272873,-0.1141103029026104,0.0012883736056723,-1.9707682778702384e-05,0.0017958796336463,-0.0112177919242426,-0.0069256647588142,0.0321193841324911,0.0020473937021656,-0.0005359719136169,-0.0005139133823665,0.0002510189160055,0.0008650567984943,-0.0428094374256974,0.0012883736056723,-1.9707682778702384e-05,0.0129489689591093,-1.6469388829025995e-05,51.31615721091663,-2.073200667457741,-2.4909586550229177,0.4177579875651771,0.0304041850885205,0.5590668563692057,0.0278503561203691,0.54626057922218,0.0006405152736291,0.001320520163781,-0.0042430838557649,-0.0016071269053671,-0.0046301922901675,-0.0241660626150538,-0.0135702445359022,24.93000030517578,-0.0223529292087928,0.0577004933373082,0.1790021383412179,1.2708014371305467,-0.0112103342273368,0.0496842233758223,-0.0106467767213042,-0.012859258972849,0.0120379052397321,0.0065980325873027,-0.012859258972849,-0.0046702145039038,-0.0009985130585939,0.0125415029484752,-0.0003641049477987,-0.0003641049477987,-1.3598940247722615,1.2373111740712994,0.8988192087285881,0.0125558685380493,6.956120681982354,0.0120093154879465,0.0148511769346562,0.0148087586853815,0.0149891404221671,0.0234503587384538,1.4820405919817898,1.3791189118191791,0.0149197378197482,139.58644104003906,0.0164363150707609,-0.0250436964185989,0.8281443731255301,338.440673828125,0.0120377477399622,-0.0395724729768841,0.3047086053259725,252.31008911132807,-0.0226816385789638,-0.0506595275973904,-1.2978397496275116,0.0,0.0,0.0,0.0,0.0,0.0,0.0,0.0,0.0,0.0,1.0,0.0,0.0,0.0,1.0,0.0,-0.0565836906154535,-0.144603871639676,-0.0909251086310572,-0.1330580411569357,-0.0384726974851946,-0.0044701302675505,-0.0789589437153014,0.0095986064089945,0.0102805502233101,-0.0043829500553782,-0.0536957089672761,0.016575895879847,0.0548272628827697,-0.0001575497376799,0.0499866433243708,0.0516708572494597,0.0925545521828978,-0.0646227247832346,-0.0094010102479243,-0.0103382160085567,0.0353486355331946,-0.0727404066789664,-0.0500751489063958,-0.0053576963811741,-0.0097011765823116,0.0849042335438107,-0.0628849143205506,0.0041016667302332,0.0892683770962376,-0.094367563524886,0.0,0.0,1.0,2.0,-0.0110231036604448,0.0390285205867563,-0.051418485119939,-0.0267342720180749,0.0,0.0,0.0,0.0,4.0,-0.6149400457638894,0.2499999999375,0.0,0.0,0.0267342720180751,0.4706820980634114,0.0,0.008430196838055,0.0,0.0,-0.054869015218293,-0.0601817065026683,-0.0626132450352691,-0.0660087990127771,-0.7365398600442836,602.5502319335938,2026-03-17
2026-03-11,606.9247436523438,674.4879760742188,24.229999542236328,86.13509368896484,78.65763854980469,27.549999237060547,608.1831666985171,611.6587648578186,604.2681201890963,60114800,-0.0001316217610891,0.0132389382478719,-0.005010242720404,-0.0145779970807538,-0.0061817714448593,0.010113454707315,0.0099890297680437,0.010170327468951,0.9944078736680314,-0.0618627972702402,-0.1724468130285925,0.0021670263091828,0.0013297821187805,0.0019761658295942,-0.0108897202067043,-0.0073149702831424,0.0311472000196129,-0.0010045672135781,-0.0003100478852437,-0.0004621130929191,0.0002665706363106,0.0008550510195537,-0.0429354245332413,0.0021670263091828,0.0013297821187805,0.012177201120928,-0.0020691513923422,52.89121940844179,-1.8704874751538227,-2.366864419049099,0.4963769438952763,0.029549479686805,0.5668765017367391,0.0246623695312062,0.5878677252175989,-0.0045446011770464,-0.0130145189634795,-0.0049105936312825,-0.0012551629285171,-0.0128442319093755,-0.0228138966711702,-0.0145497604078111,24.229999542236328,-0.0280786503959297,0.1456264765606689,0.1287091598092402,0.9383410080555794,-0.5907603091311721,-0.1783655567889613,-0.0129134631239881,-0.0225463095555135,-0.0124278624146626,-0.0063848980981831,-0.0225463095555135,-0.0082585369462103,-0.006716490383763,0.0173559569674537,0.0051076027153518,0.0051076027153518,-1.851863132487364,1.4879426976336811,0.8998303382439533,0.0128358199478548,7.046195895995172,0.0247837604327427,0.0099290317373386,0.0133768161028684,0.0079359199856816,0.0179405602603381,1.4867281519155804,1.2764845762321202,0.0078339891889714,140.25559997558594,0.0042190833714166,-0.0148721040846868,0.210150456022416,341.71710205078125,0.0016103750985183,-0.0265770850565999,0.040954342399861,251.8022308349609,-0.0340387538563264,-0.0500073744538097,-1.826745018736076,0.0,0.0,0.0,0.0,0.0,0.0,0.0,0.0,0.0,0.0,1.0,0.0,0.0,0.0,1.0,0.0,-0.044910505003607,-0.1147721689797481,-0.0721673065456315,-0.1056082372526739,-0.0305358002300261,-0.0035479447445723,-0.0626697551579837,0.0076184189555332,0.0081596781196471,-0.0034787497643157,-0.0426183124504161,0.0131562972784922,0.0435164273883228,-0.0001250473096652,0.0396744250987327,0.0410111865769454,0.0734605967497888,-0.051291090650979,-0.0074615867785594,-0.0082054474837286,0.0280562306155168,-0.0577340990413929,-0.0397446720257384,-0.004252406435801,-0.0076998289560454,0.0673885348219994,-0.049911789572686,0.0032554950411976,0.0708523578550307,-0.0748995848055399,0.0,0.0,2.0,0.0,-0.0230435424201765,-0.0066138621962669,-0.0248725457737845,-0.0308510910719632,-0.0360613162791952,0.0796378180384635,0.0,0.0,3.0,-0.6149400457638894,0.3333333332222222,0.0,0.0,0.0308510910719634,0.4250209422404501,0.0,0.008430196838055,0.0,0.0,-0.0435495662389887,-0.0523912184960199,-0.0567102977247977,-0.0630279475215604,-2.1271510568314973,594.15087890625,2026-03-18
2026-03-12,596.5078735351562,664.2459106445312,27.290000915527344,85.96705627441406,78.15531158447266,27.68000030517578,602.0009473234562,603.3792143506387,596.2981160455262,71836600,-0.0171633637055246,-0.0172765208647561,-0.0191324268601079,-0.0196638291990405,-0.0258517680062005,0.0125232486512558,0.0106975960392096,0.0108157299862237,1.1578735332089003,0.1949902519845363,-0.020027231545485,-0.0112342224125051,-0.0139098434826168,-0.0139326270945702,-0.0274553892083011,-0.024397865453283,0.0126774171058945,-0.0038635640462856,-0.001309589900691,-0.0004289279677535,4.749683536396159e-05,0.0008150089475971,-0.0593618719316508,-0.0112342224125051,-0.0139098434826168,0.0118709217753437,-0.0091246929306716,42.6028050295462,-2.521325895373252,-2.39775671431393,-0.123569181059322,0.0306869678689921,0.0459757655415479,0.033999762228742,0.1695793830285026,-0.0114045234172725,-1.37051996753921,-0.0176465657284114,-0.0151849488693635,-0.0223833945926679,-0.0374300074047894,-0.0291909919580736,27.290000915527344,0.1262897825465081,0.149052670127467,0.2433368638849709,1.7380115807372098,0.4729092112963396,0.0701961143344056,-0.0019508589049379,-0.0204977992248389,-0.0090937855555776,-0.0084339801770905,-0.0204977992248389,-0.0137388542280233,-0.009115887026919,0.0214022109056,0.0072780482631396,0.0072780482631396,-2.813243913673088,1.784952116910765,0.898022650913052,0.0101942961102079,6.93879608522424,0.0100404926699675,0.0145418073075802,0.0141617140078851,0.0033254015066626,0.0013939451730178,1.36860156940904,1.279858503036502,0.0032509677325599,137.6688232421875,-0.0166928452819857,-0.0358817389996011,-0.8290288171332965,329.830078125,-0.0224124194891737,-0.0833148433508326,-0.5351656977181337,246.384765625,-0.036415306671829,-0.0662011669108092,-1.7155641798098251,0.0,0.0,0.0,0.0,0.0,0.0,0.0,0.0,0.0,0.0,1.0,0.0,0.0,0.0,1.0,0.0,-0.0356454914435744,-0.091094730887562,-0.0572792291641235,-0.0838213134557008,-0.0242362807039171,-0.0028160056099295,-0.0497410176321864,0.006046743132174,0.0064763408154249,-0.0027610855177044,-0.03382617700845,0.0104421600699424,0.0345390113070607,-9.925011545419692e-05,0.0314896120689809,0.0325506003573536,0.0583057142794132,-0.0407097656279802,-0.0059222653508186,-0.0065126679837703,0.0222682449966669,-0.0458235847763717,-0.0315453670918941,-0.0033751372247934,-0.0061113582924008,0.0534863155335187,-0.0396150136366486,0.0025838881265372,0.0562355536967515,-0.0594478398561477,0.0,0.0,3.0,0.0,0.0,-0.0066138621962669,0.0,-0.0308510910719632,0.0691306272605295,0.0746176373213529,0.0,0.0,3.0,-0.5696519206762357,0.3333333332222222,0.0,0.0,0.0308510910719634,0.6817873210482785,0.0,0.008430196838055,0.0,0.0,-0.0345653136302647,-0.0456092047734804,-0.0513638586568009,-0.0601817065026683,-0.7124437300605817,592.273193359375,2026-03-19
2026-03-13,592.9722900390625,660.4862060546875,27.190000534057617,85.54202270507812,78.00757598876953,27.88999938964844,598.9747313072235,602.8398528802119,591.8237748266745,63145500,-0.0059271363429629,-0.023117366390338,-0.0100541791162336,-0.022345184194232,-0.0115210948412945,0.0110532495736111,0.0107680211763514,0.0099202415297714,1.1142116274314398,-0.1209842893455425,-0.127740492108217,-0.0151284418851598,-0.0175534220845496,-0.019216917042295,-0.0327989075009601,-0.0301253969635504,0.0060409581203213,-0.0020210127462156,-0.0005793988426695,-0.0004441408157519,-5.8264010414170384e-05,0.0006690215715822,-0.0649371623661014,-0.0151284418851598,-0.0175534220845496,0.0185777282321433,-0.0100211928056815,44.81878042835214,-3.28454982662538,-2.57511533677622,-0.7094344898491598,0.034759262094792,-0.0528574510554484,0.0452884057107051,0.1659533130444515,0.0017786524538164,-0.536234685307282,-0.0199291232655873,-0.0056601095010063,-0.0150063670381302,-0.0278597870840373,-0.0343003408606281,27.190000534057617,-0.0036643597696923,-0.0779925145782168,0.2210621037080116,1.5037654253363428,0.9973217755489024,0.0906538387972917,-0.0049441447428325,-0.0217046294455095,-0.0269218121589079,-0.0133547995434876,-0.0217046294455095,-0.0140178750689249,-0.0061487964414781,0.0299113540703264,0.0152894097849416,0.0152894097849416,-2.509306790628288,2.219083667909155,0.8977814897620513,0.0090807750542005,6.931941416483027,0.0082501577438096,0.0126401018062261,0.0226060500763503,0.0050276344497837,0.0119089292252017,1.3737749735582343,1.278812420076105,0.0049521879218966,136.630126953125,-0.0035690026467061,-0.0173120141950043,-0.1771601920154432,330.9588623046875,0.0241414358997702,-0.0574110567414579,0.5707075078774401,245.56814575195312,-0.0171390441739048,-0.049896066588227,-0.7607064884635826,1.0,0.0,1.0,0.0,0.999999999,0.0,0.0,1.0,0.5221123695373535,0.0183463860303163,0.4595413208007812,0.5037659835070372,0.9103381037712096,0.0165271982550621,0.0731346979737281,0.8938109055161476,0.3589471876621246,-0.0657098591327667,0.071840688586235,-0.2210942059755325,0.1349234580993652,0.1282484531402588,-0.0871477052569389,0.0294275023043155,0.0405542701482772,-0.0056884698569774,-0.0236584208905696,-0.1444842964410781,0.0245285667479038,0.1529610306024551,0.1301374584436416,0.1492590606212616,-0.0693537965416908,0.0195694789290428,0.0810409635305404,0.020393393933773,-0.0903810113668441,0.0227144174277782,-0.0316147208213806,-0.0322178155183792,0.0499503538012504,0.0515830069780349,-0.0486279502511024,0.0461155362427234,0.0061534531414508,-0.0539846830070018,0.0,0.0,0.0,0.0,0.2979369685053825,0.1649360556511235,0.1679219945023455,0.0858296692371368,0.8938109055161476,0.5037659835070372,0.4352475546883013,0.2707601309936078,3.0,0.2929408824778973,0.3333333332222222,0.5037659835070372,0.8938109055161475,0.4179363142699004,3.193663022404669,0.0,0.008430196838055,0.0,0.3900449220091104,0.8938109055161476,0.8938109055161476,0.8938109055161476,0.8938109055161476,-1.983430786249588,581.3269653320312,2026-03-20
2026-03-16,599.6239013671875,667.2078857421875,23.51000022888184,86.20428466796875,78.25381469726562,27.729999542236328,599.2843027330098,603.099499235842,598.3554812666724,49077200,0.0112174066813253,-0.012029238157636,-0.0121429864253393,-0.0126790882778581,-0.0025585216131113,0.0103297664882562,0.0115542568981096,0.0102511869006363,1.0076653153158008,-0.222791806225305,-0.3124998730475679,-0.0016363255741163,-0.0052638332007186,-0.0080889026440075,-0.0216683119764221,-0.0192319652884679,0.0166085011122714,-0.0024434629620476,-0.0001280900111495,-0.000291222698769,-1.449402632294849e-05,0.000747004734295,-0.0544481822437678,-0.0016363255741163,-0.0052638332007186,0.0079116558868865,0.0005666736682889,44.96706636005257,-3.314473657395638,-2.722987000900104,-0.5914866564955341,0.0351851865863616,0.2701048813780368,0.0417113041245031,0.4607702130522673,0.0152271527338706,1.0859302200246264,-0.0195874904484253,0.0101768661114831,-0.0136229067241987,-0.018657787648673,-0.0242866465513654,23.51000022888184,-0.1353438849905975,-0.0780392067105162,0.048944814029467,0.3364952502326968,-1.111591989995587,-0.0297152012776323,0.0077419488334276,-0.0226382837967518,-0.0247437344851039,-0.0057716443791638,-0.0226382837967518,-0.0103387339004548,-0.0089808203687131,0.0146359172940688,0.0098325006105459,0.0098325006105459,-1.6370152795652726,1.4975863627806836,0.8987062565967411,0.0092974120040436,6.955848003109664,0.0105903045530859,0.0129251526843239,0.0144917560767272,0.0015003595571594,0.0107383962328537,1.2973370576162944,1.130893676437143,0.0014799202988593,138.607666015625,-0.0070119634623631,-0.0055889283738335,-0.342892418497271,337.46173095703125,0.004340355515334,-0.0474539598345432,0.1037654265992624,247.8885040283203,-0.0185316138849782,-0.0533921759633849,-0.7789404220917004,1.0,0.0,0.0,0.0,0.0,0.0,0.0,1.0,0.0918045938014984,0.0215029418468475,0.886692464351654,0.0703016519546508,0.0540775470435619,0.0289039593189954,0.917018473148346,0.0251735877245664,0.090305782854557,-0.0056650042533874,-0.011237010359764,-0.2679243385791778,0.2073023468255996,0.0105313770473003,-0.0596702098846435,-0.0647990256547927,0.072230726480484,0.04226715862751,-0.0161808393895626,-0.0453094691038131,0.129855066537857,0.0866162776947021,0.0226124711334705,-0.0892669707536697,-0.0692625045776367,-0.0811435058712959,-0.0016001164913177,-0.0286235325038433,-0.0284132529050111,0.2173623442649841,0.0351705886423587,-0.0592705532908439,0.0963703766465187,0.1327787339687347,-0.0415015295147895,0.0476739853620529,0.0056225508451461,0.0094543434679508,0.0,0.0,0.0,1.0,0.3063281644135713,0.1837968986481426,0.1913558784872291,0.1148135270923375,0.0251735877245664,0.0703016519546508,0.7073494893590353,3.181071942840897,2.0,0.2929408824778973,0.0,0.0703016519546509,0.0251735877245665,-0.0445118751376865,-0.4051416442529012,0.0,0.008430196838055,0.0,0.0451280642300843,0.0251735877245664,0.0251735877245664,0.0251735877245664,0.0251735877245664,-1.9575679722110209,588.0,2026-03-23
2026-03-17,602.5502319335938,668.9630126953125,22.3700008392334,86.44152069091797,78.60839080810547,27.68000030517578,602.3804630878033,605.1369970937805,601.1120429286618,47106600,0.0048802767196804,0.0101295534669609,-0.0073383405240979,0.0028756968165484,0.0033428218209197,0.0108308022808975,0.0111768611874877,0.0103073376686964,1.0507855256362917,-0.0401530649670315,-0.3298216259308181,0.0047262783301962,-0.0006956737848503,-0.0034135783533731,-0.016991830603748,-0.01452442486183,0.0208331916253827,-0.0014730797200885,0.0001668623506164,0.0001017668536264,8.161306909976524e-05,0.0007615276360501,-0.0498336277203205,0.0047262783301962,-0.0006956737848503,0.0066798649337541,0.000281829933395,40.24517917145242,-3.0667069991986864,-2.7917310005598206,-0.2749759986388658,0.0347804208664028,0.4018534489135339,0.0358835758491283,0.6317114646006207,0.0015037588973601,0.4505923146335724,-0.0162429468731573,0.0026305548699752,-0.0094362259651166,-0.017661283694514,-0.0217525083176617,22.3700008392334,-0.0484899778200749,-0.1026875023908802,-0.0065283680370842,-0.0456273281095641,-1.1470820130485495,-0.1802858157287413,0.0027520212465421,-0.0094018866548728,-0.0236921791801834,-0.0031514989229007,-0.0094018866548728,-0.0038692381020517,-0.0028735943649562,0.0080116980348889,0.0083788537648004,0.0083788537648004,-0.716635850799259,1.203839372006787,0.9007227910940312,0.0104921754339966,6.970611196071902,0.0113552990056071,0.0171387556173709,0.0255823404163544,0.0021178701422457,0.0020831314969966,1.2786094170926137,1.1457923728790014,0.0020978854410186,139.36671447753906,-0.0015741254011696,0.0004301388558767,-0.0755250181437189,340.0885009765625,0.0048688803558947,-0.0385212856631478,0.1173477118072857,249.45677185058597,-0.0113087719591078,-0.0476932230358948,-0.4624718818039096,0.0,0.0,0.0,0.0,0.0,0.0,0.0,0.0,0.0,0.0,1.0,0.0,0.0,0.0,1.0,0.0,0.0716757473510678,-0.0044963168556157,-0.0089188210330335,-0.2126516884542355,0.1645359817132167,0.0083587595017791,-0.0473602769710232,-0.0514310207454662,0.0573295655997738,0.0335474660345081,-0.01284274073436,-0.0359621494597568,0.1030660346127974,0.0687473851650699,0.0179475302324358,-0.0708512416401949,-0.0549736863142463,-0.0644036432902414,-0.0012700133007947,-0.0227185128038234,-0.0225516137756266,0.1725206069722548,0.0279149147046105,-0.0470430693223114,0.0764892186336277,0.1053865509904876,-0.0329397858050331,0.0378388672576196,0.0044626215631648,0.0075039173833469,0.0,0.0,1.0,1.0,0.3063281644135713,0.1837968986481426,0.1913558784872291,0.1148135270923375,0.0,0.0,0.0,0.0,2.0,-0.5440330674589522,0.0,0.0,0.0,-0.1148135270923375,-1.0653871474985095,0.0,0.008430196838055,0.0,0.0,0.0199802898178952,0.0219148809738056,0.0228003141165631,0.0240367888791045,-3.1304332172015967,583.97998046875,2026-03-24
2026-03-18,594.15087890625,659.6285400390625,25.09000015258789,85.95716857910156,78.2045669555664,27.850000381469727,600.7325461165636,602.400426051188,593.8112802396884,56128000,-0.0139396727147379,0.0019875951827528,-0.0210468676383555,-0.0259516604433872,-0.0179764190895698,0.0121041311712697,0.0106517776227753,0.0106215568003247,1.1395815377382448,0.1915103191484846,-0.1968348470189891,-0.0050407780695409,-0.0120318948322528,-0.0164210016479493,-0.0303411050125494,-0.0282559054449472,0.0059423590126386,-0.0042543021136629,-0.0009069978884452,-0.000371964011147,-6.062093767335814e-06,0.0006992307292795,-0.0630786359744491,-0.0050407780695409,-0.0120318948322528,0.0144561694957197,-0.0109560689742229,39.68350134006768,-3.5076734543686143,-2.9349194913215797,-0.5727539630470351,0.0380849928874557,0.0688327500421298,0.0264017393104888,0.3090740155313022,-0.0146022044423222,-1.1516457782760394,-0.0213993993898835,-0.0139536453871201,-0.0220306907791654,-0.0362237617682391,-0.0350966394163482,25.09000015258789,0.1215913818198901,0.0354932161204732,0.1008973070794969,0.7197342275826697,-1.7436713993227497e-07,-0.0772342898206018,-0.0056032345098169,-0.0020656517830672,-0.0254756790116515,-0.0086818900862086,-0.0020656517830672,-0.0124378488116222,-0.0057600457195444,0.0160525551443648,0.0108893340369176,0.0108893340369176,-1.4861799958599131,1.6341944910392894,0.9007355546972924,0.0095586908199793,6.9121736875207365,0.0024928105860655,0.0089498891084198,-0.0014211838630879,0.0010059857007105,-0.0190205055965886,1.1821907008141976,1.1153525493098604,0.0009838231408099,137.78868103027344,-0.0175887376029328,-0.0209353359622084,-0.8590416418580643,338.12945556640625,-0.0104988789347799,-0.0542622967891017,-0.266543710079526,245.43634033203125,-0.0252813109789408,-0.0664130036317507,-0.9913952977404934,2.0,0.0,0.0,0.0,0.0,0.0,1.0,0.0,0.034337387420237,0.05149448197335,0.9141681492328644,-0.0171570945531129,0.0876790846730579,0.0741123812057289,0.8382085457806145,0.013566703467329,0.5905569046735764,0.1872834786772728,0.0964588671922683,-0.0122235119342803,-0.0558846518397331,-0.0736670736223459,0.037912817671895,-0.0112402867525815,-0.0740835182368755,-0.0533460918813943,-0.0094208177179098,0.0076997820287942,0.0311958137899637,-0.0482333153486251,0.0103431288152933,0.0165979843586683,0.0177406892180442,0.0315994638949632,-0.0110756158828735,0.0328006111085414,0.0028428509831428,-0.0266078691929578,-0.0331740733236074,0.0141107439994812,-0.0094897393137216,0.0271007232367992,0.0223904522135853,-0.0144413388334214,0.017157063819468,-0.0078175403177738,0.0,0.0,0.0,0.0,0.0129134303972984,0.1865102393416084,0.017714852467179,0.1113821081817149,-0.8802442020488186,-0.5209230780601501,1.5730832686774583,3.099806934879435,4.0,1.1299148324147468,0.0,-0.017157094553113,0.013566703467329,-0.1285392027348279,-1.0736402755118868,0.013566703467329,0.0128883682939625,1.0,0.0307237980204419,0.013566703467329,0.013566703467329,0.013566703467329,0.013566703467329,-1.0712500956966189,587.8200073242188,2026-03-25
2026-03-19,592.273193359375,658.0029907226562,24.059999465942383,86.48106384277344,78.46064758300781,27.57999992370605,588.7676039624899,595.0496606380132,586.3406715242521,75597600,-0.0031602840516394,-0.0122588642498278,-0.0070991186598841,-0.0260957221514606,-0.0173165008591059,0.0097400819509236,0.0106525533918237,0.0106127337490691,0.9177730510769628,0.3468785632839224,0.0705547731477647,-0.0067764719426801,-0.0125483783730538,-0.0186816539846018,-0.03279497600599,-0.0313302377039979,0.0021560075632642,-0.0014248874601211,-0.0008734092552091,-0.0006405735958259,3.565515896923512e-06,0.0006440686502422,-0.0660395736188194,-0.0067764719426801,-0.0125483783730538,0.0147043445683631,0.0059541139378116,39.72349532748121,-3.9629733878921343,-3.1405302706356903,-0.8224431172564439,0.0419265995214443,0.0544200054896736,0.0303749464823481,0.2769058804229266,0.0009260040316364,-0.3244617184024899,-0.0343251463540042,-0.0024643404851918,-0.009398507121884,-0.0360564972600084,-0.0369877067732208,24.059999465942383,-0.0410522391543018,-0.1183584221775224,0.0469062482834681,0.3424596841416188,-0.2107547921500944,0.0233942676182909,0.0060948408647238,0.0059791225922476,-0.0205207467522564,-0.0027465722342174,0.0059791225922476,-0.0052447158431121,0.0039067849944547,0.0036390241315698,-0.0036127305045956,-0.0036127305045956,-0.8134633113261304,0.5696147482822026,0.9001071449673913,0.0078848203657162,6.848588200026713,-0.0068900016924864,0.005654324760304,-0.0116246864360052,0.0023212043173075,-0.0130005096114035,1.1858058591796758,1.0787188127525502,0.0022993884619999,138.25808715820312,0.0042803003769342,-0.0126953278229806,0.2074614513451116,340.0385437011719,0.0309506811331592,-0.0433632926677973,0.793843071586344,247.04251098632807,0.0026695861639807,-0.0624697506498073,0.1004448135090825,0.0,0.0,0.0,0.0,0.0,0.0,0.0,0.0,0.0,0.0,1.0,0.0,0.0,0.0,1.0,0.0,0.4687253258629594,0.1486469955342833,0.0765594536263338,-0.0097018078516112,-0.0443556775596344,-0.0584695950817653,0.0300914233277223,-0.0089214215077361,-0.0588001273913607,-0.0423408211854588,-0.0074773079779053,0.0061113210462169,0.0247601338135962,-0.0382828077621607,0.0082093467810196,0.0131738289157509,0.0140807943636821,0.0250805111142479,-0.0087907221518345,0.0260338622894492,0.0022563723206148,-0.0211186797737667,-0.0263302794459823,0.0111997049344152,-0.0075320110847528,0.021509858287597,0.0177713136989445,-0.0114620982280012,0.0136175705778545,-0.0062047858621189,0.0,0.0,1.0,2.0,0.0045222344891096,0.1865102393416084,-0.0057190315177045,0.111382108181715,-0.0251735877245664,-0.0703016519546508,0.0,0.0,4.0,-0.5440330674589522,0.0,0.0,0.0,-0.1113821081817149,-0.8872724562373585,0.0,-0.0006783351733664,1.0,0.0,0.0107678996778893,0.0118105013455547,0.012287684376411,0.0129540528985214,-3.170456627990232,573.7899780273438,2026-03-26
2026-03-20,581.3269653320312,648.5700073242188,26.780000686645508,84.8402099609375,77.7317886352539,27.68000030517578,590.3156309505814,590.4254777892629,577.8113788279011,91964700,-0.0184817211889275,-0.0352224021779175,-0.019638902024012,-0.0294956281016501,-0.0439382657333503,0.0124458627015448,0.0111433918678896,0.0110527447681649,1.1260426108227706,0.2165029048541222,0.2860897123395371,-0.0213104171305216,-0.0279348649088774,-0.0346815913912521,-0.0497109389662292,-0.0490627940643846,-0.0168360742706841,-0.0039668615724991,-0.0022466396211459,-0.001031183828462,-0.000186076853015,0.0005118622204911,-0.0833007698206882,-0.0213104171305216,-0.0279348649088774,0.0216988024186305,-0.0152268805826397,33.647454665097214,-5.147731145536,-3.5419704456157524,-1.6057606999202472,0.0527491170095573,-0.1574819325405653,0.0551569794265645,0.113640606282762,-0.006740920462955,-1.484968952908713,-0.0447669698835497,-0.0143357758725042,-0.018041555783047,-0.0566972132890812,-0.0499962113553835,26.780000686645508,0.1130507598120842,-0.0150790672805817,0.1460852323505135,1.095158769438664,1.4474970557761846,0.1971390112635882,-0.0189735626381641,-0.0082043038257377,-0.0368481180292769,-0.0214991076893582,-0.0082043038257377,-0.0096624499519677,-0.0035353919157201,0.0076447396094108,-0.0075295478332135,-0.0075295478332135,-2.115594235775116,0.8568822553069912,0.8963210736962542,0.0029737199387949,6.852021766561968,-0.0060258927285342,0.0033927616876938,0.0002424417988406,-0.0016266943375988,-0.0115291871525374,1.2189946331925356,1.1703346176424396,-0.001597346240965,135.1219940185547,-0.0110380702133704,-0.0396792321038574,-0.5273315282675818,332.3522033691406,0.0042100128540156,-0.0743263642795677,0.1070920607170652,241.64535522460935,-0.0159743460021323,-0.0829867709885915,-0.5475028551687545,0.0,0.0,0.0,0.0,0.0,0.0,0.0,0.0,0.0,0.0,1.0,0.0,0.0,0.0,1.0,0.0,0.3720275376794994,0.1179811985415168,0.0607652786122764,-0.0077003299948205,-0.035205124609463,-0.0464073483704745,0.0238835785228234,-0.007080936943216,-0.0466696920384551,-0.0336059320454973,-0.0059347432750085,0.00485055872884,0.019652131231288,-0.0303850846569751,0.0065157628580811,0.010456074939656,0.0111759338927285,0.0199064148633286,-0.0069772007956911,0.0206630901925335,0.001790883897688,-0.0167619072445284,-0.0208983566455845,0.008889211697312,-0.0059781611596864,0.0170723858367092,0.0141051010302807,-0.0090974733924459,0.0108082729302687,-0.0049247418023825,0.0,0.0,2.0,0.0,0.0045222344891096,0.0077480582383789,-0.0057190315177045,0.0106289114803075,0.0,0.0,0.0,0.0,3.0,-0.6030226882464372,0.0,0.0,0.0,-0.0106289114803074,-0.090957770196951,0.0,-0.0006783351733664,1.0,0.0,0.0085464876380847,0.0102816385991823,0.0111292465187213,0.0123690686467645,-3.277998504433857,562.5800170898438,2026-03-27
2026-03-23,588.0,655.3800048828125,26.149999618530277,85.39374542236328,78.24395751953125,27.559999465942383,590.52001953125,595.0800170898438,585.9600219726562,89936100,0.0114789697810722,-0.010352385437135,-0.0193853202660603,-0.031292911010558,-0.0210647354988653,0.0125255674789282,0.0108505455091365,0.0111933363724595,1.1190199189159251,-0.0220584637366293,0.2351981642351912,-0.0061864116815085,-0.0136437091122737,-0.0225739363601336,-0.0379290625435907,-0.0380262860832048,-0.0060695943027764,-0.003915135944422,-0.0010644881371496,-0.0009188303677004,-0.0001294672815221,0.0005550102996137,-0.0727780070591279,-0.0061864116815085,-0.0136437091122737,0.0155101957775297,-0.0042674582535751,41.95188515816726,-5.484974701281885,-3.9305712967489783,-1.5544034045329065,0.0568688913678731,0.1030529905338329,0.0529475738547956,0.3831596760509869,0.0149297649267838,0.9164430181658608,-0.0381544454246638,0.0105000192449378,-0.017727429654429,-0.0369585970294787,-0.0393009882405664,26.149999618530277,-0.0235250579522725,0.1122926143745937,0.1069485703205492,0.8086690429134348,0.7203232263603153,0.0422478859902697,0.006524447095082,-0.0094025401257884,-0.0341289600657495,-0.0150236568275406,-0.0094025401257884,-0.0091056532887386,-0.0001259641817143,0.0036416746104799,-0.0061305473891196,-0.0061305473891196,-0.931221334355791,0.3205781703361098,0.8971894101425011,0.0031278338669524,6.885750204440758,-0.0017984601457308,-0.0001899839317878,0.000552645110289,-0.0016878111653345,-0.0100775345633729,1.153216582981981,1.1663092852965276,-0.0016578906116312,136.9499969482422,-0.011959432800751,-0.0101049171403191,-0.58239473379376,336.43023681640625,-0.0030566255252105,-0.0561140634744611,-0.0813356239283364,246.8629302978516,-0.0041372379670804,-0.0483696345238863,-0.1416773114604286,0.0,0.0,0.0,0.0,0.0,0.0,0.0,0.0,0.0,0.0,1.0,0.0,0.0,0.0,1.0,0.0,0.1860137688397497,0.0589905992707584,0.0303826393061382,-0.0038501649974102,-0.0176025623047315,-0.0232036741852372,0.0119417892614117,-0.003540468471608,-0.0233348460192275,-0.0168029660227486,-0.0029673716375042,0.00242527936442,0.009826065615644,-0.0151925423284875,0.0032578814290405,0.005228037469828,0.0055879669463642,0.0099532074316643,-0.0034886003978455,0.0103315450962667,0.000895441948844,-0.0083809536222642,-0.0104491783227922,0.004444605848656,-0.0029890805798432,0.0085361929183546,0.0070525505151403,-0.0045487366962229,0.0054041364651343,-0.0024623709011912,0.0,0.0,5.0,0.0,0.0,0.0027133406934656,0.0,-0.0034314189106225,-0.013566703467329,0.0171570945531129,0.0,0.0,2.0,-0.6030226882464372,0.0,0.0,0.0,0.0034314189106227,0.0221111301706538,0.0,-0.0006783351733664,1.0,0.0,0.0042732438190423,0.0067833517336645,0.0082689983846086,0.0107678996778893,-5.186626678115713,558.280029296875,2026-03-30
2026-03-24,583.97998046875,653.1799926757812,26.950000762939453,85.01812744140625,77.97802734375,27.649999618530277,584.8099975585938,587.9299926757812,581.9299926757812,57750900,-0.006836767910289,-0.0140023438231027,-0.03081942463992,-0.0379316017312535,-0.0380898379378292,0.0115426794485,0.0108467840064619,0.0109090202877836,1.0580857020992325,-0.357867419200966,-0.2083216639708897,-0.0067458946416464,-0.016588937413884,-0.0273870275304808,-0.0434849655892259,-0.0444094499717778,-0.0133795138440879,-0.0062608664344031,-0.0019417109653496,-0.0010818565041232,-0.0002094314014006,0.0005584863936783,-0.0791172086261803,-0.0067458946416464,-0.016588937413884,0.010274324806792,-0.0014192936052885,32.55505204421691,-6.007375344871548,-4.345932106373493,-1.6614432384980553,0.0619383527743643,0.0578340994916473,0.036758360461212,0.3164799910277596,-0.0021693199692548,-0.5923033164430649,-0.0502221581650812,-0.0033568497522664,-0.02359326258703,-0.0471173649058354,-0.041698993551216,26.950000762939453,0.0305927784351587,0.2047384779563115,0.1232208976884796,0.9681216746819046,0.939021412960824,0.1201164323003394,-0.0043986591652491,-0.0164665456846974,-0.0400889525642602,-0.0190964103491553,-0.0164665456846974,-0.0108695862558322,-0.0080190353456576,0.0072859326059051,-0.0010838398235095,-0.0010838398235095,-1.349313917303204,0.6121923767481895,0.8940567485486653,-0.0008434050108719,6.868887824790353,-0.0043459596696863,-0.0052985740999677,-0.0125404462027161,-0.0074007703716137,-0.0145931781905827,1.1546461343405805,1.131419698969605,-0.0072261620528899,136.14999389648438,-0.0230809816613213,-0.0285114461262949,-1.142632000500277,340.8581237792969,0.0022630074246097,-0.057479603000575,0.0690021619671721,248.18978881835935,-0.0050789682830716,-0.0535732406691927,-0.1772965960447276,0.0,0.0,0.0,0.0,0.0,0.0,0.0,0.0,0.0,0.0,1.0,0.0,0.0,0.0,1.0,0.0,0.0,0.0,0.0,-0.0,-0.0,-0.0,0.0,-0.0,-0.0,-0.0,-0.0,0.0,0.0,-0.0,0.0,0.0,0.0,0.0,-0.0,0.0,0.0,-0.0,-0.0,0.0,-0.0,0.0,0.0,-0.0,0.0,-0.0,0.0,0.0,6.0,0.0,0.0,0.0027133406934656,0.0,-0.0034314189106225,0.0,0.0,0.0,0.0,2.0,-0.6030226882464372,0.0,0.0,0.0,0.0034314189106227,0.0047393334360102,0.0,-0.0006783351733664,1.0,0.0,0.0033916758668322,0.0059052506727773,0.0074894275167,0.0102816385991823,-1.1712538646312067,577.1799926757812,2026-03-31
2026-03-25,587.8200073242188,656.8200073242188,25.32999992370605,85.83855438232422,78.2242660522461,27.700000762939453,589.1400146484375,591.3699951171875,585.6900024414062,60475500,0.006575613863315,0.0111693459608894,-0.0106553264613283,-0.0314779328540087,-0.0455970447215087,0.0117428223650906,0.0112972853702084,0.010415973166036,1.1273858957313057,0.0471784855300956,-0.1736702007373848,0.0019431001063903,-0.0069274922546093,-0.0186965952883401,-0.036267008110716,-0.0379435699087601,-0.0073987672686295,-0.0021425001913932,-0.0023334655862671,-0.0009715524006037,-0.0001946930405777,0.0005426175158779,-0.0730618389767344,0.0019431001063903,-0.0069274922546093,0.0096628093719314,-0.0022405664042467,36.721258651795445,-6.041876551864675,-4.685120995471729,-1.3567555563929456,0.0597686068767723,0.1871836861299481,0.0285769906482934,0.567995266902124,0.0028524985430185,0.5599687280371766,-0.0414168552582758,0.0055727589473859,-0.0042577489365112,-0.0498250871473929,-0.0356132090911412,25.32999992370605,-0.0601113466928415,0.0095655547891022,0.0396699899751364,0.3567205269406089,-0.4413141683851125,-0.0541449113428339,0.009650023655054,-0.0013799221023454,-0.030933556126415,-0.0095787130850205,-0.0013799221023454,-0.0055096047319573,0.0002518918964269,0.0054447016345875,-0.0053859826382651,-0.0053859826382651,-0.7484369058147926,0.7593242600358923,0.8949483888575576,-6.846960593864804e-05,6.847971888087412,-0.0066202649458412,-0.005425410967942,-0.0281320603107876,-0.0064249332776472,-0.0092882213809578,1.1530368752416529,1.236384757158708,-0.0063975775248171,136.75999450683594,-0.0074656823459358,-0.0425141848911573,-0.3632003209736723,345.08612060546875,0.020573969302406,-0.0612427234116033,0.7525432098460518,251.2225799560547,0.0235753173967461,-0.0465342148270234,0.85607084685806,0.0,0.0,0.0,0.0,0.0,0.0,0.0,0.0,0.0,0.0,1.0,0.0,0.0,0.0,1.0,0.0,0.0,0.0,0.0,-0.0,-0.0,-0.0,0.0,-0.0,-0.0,-0.0,-0.0,0.0,0.0,-0.0,0.0,0.0,0.0,0.0,-0.0,0.0,0.0,-0.0,-0.0,0.0,-0.0,0.0,0.0,-0.0,0.0,-0.0,0.0,0.0,7.0,0.0,0.0,0.0,0.0,0.0,0.0,0.0,0.0,0.0,0.0,-0.6030226882464372,0.0,0.0,0.0,0.0,-0.0136427155245718,0.0,-0.0006783351733664,0.0,0.0,0.0026919749194723,0.0051408192995911,0.0067833517336645,0.0098173362908704,-0.5989131312928591,584.3099975585938,2026-04-01
2026-03-26,573.7899780273438,645.0900268554688,27.440000534057617,85.11697387695312,77.7317886352539,27.809999465942383,582.5999755859375,584.6300048828125,573.4299926757812,81492100,-0.0238679002450772,-0.0241667040351296,-0.0312072461480054,-0.0380848208644367,-0.0569997566509228,0.0153228559296253,0.0123702691885572,0.0112967434373003,1.3563957310595849,0.3475225504543162,0.1247840446821335,-0.0157695886714182,-0.0268952742550957,-0.0393371631567338,-0.0580776651947945,-0.0605163257508258,-0.0314633446288229,-0.0063409132559804,-0.0029344369145153,-0.0012933030559634,-0.0004301930266741,0.0004144765339798,-0.095185906537393,-0.0157695886714182,-0.0268952742550957,0.0195193583644249,-0.0151218639337107,34.519248503860496,-7.119258734281061,-5.171948543233596,-1.9473101910474648,0.0688671711470711,-0.0712034123301845,0.0401273682693448,0.1070116393986059,-0.0158123322333673,-1.5576664557202045,-0.0537704204918167,-0.0178587441581387,-0.0196244759510982,-0.0615815949451695,-0.0518873225199957,27.440000534057617,0.0833004586145631,0.1404821755253869,0.1062731949392374,1.0848009594850054,1.1177216734289797,0.0493308196690462,-0.0084062518359429,-0.015773279203645,-0.0429118595796857,-0.0176554140495243,-0.015773279203645,-0.0054189912449007,-0.0092894842217916,0.0046965014210023,0.0083393597850822,0.0083393597850822,-1.6516325209011449,1.2210968701503866,0.889472715652292,-0.0064263590315668,6.741193347132224,-0.0213949331237495,-0.0095208458851978,-0.0284779572226945,-0.0118146260415303,-0.015681312667342,1.211921238487056,1.2499183691543287,-0.0115827701969071,132.5,-0.0416473804647273,-0.0591819609512929,-1.991060868168268,328.69390869140625,-0.0333627914244196,-0.0777674019713194,-1.1948629471441097,246.85296630859372,-0.000767255307508,-0.0680846494671216,-0.0296164279668759,0.0,0.0,0.0,0.0,0.0,0.0,0.0,0.0,0.0,0.0,1.0,0.0,0.0,0.0,1.0,0.0,0.0,0.0,0.0,-0.0,-0.0,-0.0,0.0,-0.0,-0.0,-0.0,-0.0,0.0,0.0,-0.0,0.0,0.0,0.0,0.0,-0.0,0.0,0.0,-0.0,-0.0,0.0,-0.0,0.0,0.0,-0.0,0.0,-0.0,0.0,0.0,8.0,0.0,0.0,0.0,0.0,0.0,0.0,0.0,0.0,0.0,0.0,-0.6030226882464372,0.0,0.0,0.0,0.0,-6.999936780632958e-16,0.0,-0.0006783351733664,0.0,0.0,0.0021366219095211,0.0044753431370626,0.0061438421882055,0.0093740011301027,1.9314187798997275,584.97998046875,2026-04-02
2026-03-27,562.5800170898438,634.0900268554688,31.049999237060547,84.65238952636719,77.53480529785156,27.84000015258789,570.8099975585938,571.02001953125,561.5700073242188,82702200,-0.0195366969915354,-0.0366450291013895,-0.032248544038345,-0.051254120065571,-0.0724540215062247,0.0155395322574656,0.0133401745961055,0.0118966182464514,1.3062141382814134,0.0148492921399743,0.1301174716979378,-0.0287517300270012,-0.0409633626133977,-0.0546275601599075,-0.0750608100823833,-0.0783794890851901,-0.0506332844350438,-0.0065559970088677,-0.0037606456614597,-0.0015834358373396,-0.0005594552671317,0.0002828648998568,-0.1128629853150428,-0.0287517300270012,-0.0409633626133977,0.0167976321944653,-0.0144180734464189,23.755390919668,-8.776472328233694,-5.892853300233616,-2.883619028000078,0.0849077538661198,-0.1433754006264578,0.0756540819459283,0.1199579812818195,-0.0073216872910722,-1.2572254692495044,-0.0795226188014271,-0.0170518835233279,-0.0223260099992744,-0.0731326317739096,-0.066887596649214,31.049999237060547,0.1315597169366786,0.159447290550085,0.2242000943202637,2.2580594271198766,1.6658163436957707,0.152133519779311,-0.0054581868859382,-0.0022138138820824,-0.0539003267823382,-0.0227208371310788,-0.0022138138820824,-0.0060605740522693,-0.0025341413192826,-0.0017927299445945,0.0057803412445118,0.0057803412445118,-1.8242399975351544,1.399295039423379,0.8872242004494977,-0.0089739616144139,6.645766531074868,-0.034316061205029,-0.0117593082870885,-0.0412835118207551,-0.0101491234711718,-0.0301013689847908,1.1969506691020062,1.2063240682569605,-0.0099225340390706,129.9199981689453,-0.0384985130466254,-0.062542926041582,-1.7844182431291342,323.32647705078125,-0.0271571129267783,-0.0812135295582718,-0.9363714960518832,242.5232696533203,0.0036330697434465,-0.0683889839933404,0.1437767613087485,0.0,0.0,0.0,0.0,0.0,0.0,0.0,0.0,0.0,0.0,1.0,0.0,0.0,0.0,1.0,0.0,0.0,0.0,0.0,-0.0,-0.0,-0.0,0.0,-0.0,-0.0,-0.0,-0.0,0.0,0.0,-0.0,0.0,0.0,0.0,0.0,-0.0,0.0,0.0,-0.0,-0.0,0.0,-0.0,0.0,0.0,-0.0,0.0,-0.0,0.0,0.0,9.0,0.0,0.0,0.0,0.0,0.0,0.0,0.0,0.0,0.0,0.0,-0.6030226882464372,0.0,0.0,0.0,0.0,-6.999936780632958e-16,0.0,-0.0006783351733664,0.0,0.0,0.0016958379334161,0.0038960124889133,0.0055646232593606,0.0089506862741253,4.504355013453178,588.5,2026-04-06
2026-03-30,558.280029296875,631.969970703125,30.61000061035156,85.77924346923828,77.62344360351562,27.979999542236328,567.3800048828125,568.0499877929688,555.5999755859375,70602600,-0.007643335458682,-0.0502534409500808,-0.0505441678624575,-0.0689496732469225,-0.0807545425309534,0.0119711672891099,0.0120358265768285,0.0118669631552977,1.0087809428299097,-0.1463032422353939,-0.032139463293116,-0.0261821644902404,-0.041538424057366,-0.0579714954825324,-0.0807385600348614,-0.0848255004435629,-0.0581155910368635,-0.0103732533562314,-0.0042101050187528,-0.0015729812568798,-0.0006857449530329,0.0002613782474789,-0.1196436711160937,-0.0261821644902404,-0.041538424057366,0.0223006583680082,-0.0160385905524059,22.59787209795654,-10.317861237712805,-6.777854887729454,-3.5400063499833507,0.099349125014355,-0.0835128942922857,0.0900074601387181,0.2091111731195511,0.0091078115246782,-0.6384786575621922,-0.086846404187365,-0.0033434623831846,-0.035719787001853,-0.0767565146104929,-0.0689091666700699,30.61000061035156,-0.0141706485513793,0.1705545337240031,0.1854233005052501,1.8416567635933656,0.9473665847804472,0.2084485077990077,0.0133115432319852,0.0045143592773486,-0.0315812874739026,-0.0097569198607803,0.0045143592773486,-0.0080554679179368,-0.0079305026955049,0.0090155068203019,0.0152394805672244,0.0152394805672244,-1.475992185579764,1.9962143244829984,0.8833964510619656,-0.0130377594971725,6.508334728984671,-0.0518878111363709,-0.0170353832772359,-0.0643362640938861,-0.0153735197101186,-0.054811090186322,1.2044447347948848,1.191980994453892,-0.0148243808606044,127.5,-0.0690032651246691,-0.0851474078442995,-2.687670253812734,309.6429748535156,-0.079622040564412,-0.1194975544975922,-2.6546601889172825,239.04153442382807,-0.0316831525275446,-0.090117048977407,-1.3823353556136977,0.0,0.0,0.0,0.0,0.0,0.0,0.0,0.0,0.0,0.0,1.0,0.0,0.0,0.0,1.0,0.0,0.0,0.0,0.0,-0.0,-0.0,-0.0,0.0,-0.0,-0.0,-0.0,-0.0,0.0,0.0,-0.0,0.0,0.0,0.0,0.0,-0.0,0.0,0.0,-0.0,-0.0,0.0,-0.0,0.0,0.0,-0.0,0.0,-0.0,0.0,0.0,12.0,0.0,0.0,0.0,0.0,0.0,0.0,0.0,0.0,0.0,0.0,-0.6030226882464372,0.0,0.0,0.0,0.0,-6.999936780632958e-16,0.0,-0.0006783351733664,0.0,0.0,0.000847918966708,0.0025704096497955,0.0041344991923043,0.0077920249778266,5.286921069783212,588.5900268554688,2026-04-07
2026-03-31,577.1799926757812,650.3400268554688,25.25,85.6902847290039,78.36215209960938,27.780000686645508,564.2899780273438,578.6400146484375,564.2100219726562,95878000,0.0338539127088421,0.0059081105949116,-0.0116442138778636,-0.0421047705456837,-0.0393501542837551,0.0233267859018346,0.017482639471077,0.014466478830378,1.6124714633653254,0.3579953146201415,0.3153756392920008,0.0091794236150357,-0.0047558723113078,-0.0241335976401133,-0.0486998427457844,-0.0535097830207482,-0.0266075756715701,-0.0023425077292624,-0.0020072650453971,-0.0009857737018827,-0.000364303083571,0.0004161199684789,-0.0898401648053811,0.0091794236150357,-0.0047558723113078,0.0250008539084739,0.0228428913331026,36.19434400343571,-9.90023027060886,-7.402329964305335,-2.4979003063035234,0.1012729213315982,0.2616974278732153,0.0825496679347725,0.6111987951579522,0.0318845425105382,1.4512891488788615,-0.0688168843913679,0.0290679256989148,-0.0043479069355423,-0.0414709420124864,-0.041115094963389,25.25,-0.1751061909008567,-0.0630798038891793,-0.0253223243206828,-0.2572647597998005,-0.9633009201053973,-0.0798105135362319,-0.0010370660387821,0.007906046719988,-0.0306385147040204,-0.0108363455087321,0.007906046719988,-0.0031324735942909,0.004926064032962,0.0036127305045956,0.0047016661811492,0.0047016661811492,0.1204695385436613,0.721837727776433,0.8875049494747668,-0.0085561115539058,6.735652641383055,-0.0183361523363579,-0.014674705414315,-0.0337070233986441,-0.0073281691397488,-0.0193969077390435,1.1875359927119502,1.2068978371474133,-0.0072963069423213,132.89999389648438,-0.0238707318817141,-0.0322528530523854,-0.959065407007535,328.5039978027344,-0.0362441881671615,-0.0176758534977692,-1.173230823023867,247.41163635253903,-0.0031353121718872,-0.0416557027576093,-0.1481438396937354,0.0,0.0,0.0,0.0,0.0,0.0,0.0,0.0,0.0,0.0,1.0,0.0,0.0,0.0,1.0,0.0,0.0,0.0,0.0,-0.0,-0.0,-0.0,0.0,-0.0,-0.0,-0.0,-0.0,0.0,0.0,-0.0,0.0,0.0,0.0,0.0,-0.0,0.0,0.0,-0.0,-0.0,0.0,-0.0,0.0,0.0,-0.0,0.0,-0.0,0.0,0.0,13.0,0.0,0.0,0.0,0.0,0.0,0.0,0.0,0.0,0.0,0.0,-0.6030226882464372,0.0,0.0,0.0,0.0,-6.999936780632958e-16,0.0,-0.0006783351733664,0.0,0.0,0.000672993729868,0.0022376715685313,0.00374471375835,0.007440149627538,4.88743706278562,606.0900268554688,2026-04-08
2026-04-01,584.3099975585938,655.239990234375,24.540000915527344,85.6059341430664,78.55416107177734,27.729999542236328,581.47998046875,587.739990234375,580.4199829101562,79435100,0.012353174006878,0.0386255817992904,-0.005971232217159,-0.016562933249837,-0.042084758073578,0.0239988610363309,0.0178215668504661,0.0142996360026944,1.6782846328063366,-0.1714981539039195,0.0834802512154271,0.0229015289198217,0.009251134453249,-0.0099299475746105,-0.0360770698336213,-0.0414826392015,-0.0150804715063215,-0.0011978262625857,-0.002149798945305,-0.000913007788534,-0.0003569789174122,0.0005406782995722,-0.0785968019871506,0.0229015289198217,0.009251134453249,0.0125276092396223,0.0048669209343413,44.160332690098194,-8.891428066179287,-7.700149584680126,-1.191278481499161,0.0975433224840834,0.3981996171369816,0.0747302156637576,0.8064560795979139,-0.0005220199262187,0.5147399900952416,-0.0504301765565721,0.00753446378289,-0.002405555665517,-0.0410148753010045,-0.0331632216545028,24.540000915527344,-0.0281187756226795,-0.0311882751898218,-0.0588866665930074,-0.6620334853253707,-1.0836177794226989,-0.2096617868435571,-0.0009843658030108,-0.0027099738681726,-0.028551166911797,-0.0117661954665185,-0.0027099738681726,0.0044702519279924,0.0042172977284429,-0.0043088272025031,0.0010829883924412,0.0010829883924412,0.6689143790599229,0.3417531326083363,0.8917495975018099,-0.0037589351184947,6.825578196274137,-0.0045307406362243,-0.0099762434697076,-0.0125279680692832,-0.0035742746683202,-0.0032701202895167,1.2319366712633084,1.2302873733377648,-0.0035656765516419,134.91000366210938,-0.0135272807767924,-0.0340549665127054,-0.543537829455357,338.3793334960937,-0.0194351111473496,-0.008172991300146,-0.6241843460867337,248.96792602539065,-0.0089747264400296,-0.044911686144198,-0.4962614728659322,0.0,0.0,0.0,0.0,0.0,0.0,0.0,0.0,0.0,0.0,1.0,0.0,0.0,0.0,1.0,0.0,0.0,0.0,0.0,-0.0,-0.0,-0.0,0.0,-0.0,-0.0,-0.0,-0.0,0.0,0.0,-0.0,0.0,0.0,0.0,0.0,-0.0,0.0,0.0,-0.0,-0.0,0.0,-0.0,0.0,0.0,-0.0,0.0,-0.0,0.0,0.0,14.0,0.0,0.0,0.0,0.0,0.0,0.0,0.0,0.0,0.0,0.0,-0.5353033782125981,0.0,0.0,0.0,0.0,0.0077045158500822,0.0,-0.0006783351733664,0.0,0.0,0.0005341554773802,0.0019480062444566,0.0033916758668322,0.0071041644036919,4.333872834821122,610.1900024414062,2026-04-09
2026-04-02,584.97998046875,655.8300170898438,23.8700008392334,86.13191223144531,78.74220275878906,27.86000061035156,573.969970703125,586.0499877929688,571.9199829101562,50941700,0.0011466223630531,0.0478253739534659,0.0195019133653691,-0.0123139337933866,-0.0380883149499835,0.0203636361998285,0.0178297367842841,0.0143151446483793,1.422523856900747,-0.3587003730089091,-0.2863482014235295,0.0200778720659213,0.0116828037698819,-0.0068457333356309,-0.033971677957385,-0.0400664616153634,-0.0143935890742947,0.0038628375597994,-0.0019416318006469,-0.0010397111116834,-0.0003373378750792,0.0004773382371322,-0.0775403004749203,0.0200778720659213,0.0116828037698819,0.024154681108044,0.0191822052156099,46.06577846786909,-7.946283222967963,-7.749376312337694,-0.1969069106302692,0.093639583477618,0.4268927404267308,0.0863534139990197,0.7325081445668075,-0.0147951689547688,0.0563073458734982,-0.049529930852387,0.0009004744280911,0.0166488238652948,-0.0347696466667223,-0.0314805083629951,23.8700008392334,-0.0273023655785608,-0.1301020271626181,-0.0847918786958604,-0.956041927995074,-0.918921513252711,-0.2201894686940601,0.0061441778965916,0.011924041801103,-0.0186194427971446,-0.0057846000346396,0.011924041801103,0.0035884890636848,0.0129987247337943,0.0101523091885449,0.0017979556047964,0.0017979556047964,1.1599686718512192,1.0800017773003534,0.8919689023453347,-0.0033426100162902,6.79167529564244,-0.0084813755027512,-0.0090414154221067,-0.0083101659381492,0.0028063667936255,0.0074885774536774,1.2333314552308206,1.2031097406850972,0.0028530895000742,135.99000549316406,0.0263396640993514,-0.0286838935469821,1.1448679480622324,339.44879150390625,0.0327200551276329,0.0060966079262958,1.1151935526571457,250.69381713867188,0.0155592654506595,-0.0195630631055347,0.887545388415119,2.0,1.0,0.0,0.49999999975,0.0,0.0,0.0,1.0,0.4212221130728721,0.0206507258117198,0.5581271946430206,0.4005713872611522,0.0525380137756659,0.1692695050956942,0.7781925048864171,-0.1167314913200282,-0.0442215502262115,-0.1175784915685653,0.4026138931512832,-0.0019567990675568,0.1025499962270259,0.2088492587208748,0.0744575522840023,-0.0051862113177776,-0.0440536141395568,-0.0438091233372688,-0.0052585322409868,0.0331986527889966,-0.0081356205046176,0.0267099495977163,-0.1167788561433553,-0.1227500811219215,-0.0141171403229236,-0.0538829304277896,-0.1047094017267227,-0.0372138600796461,0.0613887291401624,0.0178071055561304,-0.0671585854142904,0.0136544629931449,0.0071432292461395,0.0652066022157669,0.015425095334649,0.0182274994440376,-0.0252208914607763,0.0095170447602868,0.0,0.0,0.0,0.0,-0.0389104971066761,-0.0233462982640057,0.1335237957537172,0.0801142774522304,-0.1167314913200282,0.4005713872611522,9.999999409226165,4.999999852306545,2.0,2.0947858702073585,0.49999999975,0.4005713872611522,-0.1167314913200283,0.3204571098089219,2.38804290777977,-0.0,-0.0006783351733664,0.0,0.5173028785811805,-0.1167314913200282,-0.1167314913200282,-0.1167314913200282,-0.1167314913200282,4.363390565470008,611.0700073242188,2026-04-10
2026-04-06,588.5,658.9299926757812,24.170000076293945,85.99297332763672,78.88076782226562,27.82999992370605,586.22998046875,590.6099853515625,584.6900024414062,35108500,0.0060173333255428,0.0196126121276998,0.04607341555471,0.0123390709458519,-0.017520505803537,0.0156239183415128,0.0168305354094077,0.0140654335027249,1.1108023956519746,-0.3108102006803855,-0.4898654558917463,0.017022379676834,0.0165094288153195,2.129793759575449e-05,-0.0272288008873076,-0.0342968236059846,-0.0089802199857991,0.0090087100269063,-0.000883790325169,-0.0009557571898958,7.082291670197178e-06,0.0005563306337116,-0.0719895529834979,0.017022379676834,0.0165094288153195,0.0100594441973768,0.0038722337766398,44.35005865269914,-6.834429913423719,-7.5663870325549,0.7319571191311809,0.0923523347732347,0.5002306161251693,0.0836846098664413,0.7034111135130029,-0.000520204050357,0.3851359696638222,-0.0406905000613662,0.004726797348638,0.0391741941495231,-0.0173271729167405,-0.0262129109309117,24.170000076293945,0.0125680446800595,-0.2215780782549842,-0.0637407823428229,-0.7466312070338057,-0.5422702813450223,-0.0427722742061803,-0.0016130943828954,0.0158363373883494,-0.0165473641337139,-0.0073563829700727,0.0158363373883494,0.0147813295845171,0.0173594622343284,0.005419061303342,-0.0003592036216604,-0.0003592036216604,1.3834902157274005,0.8005492207644901,0.893114604800763,-0.002052640324897,6.84358241408622,-0.0008540026084321,-0.0035773664031666,-0.0012316587371237,0.0066391385044288,0.0297656985219669,1.2353815587087766,1.2413846938165627,0.0068992214051868,136.77999877929688,0.0528017295800062,-0.0024760011501998,2.414024754940442,343.9366760253906,0.0637442351229786,0.0643008583917552,1.6538465833073974,251.76129150390625,0.0380912803286521,0.0076483773977977,1.8135767478220128,0.0,0.0,0.0,0.0,0.0,0.0,0.0,0.0,0.0,0.0,1.0,0.0,0.0,0.0,1.0,0.0,-0.0175493338371881,-0.0466610553011936,0.1597774293813398,-0.0007765562245825,0.0406969929725289,0.0828818832490738,0.0295484992056506,-0.0020581493253923,-0.0174826883570334,-0.0173856621178462,-0.0020868499027877,0.013174894090295,-0.003228623136861,0.0105998505223581,-0.0463437197724013,-0.04871340197553,-0.0056023908498479,-0.0213834551110506,-0.0415539536129901,-0.0147683301595569,0.0243621333040211,0.0070667545230775,-0.0266519022838352,0.0054187772298448,0.0028347924049429,0.025877257238145,0.0061214531402329,0.0072335879480537,-0.010008917409103,0.0037768417160269,0.0,0.0,4.0,2.0,-0.0389104971066761,-0.0233462982640057,0.1335237957537172,0.0801142774522304,0.0,0.0,0.0,0.0,2.0,-0.5443310532110772,0.49999999975,0.0,0.0,-0.0801142774522303,-0.7404697144199128,0.0,-0.0006783351733664,0.0,0.0,-0.0463249230298074,-0.0670446360278335,-0.0785544683269441,-0.0970316392584703,4.792401200797518,617.3900146484375,2026-04-13
2026-04-07,588.5900268554688,659.219970703125,25.780000686645508,85.98304748535156,78.90056610107422,27.75,585.6400146484375,588.97998046875,578.4000244140625,49948200,0.0001529768147301,0.0073249290868855,0.0542917460199456,0.0010034470331101,-0.0303208647561589,0.0138136764853706,0.0164502753363481,0.01367089987846,1.0104437599379894,0.4226811171083926,-0.250769957237598,0.0066323717436762,0.0165613286725463,0.0017407208300712,-0.0262457267852941,-0.0339920527364814,-0.0093470071298437,0.0105738421395664,-0.0015395025307836,-0.0008581199963206,-0.0001666371947207,0.0005579463795635,-0.0718475889012769,0.0066323717436762,0.0165613286725463,0.0179750854957749,0.0050372449512387,42.69912041133442,-5.878252899943732,-7.228760206032666,1.350507306088934,0.0876295269358472,0.519864546699489,0.0317852530583694,0.7086619141114526,-0.0022886662142317,0.0110743004454934,-0.0396721422326271,0.0004400741058487,0.0431191374009145,-0.0254319644196124,-0.0251021341689438,25.780000686645508,0.0666115269039928,-0.1577915657431469,-0.0019163981696617,-0.0224724572331927,1.34859744714143,0.0505297361392342,-0.0001154262017123,0.002375912958318,-0.0251466133226395,-0.0075195448095015,0.002375912958318,0.0083918119987611,0.0164527936184055,0.0068940688584704,-0.0082201410292783,-0.0082201410292783,1.453821854054956,0.1598840273094405,0.8928583068071766,-0.0020880485019951,6.845419464293161,-0.000319237019943,-0.004827412457573,-0.0058571308790126,0.0107107694782297,0.0517927779293978,1.2400384675393423,1.1665125834724013,0.0111726086190311,137.42999267578125,0.0778822954963236,-0.0154488383555767,3.5969891652850587,347.5949401855469,0.1225668541325226,0.0344984150091216,2.8863859063407102,252.3099822998047,0.0555068720921578,-0.0010255937475512,2.3241098874662254,0.0,0.0,0.0,0.0,0.0,0.0,0.0,0.0,0.0,0.0,1.0,0.0,0.0,0.0,1.0,0.0,-0.0139289154972468,-0.0370349041355305,0.1268154297403567,-0.0006163530839073,0.0323012247282674,0.0657833943293426,0.0234526593615656,-0.0016335542021177,-0.0138760189445935,-0.0137990091675164,-0.0016563338654925,0.010456920369252,-0.002562559881931,0.0084131069349484,-0.0367830347594146,-0.038663852770453,-0.0044466205642928,-0.0169720595689982,-0.0329813948393491,-0.0117216314155471,0.0193362380174963,0.0056088867819671,-0.0211536288611568,0.0043008863375184,0.0022499762228589,0.0205387926809416,0.0048586005771898,0.0057413025591225,-0.0079440830121364,0.0029976812565692,0.0,0.0,5.0,0.0,-0.0389104971066761,-0.0233462982640057,0.1335237957537172,0.0801142774522304,0.0,0.0,0.0,0.0,2.0,-0.4685212849341116,0.49999999975,0.0,0.0,-0.0801142774522303,-0.722390539775253,0.0,-0.0006783351733664,0.0,0.0,-0.036768115774931,-0.0583657456600141,-0.0711486408973828,-0.0926498460596148,6.576519370937602,628.5999755859375,2026-04-14
2026-04-08,606.0900268554688,676.010009765625,21.040000915527344,86.26092529296875,79.36573791503906,27.530000686645508,608.7100219726562,609.9000244140625,602.1199951171875,63086000,0.02973207020427,0.0360867843200429,0.0500884205040819,0.0378609663450644,-0.0015067624827503,0.0121040111011826,0.0186274323912251,0.0153502682680044,0.788521093008566,0.2630284975234342,-0.0529958878741486,0.0264118184776802,0.0428036946929546,0.0316048364814522,0.0032529190715482,-0.0054013827599559,0.0194054318333913,0.0097748741255712,-7.539493954572733e-05,-0.0005349918602606,0.0001332117752713,0.0007248965121204,-0.0442516962542271,0.0264118184776802,0.0428036946929546,0.0128364252044197,-0.0043041760815713,55.70121928116215,-3.666111332118248,-6.516230431249783,2.8501190991315344,0.0871511748284663,0.8626438374887981,0.060539484607064,0.9362742538874927,0.017703142097589,2.4563814011194727,-0.0052568171901742,0.0254695546383276,0.0394716330690516,0.0009985811633916,0.0001266756617206,21.040000915527344,-0.1838634462711076,-0.166732637008818,-0.1792470977414154,-1.8795504373567324,-1.626485890228195,-0.1185588531297656,0.0032317743525493,0.0066593379374277,-0.0114714645505114,-0.0043050001301304,0.0066593379374277,0.017796174365525,0.0128070221215208,-0.0043399252636642,-0.0089992798351578,-0.0089992798351578,2.226450233510794,-1.6453459430807569,0.8965696041477289,0.0021859092644929,7.026240731791362,0.0255621670231847,0.0028106220361769,0.0229080618310739,0.0102136384459903,0.0431417868289358,1.219461210125686,1.176340299148295,0.0106167874350302,141.69000244140625,0.0661400221866705,0.0150699551166564,2.7840366097667517,370.2241821289063,0.1270005376044911,0.09391160920842,2.4317610600057646,259.85205078125,0.0502822527352129,0.0298916372963353,1.6844679023309792,1.0,1.0,0.0,0.999999999,0.0,0.0,1.0,0.0,0.0271758940070867,0.0513251647353172,0.9214990139007568,-0.0241492707282304,0.045175202190876,0.5416623950004578,0.4131623804569244,-0.4964871928095817,0.7081227898597717,0.0522766970098018,0.2155676931142807,0.0753189250826835,-0.1134808883070945,-0.1785664111375808,-0.02590873837471,0.0590246357023716,0.0244705751538276,-0.0036546736955642,0.0783066004514694,0.0293442644178867,-0.0707961469888687,0.0060817189514636,0.0242743082344532,-0.1380585730075836,0.013734558597207,-0.0306246615946292,0.0155817419290542,-0.0533619187772274,-0.0376962162554264,-0.0548122897744178,0.0419593714177608,0.0044448524713516,0.0224779583513736,-0.0359321311116218,-0.0682220011949539,0.0668153315782547,-0.0353773757815361,-0.0628044158220291,0.0,0.0,0.0,0.0,-0.1654957309365272,-0.1226437368259221,-0.0080497569094103,0.0752844233065843,-0.3797557014895534,-0.4247206579893827,7.619047440523509,3.809523747054222,3.0,0.994134845251968,0.6666666664444444,-0.0241492707282305,-0.4964871928095817,-0.0994336940348147,-0.8090681483692789,-0.4964871928095817,-0.4723411683424691,1.0,0.4723379220813513,-0.4964871928095817,-0.4964871928095817,-0.4964871928095817,-0.4964871928095817,5.0368906082877904,637.4000244140625,2026-04-15
2026-04-09,610.1900024414062,679.9099731445312,19.489999771118164,86.04259490966797,79.4548110961914,27.479999542236328,605.9299926757812,610.5,603.030029296875,37837500,0.0067646313324261,0.0368564187619477,0.0442915661052287,0.0380558586615937,0.0053800060439337,0.0120765865959371,0.0186305690913225,0.0154235850644208,0.7829947293382972,-0.4002235044225343,-0.4223505565357551,0.0243759043407474,0.0458326213250368,0.0382947371859265,0.0104908977495867,0.001196609861211,0.0256069601613884,0.0086677456696422,0.0002682792755,-0.0004364521287558,0.0001307937555824,0.0007074562205323,-0.0377864113327953,0.0243759043407474,0.0458326213250368,0.0122420404681119,0.0070305312777352,58.37787946885975,-1.5641093580818506,-5.525806216616196,3.9616968585343457,0.0890211337596154,0.9301757972363518,0.0776765574423424,0.8138128818188308,-0.0055208415882231,0.5601442691230024,-0.0054459383664932,0.0057690911710883,0.037650301077216,0.0080386860294687,0.0062278925315508,19.489999771118164,-0.0736692527073652,-0.2057865100246945,-0.232616760630258,-2.115251429302924,-1.3274976713003044,-0.1936284770543277,-0.0025310461551306,0.0051008235699152,-0.0010738802889201,-0.0068251370116739,0.0051008235699152,0.0157309886822514,0.0114653382090239,-0.0079422821170991,-0.0090155068203019,-0.0090155068203019,2.066866306069433,-1.9240492682058343,0.8974570554088572,0.0033109846955441,7.091720130965549,0.0347758589078748,0.0028031410330846,0.035594223641916,0.0064002921033399,0.038991851977711,1.2194254187880769,1.16888074915823,0.0066412650280127,142.07000732421875,0.0530724443536601,0.0129364342596562,2.102078740461042,378.4502868652344,0.1184202148373911,0.1074958923448741,1.9340206929982848,261.3385009765625,0.0496874241941922,0.0378720637620242,1.4099737946074282,0.0,0.0,0.0,0.0,0.0,0.0,0.0,0.0,0.0,0.0,1.0,0.0,0.0,0.0,1.0,0.0,0.562037430773029,0.0414920419133911,0.1710961914099836,0.0597806704546829,-0.0900698407384838,-0.1417282544429909,-0.0205637792755918,0.0468478844029922,0.0194223083707264,-0.0029007164344696,0.062151989966358,0.0232905581030932,-0.0561909391027127,0.0048270635306642,0.0192665312135856,-0.1095771620127333,0.0109011263827626,-0.0243068100157423,0.0123672367648388,-0.0423533830010061,-0.0299195066695423,-0.0435045432243483,0.0333031751642389,0.0035278817444335,0.0178407673665339,-0.0285193513630239,-0.0541478382321228,0.0530313638174627,-0.0280790417657423,-0.0498478978720686,0.0,0.0,1.0,1.0,-0.1654957309365272,-0.1226437368259221,-0.0080497569094103,0.0752844233065843,0.0,0.0,0.0,0.0,3.0,-0.5353033782125981,0.6666666664444444,0.0,0.0,-0.0752844233065842,-0.5801874544955768,0.0,0.0241460244671126,1.0,0.0,-0.3940621460773341,-0.4322172053696927,-0.4496801995315951,-0.4740666275032812,4.843184800970946,640.469970703125,2026-04-16
2026-04-10,611.0700073242188,679.4600219726562,19.229999542236328,85.83418273925781,79.13809204101562,27.440000534057617,611.8400268554688,613.6699829101562,609.5800170898438,34038500,0.0014421817455081,0.0381929347135712,0.0445998627757526,0.0649715588010817,0.0244123077584226,0.0120306238124067,0.0159685289477551,0.014860532115568,0.8095687899516409,-0.100403039312851,-0.4649096779137789,0.0169449122195572,0.0406913059260545,0.0385054999755174,0.0123500429783365,0.0024677178740895,0.0264538762091961,0.00872678113094,0.0012059544936594,-0.0003877004364548,0.0001737182990054,0.0006387806679744,-0.0363987244599397,0.0169449122195572,0.0406913059260545,0.0066931215266509,-0.0012585308208871,65.353143407326,0.1707827131748445,-4.386488430657988,4.557271143832833,0.0949744011431523,0.9054303002919608,0.0760425816613415,0.7228345204667311,-0.0112887964923489,0.1198758807623086,-0.0043562117300738,-0.0006617805145495,0.0360306851883167,0.0229043357050739,0.005870148685503,19.229999542236328,-0.0133401863486486,-0.1943863064039208,-0.2306461557592842,-1.8759416145063663,-0.9319220179837272,-0.2540729623720372,-0.0024221976409354,-0.0034566687825003,-0.0015456331868816,-0.0091629991092694,-0.0034566687825003,0.0180917412355017,0.0050276632905392,-0.0133045285505267,-0.0150753792926296,-0.0150753792926296,1.3185200163429522,-1.917393640232621,0.8993465215953651,0.0053489142358842,7.119191769792839,0.037418981446045,0.0111007406627781,0.0560729240649089,0.0082711619548976,0.0482232232687176,1.1865314634876931,1.1349746122667437,0.0085691775874359,142.6199951171875,0.0487535065535145,0.0359643654852042,1.7077935647467768,386.41650390625,0.1383646475636466,0.1715623575112659,1.8608709069497007,260.6800537109375,0.0398343951448221,0.0580201785190528,0.9677654183570722,0.0,0.0,0.0,0.0,0.0,0.0,0.0,0.0,0.0,0.0,1.0,0.0,0.0,0.0,1.0,0.0,0.4460894044273051,0.0329322554908128,0.1357991371159801,0.0474479495835639,-0.0714884799694387,-0.1124897900982102,-0.0163214824272581,0.0371831904918972,0.0154154963696709,-0.0023023001597692,0.0493300671272568,0.0184857282168883,-0.0445987779213636,0.0038312428632468,0.015291855958112,-0.0869714511253513,0.0086522297438178,-0.0192923278944902,0.0098158823252225,-0.0336159023651046,-0.0237471281808005,-0.0345295788398632,0.026432747644797,0.0028000815961665,0.0141602264427779,-0.0226358241775574,-0.0429771676857378,0.0420910213555743,-0.0222863502185992,-0.0395643027602625,0.0,0.0,2.0,0.0,-0.1654957309365272,-0.0992974385619164,-0.0080497569094103,-0.004829854145646,0.0,0.0,0.0,0.0,1.0,-0.5353033782125981,0.999999999,0.0,0.0,0.0048298541456462,0.0345204751762724,0.0,0.0241460244671126,1.0,0.0,-0.3127673326120032,-0.3762669316008625,-0.407285998066681,-0.452658538965635,5.998999667652219,648.8499755859375,2026-04-17
2026-04-13,617.3900146484375,686.0999755859375,19.1200008392334,86.09221649169922,79.43501281738281,27.3799991607666,609.47998046875,626.739990234375,608.1099853515625,32972100,0.0103425258128657,0.0186440747946234,0.0490909339820517,0.0974261365380857,0.0411785255728669,0.0119336647586367,0.0131098323014811,0.014888732818383,0.8015231452322854,-0.0313292301364631,-0.4690821220645287,0.0176769404371355,0.0417306549644427,0.0470737173811013,0.0228592674329874,0.0126281581612754,0.0363890349813094,0.009584802401595,0.0020176634617836,-3.72055815191492e-05,0.0002049197246178,0.0006774617569629,-0.0264326533943563,0.0176769404371355,0.0417306549644427,0.0301754230563982,0.0129783330596091,65.22640745753279,2.0322425246306466,-3.102742239600261,5.134984764230908,0.104374722740462,0.951006873552658,0.0717661286809661,0.7463131391093677,0.0041278342146579,0.8666679645674347,0.0102107437671197,0.0097723977843517,0.0412334894634625,0.0387801732972592,0.0157595537294668,19.1200008392334,-0.0057201614987734,-0.2089366661613547,-0.2224955525383349,-1.6621762895054666,-0.6429099861600555,-0.091254752507021,0.0030061887258279,0.0011540845748452,0.0064318538330334,-0.0060699637453517,0.0011540845748452,0.0245078002354113,0.0070263640988639,-0.0165230240409509,-0.0161696286084476,-0.0161696286084476,1.6144830380047352,-1.9855937731597944,0.8998543020223534,0.0058000164315923,7.171264021387631,0.0431879959394396,0.0142355241960903,0.0790725174975068,0.0075462848612737,0.0478815900027653,1.1971255694224416,1.1309649868555474,0.0078574445185892,145.61000061035156,0.0645562356328315,0.0657239648200529,1.865509868511893,393.1532897949219,0.1430978933049231,0.1879219279916937,1.6563007440799342,264.4411315917969,0.0503645338492946,0.0768543728750033,1.048680926963844,0.0,0.0,0.0,0.0,0.0,0.0,0.0,0.0,0.0,0.0,1.0,0.0,0.0,0.0,1.0,0.0,0.2230447022136525,0.0164661277454064,0.06789956855799,0.0237239747917819,-0.0357442399847193,-0.0562448950491051,-0.008160741213629,0.0185915952459486,0.0077077481848354,-0.0011511500798846,0.0246650335636284,0.0092428641084441,-0.0222993889606818,0.0019156214316234,0.007645927979056,-0.0434857255626756,0.0043261148719089,-0.0096461639472451,0.0049079411626112,-0.0168079511825523,-0.0118735640904002,-0.0172647894199316,0.0132163738223985,0.0014000407980832,0.0070801132213889,-0.0113179120887787,-0.0214885838428689,0.0210455106777871,-0.0111431751092996,-0.0197821513801312,0.0,0.0,5.0,0.0,0.0,-0.0992974385619164,0.0,-0.004829854145646,0.4964871928095817,0.0241492707282304,0.0,0.0,1.0,-0.4685212849341116,0.999999999,0.0,0.0,0.0048298541456462,0.2759821761257173,0.0,0.0241460244671126,1.0,0.0,-0.1563836663060016,-0.2482435964047908,-0.302612333586265,-0.3940621460773341,4.652069417352456,646.7899780273438,2026-04-20
2026-04-14,628.5999755859375,694.4600219726562,18.36000061035156,86.5487289428711,79.67254638671875,27.31999969482422,620.219970703125,628.5999755859375,620.0999755859375,49921100,0.0181570169123699,0.0301708862335861,0.0679759202584882,0.1259581976765798,0.0483237478570857,0.0110189420676286,0.0118585044944243,0.0151896168780242,0.7254258899804484,0.5140406586174371,-0.1967145189203193,0.0226658457787023,0.0482081959459645,0.0634723682956122,0.0412127518162253,0.0307521936537249,0.0544597871819685,0.0131530387418752,0.002359622895197,0.0002028136596884,0.0002505203655091,0.0007208984738504,-0.0087555746167066,0.0226658457787023,0.0482081959459645,0.0135221131564265,0.0135113431986273,71.51399041800568,4.361733647997653,-1.6098470620806788,5.971580710078332,0.1189903849490412,1.0334243462007018,0.0571120099655442,0.8968665398464641,0.0081000548345078,1.6478002291990592,0.0037538403659918,0.0121848807523701,0.0534571961343102,0.0408450451693238,0.0280323233037411,18.36000061035156,-0.039748964201003,-0.2878200108092951,-0.2455001075460402,-1.6731758799616363,-1.105397242319551,-0.0579784081086098,0.0053025984203332,0.006578988231557,0.0039956746492246,-0.0007760848139661,0.006578988231557,0.0263979886497887,0.0097842173230493,-0.0235882722734083,-0.0154955064928209,-0.0154955064928209,1.7349385450285366,-1.981878347930175,0.90516366053781,0.0113694934676151,7.262960222106352,0.0541720868034782,0.0246403632816016,0.1159475541048895,0.0137819782117913,0.0609956424133177,1.1572277243565612,1.1389087696670626,0.0145187241241779,147.94000244140625,0.0764753716491839,0.0673291506454574,1.9395535956327532,401.049560546875,0.1537842303826226,0.1884297499734579,1.6071078028944152,268.0824890136719,0.0625124165524519,0.0814639834328279,1.1662530320771791,0.0,0.0,0.0,0.0,0.0,0.0,0.0,0.0,0.0,0.0,1.0,0.0,0.0,0.0,1.0,0.0,0.0,0.0,0.0,0.0,-0.0,-0.0,-0.0,0.0,0.0,-0.0,0.0,0.0,-0.0,0.0,0.0,-0.0,0.0,-0.0,0.0,-0.0,-0.0,-0.0,0.0,0.0,0.0,-0.0,-0.0,0.0,-0.0,-0.0,0.0,0.0,6.0,0.0,0.0,-0.0992974385619164,0.0,-0.004829854145646,0.0,0.0,0.0,0.0,1.0,-0.4016096638060887,0.999999999,0.0,0.0,0.0048298541456462,0.2490372079151473,0.0,0.0241460244671126,1.0,0.0,-0.1241217982023954,-0.2161086026848463,-0.2740831516272037,-0.3762669316008625,2.471595821985217,644.3300170898438,2026-04-21
2026-04-15,637.4000244140625,699.9400024414062,18.170000076293945,86.1716079711914,79.6329574584961,27.290000915527344,629.0800170898438,637.8300170898438,628.2000122070312,50102400,0.0139994418865865,0.0430883806671167,0.0516589882216624,0.1043349258506065,0.0578371571920819,0.0064469763816383,0.0091436213320575,0.0154011229801366,0.4186042778405834,0.0036317308713149,-0.1957357092613098,0.02652476028173,0.0523153223067487,0.0751907651534091,0.0552961465986892,0.0447884609268229,0.0684031508470623,0.0100737812165755,0.0028113202946203,0.0004484639614463,0.0003685532530873,0.0007733211288696,0.0,0.02652476028173,0.0523153223067487,0.0151082593566967,0.0132256741562186,72.81429658734416,6.839125361733863,0.0799474226822296,6.759177939051634,0.136950544929969,1.049035896073716,0.075894039602392,0.8494972783197854,-0.000363351669119,2.171473708975358,0.0069639616270897,0.0078909948670389,0.0353988732860299,0.0463059827796528,0.0358847584988051,18.170000076293945,-0.0103486126220765,-0.1364068780584206,-0.2468081629065153,-1.5636808435312144,-1.222491821540295,-0.0551221784282534,-0.0043573253620929,-0.0010354319928055,-0.0031224892571206,-0.0051302884943663,-0.0010354319928055,0.0162170808845492,0.0033669383096153,-0.0176385802378226,-0.0087177539096315,-0.0087177539096315,1.4940379243283088,-1.839869733089232,0.9106495159453626,0.0169350576205067,7.3968681729503745,0.0702970849590842,0.0260782393205727,0.0981665128490874,0.0157042038147365,0.052749038256268,1.2020287509736465,1.3188668287994825,0.0162601149356325,150.3000030517578,0.0607664652551056,0.0784497834738064,1.3669325939234291,401.6692504882813,0.0849352091982644,0.1810727188213947,0.829395503050346,268.7509155273437,0.034245889995246,0.0773446378449658,0.5940570042904534,0.0,0.0,0.0,0.0,0.0,0.0,0.0,0.0,0.0,0.0,1.0,0.0,0.0,0.0,1.0,0.0,0.0,0.0,0.0,0.0,-0.0,-0.0,-0.0,0.0,0.0,-0.0,0.0,0.0,-0.0,0.0,0.0,-0.0,0.0,-0.0,0.0,-0.0,-0.0,-0.0,0.0,0.0,0.0,-0.0,-0.0,0.0,-0.0,-0.0,0.0,0.0,7.0,0.0,0.0,0.0,0.0,0.0,0.0,0.0,0.0,0.0,0.0,-0.4016096638060887,0.0,0.0,0.0,0.0,0.1374114780233354,0.0,0.0241460244671126,0.0,0.0,-0.0985155365193335,-0.1881334658004313,-0.2482435964047908,-0.3592753204682186,2.740569782030188,655.1099853515625,2026-04-22
2026-04-16,640.469970703125,701.6599731445312,17.940000534057617,85.62577819824219,79.52408599853516,27.3700008392334,639.2100219726562,642.1799926757812,635.260009765625,42320600,0.0048163573446433,0.0373831055039495,0.0496238354292382,0.0961133189217759,0.0779584671862172,0.0067536552923299,0.0092392124421828,0.0148822993634306,0.4538045280234602,-0.1553179089225266,-0.3130393891331579,0.0215060179963695,0.0476699376337734,0.0761650776142728,0.0594090012171344,0.0492970896394091,0.0727319874928715,0.0096863696019418,0.0037534472044012,0.0008864800094081,0.0004892659540527,0.0007650649165157,0.0,0.0215060179963695,0.0476699376337734,0.0108045392082306,0.0019711029038318,84.12490668232634,8.947059025335875,1.8533697432129588,7.0936892821229165,0.1541026650849587,0.9942489318551508,0.0805891223039541,0.7668600597889166,-0.0076446778233398,0.7131481283868728,0.0018448987280892,0.0024573116226043,0.0319895292893086,0.0637198522413533,0.0377666220143748,17.940000534057617,-0.0126582026015731,-0.0795279248467442,-0.24515598338104,-1.441941040968117,-1.0785424127087893,-0.0617154944237487,-0.0063342182628377,-0.0048443066118981,-0.0038552966126893,-0.011543119978647,-0.0048443066118981,0.0123472125922339,0.0008718780069829,-0.012982283048891,-0.0040028640769758,-0.0040028640769758,1.2023564776963482,-1.286345842170134,0.912792513776752,0.0186424143043293,7.479873283257041,0.0778805279245618,0.0235973375641467,0.0958592910619737,0.0170876793217793,0.0547332868645853,1.189876914125137,1.2737691841987495,0.0176343061399295,152.02000427246094,0.0700358727055967,0.1032836887310122,1.3724793866708145,405.75732421875,0.0721548861270637,0.2000058484672955,0.6655613021234411,269.3095703125,0.0305009376963265,0.0972685216385338,0.49488677583651,0.0,0.0,0.0,0.0,0.0,0.0,0.0,0.0,0.0,0.0,1.0,0.0,0.0,0.0,1.0,0.0,0.0,0.0,0.0,0.0,-0.0,-0.0,-0.0,0.0,0.0,-0.0,0.0,0.0,-0.0,0.0,0.0,-0.0,0.0,-0.0,0.0,-0.0,-0.0,-0.0,0.0,0.0,0.0,-0.0,-0.0,0.0,-0.0,-0.0,0.0,0.0,8.0,0.0,0.0,0.0,0.0,0.0,0.0,0.0,0.0,0.0,0.0,-0.3144854503572356,0.0,0.0,0.0,0.0,0.0680805290852935,0.0,0.024824359640479,0.0,0.0,-0.0781918331530008,-0.1637796946274175,-0.2248400997657975,-0.3430510232413027,1.6952333147494516,651.4199829101562,2026-04-23
2026-04-17,648.8499755859375,710.1400146484375,17.479999542236328,86.40978240966797,79.82100677490234,27.36000061035156,645.5900268554688,650.0,644.0700073242188,53488900,0.0130841495560092,0.0322144460491338,0.0618259247040309,0.1091832152375673,0.0955248065603964,0.0049346233180459,0.0088373138679922,0.0149219159356521,0.3306963401100218,0.2638974872757003,-0.1158879232252952,0.0225485209404543,0.050403459558981,0.0850881145085431,0.0722847133668422,0.0624485976363666,0.0858231289417514,0.0119979993353044,0.0045616761925158,0.0008793372580985,0.0005278322057661,0.0008723866495109,0.0,0.0225485209404543,0.050403459558981,0.0091392354148217,0.0050495648861666,95.46749153504136,11.165103635329956,3.715716521636359,7.449387113693597,0.172976309989681,0.9919061720857568,0.075745220346743,0.7976890269410111,0.0023460008729646,2.6514986172626167,0.0004815277826247,0.012085685130224,0.0451534920137155,0.0792352385336749,0.0496203347900401,17.479999542236328,-0.0256410801631814,-0.0910036423119168,-0.254186695302083,-1.3930554060532223,-1.2157922218657786,-0.0479303398072372,0.0091561703487312,0.0067059492155785,-0.0008242432497715,-0.0026308866419944,0.0067059492155785,0.0137004551348147,0.0086294060960274,-0.0179468768501829,-0.0029154490579095,-0.0029154490579095,1.434462056150703,-1.2285675663199214,0.9136930213785484,0.0188749721512675,7.5089874953016995,0.0769515334121777,0.0243552426279578,0.1056163860070709,0.0159521379564953,0.0547528059523254,1.1613597933108033,1.2315016073157856,0.0166724326903153,154.35000610351562,0.0822466090865439,0.1163904352799207,1.4284386061168035,415.5126953125,0.0752974862929487,0.2219576368897029,0.6561183266511266,275.125732421875,0.0554153588097539,0.1136776877931793,0.8410595856461489,0.0,0.0,0.0,0.0,0.0,0.0,0.0,0.0,0.0,0.0,1.0,0.0,0.0,0.0,1.0,0.0,0.0,0.0,0.0,0.0,-0.0,-0.0,-0.0,0.0,0.0,-0.0,0.0,0.0,-0.0,0.0,0.0,-0.0,0.0,-0.0,0.0,-0.0,-0.0,-0.0,0.0,0.0,0.0,-0.0,-0.0,0.0,-0.0,-0.0,0.0,0.0,9.0,0.0,0.0,0.0,0.0,0.0,0.0,0.0,0.0,0.0,0.0,-0.3144854503572356,0.0,0.0,0.0,0.0,0.002324117378187,0.0,0.024824359640479,0.0,0.0,-0.0620608991011977,-0.1425785054143655,-0.2036429990333404,-0.3275593892548351,2.2899890050908023,663.8800048828125,2026-04-24
2026-04-20,646.7899780273438,708.719970703125,18.8700008392334,86.38994598388672,79.7517318725586,27.31999969482422,648.0399780273438,648.760009765625,642.52001953125,37138500,-0.0031748441644519,0.0147316492840003,0.0476197584692839,0.0990483908705925,0.1126096269384693,0.0085227178104819,0.0097777368789362,0.014037922016633,0.6071209964881317,-0.3056783743916962,-0.3570073490934069,0.0099434331028187,0.0372804128884272,0.075754692886653,0.0680916116799836,0.0586239286106931,0.0814887448261401,0.0093041388347049,0.0053354135635846,0.0007056200241627,0.0004128191385227,0.0008217810056689,-0.0031748441644518,0.0099434331028187,0.0372804128884272,0.0096476297505512,-0.0019288933435943,97.7760997437484,12.611319936089105,5.494837204526908,7.116482731562195,0.1844009558636101,0.910815077025328,0.0504020615369288,0.6972822698042492,-0.0080853939257853,-0.372515418500869,-0.0120574812921736,-0.0019996675529057,0.0329689490192297,0.0927424375158276,0.0469639323776847,18.8700008392334,0.0795195270822781,-0.0130753132336172,-0.1810606458343477,-0.966466019036688,1.3747536448477438,0.0385250831040298,-0.0002295622697811,0.0034582625970165,0.0182665274362563,-0.0029226932530866,0.0034582625970165,0.0110415260188063,0.0039871467749856,-0.0183255562443394,-0.0021913611315356,-0.0021913611315356,1.2192129093583968,-1.2754305143575884,0.9126171192631412,0.0167513944928763,7.486866332200066,0.068912629459666,0.0218365194763876,0.0939981254247435,0.0141832041166045,0.0440093001556183,1.1915107244251346,1.3733931416200122,0.0146508094500541,154.55999755859375,0.0614655374680763,0.1438552152906349,0.9506778212978902,417.351806640625,0.0615498266803913,0.2557515864490181,0.5117550819085392,276.6920166015625,0.0463274564589166,0.145033457582403,0.6597255889774845,5.0,2.0,0.0,0.39999999992,0.0,0.0,0.0,1.0,0.0681466989219188,0.020216442644596,0.9116368770599366,0.0479302562773227,0.0880946560643086,0.1828892503466666,0.7290160800801044,-0.0947945942823579,-0.0588952265679836,0.0317474715411663,-0.0352130420506,0.0647653102874755,0.1399389088153839,0.1142609193921089,0.204796028137207,0.0268525468185544,-0.0362271755933761,-0.1897421061992645,0.0238183360546827,0.0343099623918533,0.0715313598513603,-0.0707790352404117,0.0830929804593324,0.042658756673336,0.0109502714127302,-0.0994750127196311,0.0228759616613388,-0.1031709410250187,-0.0059487424790859,-0.0641662500798702,0.0586293473839759,-0.0228732474148273,0.0509409181773662,-0.022041580080986,-0.0391608465462923,-0.0024206571280956,-0.0254813991487026,-0.0699994310736656,0.0,0.0,0.0,0.0,-0.0315981980941193,-0.0189589188564717,0.0159767520924406,0.0095860512554645,-0.0947945942823579,0.0479302562773227,2.524171313348894,4.999999863305262,5.0,3.973794754241422,0.39999999992,0.0479302562773227,-0.0947945942823579,0.0383442050218583,0.4432461140324705,-0.0,0.024824359640479,0.0,0.1427248505596806,-0.0947945942823579,-0.0947945942823579,-0.0947945942823579,-0.0947945942823579,2.6606812754800973,664.22998046875,2026-04-27
2026-04-21,644.3300170898438,704.0800170898438,19.5,85.91357421875,79.54388427734375,27.46999931335449,648.4099731445312,650.2000122070312,642.2100219726562,39580500,-0.0038033380557359,0.0060268967528345,0.0250239295495418,0.0947008744476436,0.0957993487922512,0.0085250039132172,0.0102671775043333,0.0141078222102769,0.6042749321530446,0.0657538672805848,-0.283494727516469,0.0011840612551827,0.0241799119401693,0.0666664740139597,0.0633738837441475,0.0543411000826838,0.0765639193502158,0.0049431916439704,0.0045742047922951,0.0005895697702056,0.000233960222303,0.0007537672659105,-0.0069661072145561,0.0011840612551827,0.0241799119401693,0.0124004625307731,-0.0062922475342279,94.06751283349462,13.40444043954892,7.07675785153131,6.327682588017611,0.1928755150087057,0.8456450862150676,0.0289035114889887,0.54096600012195,-0.0058123036400141,-0.4461391042530941,-0.0182898716053658,-0.0065469491549362,0.0138524822348466,0.0743080531053723,0.0396813290028714,19.5,0.0333862815446592,0.0620914679602839,-0.1413285307292929,-0.7427902325733298,1.3900365963979535,0.0869564893814163,-0.0055142037619235,-0.007338694997362,0.0060874340833232,-0.0083474796623578,-0.007338694997362,0.008153530551928,-0.0016148863719065,-0.0100901148340724,0.0054904692608284,0.0054904692608284,0.8555118519643977,-0.5645957132115877,0.9151374864366082,0.018541008920426,7.499746378253036,0.0660788438725461,0.0249526486560907,0.0955860948146352,0.0110188094525049,0.0326018797990901,1.127392418916462,1.1426258978058388,0.0111714473146951,154.69000244140625,0.0456266046275986,0.12953637012397,0.6564016414358781,420.5003356933594,0.0484996794908867,0.2498886535065845,0.3914242162085313,273.8587646484375,0.0215466353509983,0.1093555614770278,0.2996529500106005,0.0,0.0,0.0,0.0,0.0,0.0,0.0,0.0,0.0,0.0,1.0,0.0,0.0,0.0,1.0,0.0,-0.0467451723049613,0.0251979848608889,-0.0279486099970614,0.0514042608406928,0.1110695855324111,0.0906889518209436,0.1625467152519557,0.0213128805338992,-0.028753528323381,-0.1505984094916871,0.0189046258546677,0.0272318351969086,0.0567744779383826,-0.0561773574989619,0.0659509422961587,0.0338582776094545,0.0086912361799526,-0.0789533699178463,0.0181566628029967,-0.0818868301578318,-0.0047215200345944,-0.0509287864388202,0.0465341438567662,-0.0181545085041129,0.0404318335514885,-0.0174944137037992,-0.0310819845017748,-0.0019212768357966,-0.020224599907136,-0.0555585852617561,0.0,0.0,1.0,5.0,-0.0315981980941193,-0.0189589188564717,0.0159767520924406,0.0095860512554645,0.0,0.0,0.0,0.0,5.0,-0.3455473699340367,0.39999999992,0.0,0.0,-0.0095860512554644,-0.1374557803857922,0.0,0.024824359640479,0.0,0.0,-0.0752385193423568,-0.0825234874499342,-0.0858577072858275,-0.0905138224466038,2.0309744479028287,657.5499877929688,2026-04-28
2026-04-22,655.1099853515625,711.2100219726562,18.920000076293945,86.08228302001953,79.67254638671875,27.479999542236328,650.1500244140625,655.3300170898438,648.52001953125,37368400,0.0167305076215558,0.0096478538971538,0.0277846882007575,0.0808790053029255,0.1218021289457864,0.0092993459705546,0.007925411178248,0.0140795650600696,0.6604852685714566,-0.0558886320283977,-0.3108248472204599,0.0123626588695795,0.033263919745113,0.0781644738728519,0.0802602583207612,0.0716329678635896,0.0936149621572914,0.0054811395640603,0.0057468217942362,0.0007929307428399,0.0003083899429759,0.0008745352736408,0.0,0.0123626588695795,0.033263919745113,0.010395197311699,0.0076289483215356,94.33872258708644,14.733014479495978,8.608009177124243,6.125005302371735,0.2030135500195503,0.8850209696117559,0.0337078029089352,0.8667595572152366,0.0135145563225045,1.7991056441415822,-0.0208624936703149,0.0101266968380706,0.0161014079663113,0.0888423251593368,0.0496837192786911,18.920000076293945,-0.0297435858310797,0.0412768297661434,-0.1518737744255972,-0.7917784474972331,0.4636656040443782,0.0823798954100767,0.0019637036731816,-0.0010365937606936,0.0125168080106996,-0.0062801627623583,-0.0010365937606936,0.0038657546661775,0.0004971425084054,-0.0018162420327666,0.0069622066813812,0.0069622066813812,0.9293295439961368,-0.4784814436250891,0.9211202951478508,0.0236581222369067,7.610276614053189,0.0761200921074556,0.0273829169386792,0.0831220996484309,0.0114981439282029,0.0288511889238782,1.2187816725252762,1.1774090300673892,0.0116832802344462,158.08999633789062,0.0518296282632158,0.1611458202347577,0.6874707576646589,431.5650634765625,0.0744289311465564,0.2661134746959932,0.5882689508821815,275.8240661621094,0.0263186103790071,0.1113433291325876,0.3631434668596454,0.0,0.0,0.0,0.0,0.0,0.0,0.0,0.0,0.0,0.0,1.0,0.0,0.0,0.0,1.0,0.0,-0.0371016678456651,0.0199996538378269,-0.0221828264551921,0.0407995888670817,0.0881559884579107,0.0719798687612296,0.1290134133924649,0.0169160444899921,-0.0228216905541662,-0.1195300368259209,0.0150046114843823,0.0216139219192987,0.0450619330021669,-0.0445879981953229,0.0523452975896081,0.0268733327475397,0.0068982387274804,-0.0626653312320118,0.0144109528168544,-0.0649936201674418,-0.003747472934902,-0.0404222045842235,0.0369341744553351,-0.0144092429486972,0.032090767556318,-0.0138853253584889,-0.0246697874476883,-0.0015249184351328,-0.0160522755841118,-0.0440968783451882,0.0,0.0,2.0,0.0,-0.0315981980941193,-0.0189589188564717,0.0159767520924406,0.0095860512554645,0.0,0.0,0.0,0.0,5.0,-0.3455473699340367,0.39999999992,0.0,0.0,-0.0095860512554644,-0.1294091621521674,0.0,0.024824359640479,0.0,0.0,-0.0597168523762934,-0.0718408684847008,-0.0777633572482176,-0.0864263634009778,0.9812671027129496,661.5700073242188,2026-04-29
2026-04-23,651.4199829101562,708.4500122070312,19.309999465942383,85.89373016357422,79.54388427734375,27.530000686645508,653.5499877929688,656.9199829101562,645.52001953125,40099800,-0.0056326456990668,0.0071584363396193,0.017096839364709,0.0675690855369415,0.1081963437676223,0.0105851572975454,0.0090073625600269,0.0143095391377414,0.7397272865273318,0.0730938439965318,-0.2462887760279539,0.0032650472155306,0.0208056656397075,0.0665099048151602,0.0735534415746774,0.0653460697905994,0.0865379173532494,0.0033904666294989,0.0051366889096243,0.0005483803299796,0.0002238779486526,0.0008434849832382,-0.0056326456990668,0.0032650472155306,0.0208056656397075,0.0175001745079695,-0.0032591307820316,90.09175906780978,15.31166329632788,9.948740000964971,5.362923295362908,0.2092283828553307,0.8178818471351852,0.0256703834542682,0.6271912132262185,-0.0080187911456066,-0.5321267326132477,-0.026343716841823,-0.0038807239498251,0.0096771076053689,0.0786060173366902,0.0452282676202868,19.309999465942383,0.0206130754796927,0.0763656015106541,-0.1225519497578011,-0.6320712036945859,0.6235547277436458,0.0233173612686949,-0.002190379365304,0.0031293375776586,0.000642785536721,-0.0084040316438908,0.0031293375776586,0.0011210545959829,0.0002489595266641,0.0018195467700909,0.0058458108332521,0.0058458108332521,0.6796164166284293,-0.2157216385518796,0.919500277628326,0.0204655979235424,7.584022508623222,0.0668557423313398,0.0245618685447033,0.0694193183834293,0.0073486183884441,0.0139239291124499,1.2715531519203844,1.24020425988631,0.00741973175934,155.83999633789062,0.0251282196952398,0.1395144969101396,0.3248793943845119,440.7906799316406,0.0863406613308688,0.2773352899799448,0.677598563023353,274.8663330078125,0.0206333651227639,0.0941147609259236,0.2879640617060229,0.0,0.0,0.0,0.0,0.0,0.0,0.0,0.0,0.0,0.0,1.0,0.0,0.0,0.0,1.0,0.0,-0.0294476132839918,0.0158737357705831,-0.0176065210253,0.0323826551437377,0.0699694544076919,0.0571304596960544,0.1023980140686035,0.0134262734092772,-0.018113587796688,-0.0948710530996322,0.0119091680273413,0.0171549811959266,0.0357656799256801,-0.0353895176202058,0.0415464902296662,0.021329378336668,0.0054751357063651,-0.0497375063598155,0.0114379808306694,-0.0515854705125093,-0.0029743712395429,-0.0320831250399351,0.0293146736919879,-0.0114366237074136,0.0254704590886831,-0.011020790040493,-0.0195804232731461,-0.0012103285640478,-0.0127406995743513,-0.0349997155368328,0.0,0.0,3.0,0.0,0.0,-0.0189589188564717,0.0,0.0095860512554645,0.0947945942823579,-0.0479302562773227,0.0,0.0,5.0,-0.3455473699340367,0.39999999992,0.0,0.0,-0.0095860512554644,-0.12347780448931,0.0,0.024824359640479,0.0,0.0,-0.0473972971411789,-0.0625411085270391,-0.0704321128723189,-0.0825234874499342,2.4744292351436346,667.739990234375,2026-04-30
2026-04-24,663.8800048828125,713.9400024414062,18.709999084472656,86.05252075195312,79.65275573730469,27.479999542236328,658.510009765625,664.510009765625,656.530029296875,45563100,0.0191274788915629,0.0303415753952724,0.0231641055134543,0.0864221724607963,0.1570087145216321,0.0121856059645227,0.0095996966629389,0.0128617765693611,0.9474278262711422,0.1362425747759341,-0.1136736399166762,0.0177432237984882,0.031792429545655,0.0789524863964521,0.093143290391243,0.0851404339065933,0.1063086293482291,0.0045799780101816,0.0072918990090563,0.0008090610134962,0.0005101574621088,0.0009029498514062,0.0,0.0177432237984882,0.031792429545655,0.0120202151142639,0.0081547661198024,91.05668029653268,16.58449060880048,11.275890122532074,5.308600486268405,0.2132066442020645,0.8703096903566744,0.047166083698666,0.876186072853659,0.0090136204264721,1.569677977244038,-0.0240618632575454,0.0077492979600242,0.0053510402379592,0.1067292512977622,0.0527995762253858,18.709999084472656,-0.0310720040426705,0.0703661083779962,-0.1326117185207057,-0.6932708183083411,-1.068288921134477,-0.0405128674629406,0.0018486866046742,-0.0041345047719374,0.0109913079893142,-0.0065858959631696,-0.0041345047719374,0.0065033624518306,-0.0021078541150467,0.0014576897740605,0.0043859257751392,0.0043859257751392,0.75593940762327,-0.3782776587718262,0.9298820665778532,0.0296784817416719,7.714823448303744,0.0778743144335534,0.0339530361760012,0.0836656319665676,0.017718254184408,0.0274119451032293,1.3816650285542234,1.648415228763636,0.017813065275495,160.22000122070312,0.0380304171368206,0.2092075563826652,0.4593824166385445,461.38092041015625,0.1103894673137713,0.4036795578202301,0.815912969663762,275.99365234375,0.0031546301185094,0.1180487578128883,0.045341717233072,0.0,0.0,0.0,0.0,0.0,0.0,0.0,0.0,0.0,0.0,1.0,0.0,0.0,0.0,1.0,0.0,-0.0233725861524806,0.0125989924304444,-0.0139743049985307,0.0257021304203464,0.0555347927662055,0.0453444759104718,0.0812733576259778,0.0106564402669496,-0.0143767641616905,-0.0752992047458435,0.0094523129273338,0.0136159175984543,0.0283872389691913,-0.0280886787494809,0.0329754711480793,0.0169291388047272,0.0043456180899763,-0.0394766849589231,0.0090783314014983,-0.0409434150789159,-0.0023607600172972,-0.0254643932194101,0.0232670719283831,-0.0090772542520564,0.0202159167757442,-0.0087472068518996,-0.0155409922508874,-0.0009606384178983,-0.010112299953568,-0.027779292630878,0.0,0.0,4.0,0.0,0.0,-0.0189589188564717,0.0,0.0095860512554645,0.0,0.0,0.0,0.0,5.0,-0.3455473699340367,0.39999999992,0.0,0.0,-0.0095860512554644,-0.1175552420769337,0.0,0.024824359640479,0.0,0.0,-0.0376192596711784,-0.0544451972573779,-0.0637920313525657,-0.0787968591169763,1.53512566871874,674.1500244140625,2026-05-01
