Date,target_price,SPY_price,VIX_price,TLT_price,HYG_price,UUP_price,target_open,target_high,target_low,target_volume,ret_1,ret_3,ret_5,ret_10,ret_20,vol_5,vol_10,vol_20,vol_shock,vol_chg_1,vol_to_ma20,price_to_ma_5,price_to_ma_10,price_to_ma_20,price_to_ma_60,price_to_ma_120,price_to_ma_200,slope_5,slope_20,slope_60,slope_120,slope_200,drawdown,dist_to_ma5,dist_10,intraday_range,close_open,rsi_14,macd,macd_signal,macd_hist,bb_width,bb_pos,bb_width_5,bb_pos_5,ret_accel,vol_breakout,bb_high_dist,spy_ret_1,spy_ret_5,spy_ret_20,spy_to_ma_60,vix_level,vix_ret_1,vix_ret_5,vix_to_ma_20,vix_z_score,vix_z_score_5,vix_speed,tlt_ret_1,tlt_ret_5,tlt_ret_20,tlt_to_ma_60,tlt_shock_5,hyg_ret,hyg_ret_5,uup_ret,uup_ret_5,uup_shock_5,hyg_z_score,uup_z_score,target_spy_ratio,target_spy_ratio_20,target_tlt_ratio,target_tlt_ratio_20,target_spy_rel_ret,target_tlt_rel_ret,target_spy_rel_ret_5,target_tlt_rel_ret_5,vol_ratio,vol_ratio_5,rel_strength_5,uso_price,uso_ret_5,uso_ret_20,uso_shock_5,xop_price,xop_ret_5,xop_ret_20,xop_shock_5,oih_price,oih_ret_5,oih_ret_20,oih_shock_5,xlb_price,xlb_ret_5,xlb_ret_20,xlb_shock_5
2026-04-06,59.252685546875,657.23681640625,24.170000076293945,85.33279418945312,78.137451171875,27.82999992370605,58.686767106752185,59.26261227942818,58.468341116745606,25474200.0,0.0072573956989709,-0.0257916525991633,-0.0460358038987722,0.0128128579146054,0.0618691306259322,0.0177773776015385,0.0175707931246209,0.0142926191082552,1.2438151624327085,-0.5782452132018775,-0.579035525642499,-0.0090329145234797,-0.0155713614961227,0.011430745393729,0.101961031501724,0.2152216464104464,0.2811502638874372,-0.0094258277060687,0.003001534303031,0.0047660366422497,0.002932572395546,0.0016446766051055,-0.0460358038987723,-0.0090329145234797,-0.0155713614961227,0.0134048128848814,0.0096430331405613,60.63654417334639,1.474294971258843,1.741817660006115,-0.2675226887472723,0.1381566714375372,0.5827375563900802,0.0872597927602935,0.396482512303306,0.0158546132320254,0.4082376744984718,-0.0537642015457921,0.0047268450837638,0.0391742708016176,-0.0173271862486357,-0.0262128783571289,24.170000076293945,0.0125680446800595,-0.2215780782549842,-0.0637407823428229,-0.7466312070336644,-0.5422702813450223,-0.0427722742061803,-0.0016131664085766,0.0158363347446082,-0.0165473599947665,-0.0073564172651915,0.0158363347446082,0.0147814440714153,0.0173596076240143,0.005419061303342,-0.0003592036216604,-0.0003592036216604,1.3834986593146643,0.8005492207919712,0.0901542397926926,0.0083728977022738,0.6943717958575703,0.0101793317064642,-0.0031110432049404,-0.0007641302888367,-0.0819978680136671,-0.0609075857273166,1.2897192653487537,1.4124906380429478,-0.0852100747003898,138.94000244140625,0.11867959625882,0.2773743378639981,1.4874626192495004,178.1866455078125,-0.0484642262283708,0.0953489475865281,-1.0028163021942158,399.5899963378906,-0.0399087346995998,0.0703399424373372,-1.5106767372837897,50.03292465209961,0.0267839367776026,0.0116994880577272,0.8334036310823804
2026-04-07,59.729248046875,657.5260009765625,25.780000686645508,85.32294464111328,78.15705871582031,27.75,59.381755597908416,60.33488098997417,59.36189834548409,38811700.0,0.0080428843958977,0.0201797686804474,-0.0290509622139055,0.0088881746722009,0.0751610561689291,0.0193712471998796,0.0173515718046816,0.0142188451924456,1.3623642127988929,0.5235689442651781,-0.3310301047397914,0.0049445513892356,-0.008520511027777,0.015945014562656,0.1060884216978779,0.2213453184546461,0.2890345302677397,-0.0058962592651056,0.0036235235024901,0.0043832188655259,0.0028866625185895,0.0017175470158521,-0.0383631801517045,0.0049445513892356,-0.008520511027777,0.0162898860492347,0.0058518385902828,60.14081024822807,1.3913277223663272,1.6717196724781576,-0.2803919501118304,0.1297072579796977,0.6229307812917597,0.0601967285751986,0.5821398688312245,0.0013162948357485,0.4151970132697842,-0.0362559687753187,0.0004400005646272,0.0431190626273894,-0.0254319871699304,-0.0251021729755411,25.780000686645508,0.0666115269039928,-0.1577915657431469,-0.0019163981696617,-0.0224724572331885,1.34859744714143,0.0505297361392342,-0.0001154251238741,0.0023757403797797,-0.0251465141691963,-0.0075195751501185,0.0023757403797797,0.0083918121459403,0.0164528360895952,0.0068940688584704,-0.0082201410292783,-0.0082201410292783,1.4538172619688463,0.1598840273160819,0.0908393705468143,0.0112296299753,0.7000373498372461,0.0136062970565402,0.0030114176730189,0.0019736484000194,-0.0691867567442535,-0.0313522178637107,1.3079808910421251,1.6358304811581037,-0.0721700248412949,138.0800018310547,0.0635446343961048,0.3234927576695781,0.7756197544478007,179.4604034423828,-0.0277118785376951,0.1189270318607995,-0.5809569336439983,407.7799987792969,0.0146305174722818,0.075596127957457,0.5054142806513119,49.8934440612793,0.0201670562576443,0.0062555210595387,0.5781772415728911
2026-04-08,57.63435363769531,674.27294921875,21.040000915527344,85.59868621826172,78.61784362792969,27.530000686645508,56.27416407763926,57.77335061337328,55.77774414314166,88023600.0,-0.0350731756665617,-0.0202532018236901,-0.0523996019306876,-0.0458579905012079,0.0508863830345753,0.0235485240054704,0.0192490164221591,0.0163019591143203,1.4445210171250709,1.2679655876964937,0.5182399968125508,-0.0197899723628587,-0.0388754813232516,-0.0220086187460729,0.063487102822979,0.1754249677129948,0.2418358197544479,-0.0107644773232014,0.0024816991186668,0.0037452598472518,0.002590100743782,0.0014882008645648,-0.0720908372616776,-0.0197899723628587,-0.0388754813232516,0.0346252945383324,0.0241707643702969,49.99703184542616,1.1433552215345983,1.566046782289446,-0.4226915607548476,0.1148690481674543,0.3084025322993092,0.0536897445987821,0.1314012571535375,-0.0283221083919983,-1.489400107158054,-0.0728976743050779,0.0254696365121909,0.0394717020686612,0.0009986166518081,0.0001267153254864,21.040000915527344,-0.1838634462711076,-0.166732637008818,-0.1792470977414154,-1.879550437356452,-1.626485890228195,-0.1185588531297656,0.0032317400472787,0.0066592668830853,-0.0114715768774948,-0.0043050629236984,0.0066592668830853,0.0177961764138239,0.0128069794706189,-0.0043399252636642,-0.0089992798351578,-0.0089992798351578,2.226435015399731,-1.6453459431582762,0.0854762951776037,-0.0506166943453803,0.6733088576936539,-0.0279064843725522,-0.0780810144466201,-0.0596046845763692,-0.0883826888375268,-0.0586681817340604,1.2601537670785758,2.2885761528241924,-0.0918713039993488,124.58000183105467,-0.020982303881692,0.1768373428374283,-0.210287652975918,170.85260009765625,-0.0557663879024715,0.0841510461039827,-1.1667595146738536,410.3999938964844,0.0153138283868823,0.0736147737455268,0.4944542090447911,51.55722427368164,0.0356213639911731,0.0421038606617121,0.8568203432700862
2026-04-09,56.91950988769531,678.162841796875,19.489999771118164,85.38203430175781,78.70606994628906,27.479999542236328,57.78327948867368,58.597407855091625,56.70108391076933,55088500.0,-0.012403084356488,-0.0393767073617937,-0.0278107572179365,-0.0534918198142101,0.0127163154469374,0.0185297771115902,0.0194096309849154,0.0157485478594668,1.1766021921728662,-0.3741621565125717,-0.0549988004899593,-0.026556197611067,-0.0456770050461774,-0.0347240703910521,0.0466881292181684,0.1579518422404358,0.2244275834786246,-0.0056409598503856,0.0006318071032801,0.0036555170239645,0.0024909211258186,0.0015538663376758,-0.0835997728822792,-0.026556197611067,-0.0456770050461774,0.0333158867331048,-0.014948435059794,43.05144999878255,0.8790205103811388,1.4286415279077846,-0.5496210175266458,0.1111419646191402,0.1875701225001364,0.0796831242679296,0.1667274550910739,0.0007224847641098,-0.6693595725644467,-0.058584625543564,0.0057690176991855,0.0376502657018682,0.0080386194858386,0.0062278594252431,19.489999771118164,-0.0736692527073652,-0.2057865100246945,-0.232616760630258,-2.115251429302691,-1.3274976713003044,-0.1936284770543277,-0.0025310191788631,0.0051008590584906,-0.0010739763707346,-0.0068251726846767,0.0051008590584906,0.0157308800476705,0.0114651837306085,-0.0079422821170991,-0.0090155068203019,-0.0090155068203019,2.066845505723402,-1.9240492682878385,0.08393192074175,-0.0679706895652634,0.6666450425218257,-0.0381577065082268,-0.0856355579824633,-0.055736386443468,-0.0630858248521014,-0.0327445907341643,1.270417331063833,1.7934698644954996,-0.0654610229198048,126.95999908447266,0.0231283973831957,0.1750115270580476,0.2010604303784419,166.94175720214844,-0.0405491323396837,0.0227349635727565,-0.7241654721417623,411.0400085449219,0.0375605935613425,0.0675809575443264,1.1715900676889903,51.47751998901367,0.0239794180070431,0.0413279433929707,0.5120757052494113
2026-04-10,56.53230285644531,677.7140502929688,19.229999542236328,85.17522430419922,78.39234924316406,27.440000534057617,56.76065558022724,57.06843731439435,55.99617218587995,42561700.0,-0.0068027119701834,-0.0535239483999656,-0.0389873535267675,-0.0744473375503939,-0.0034423178748895,0.0176332862816081,0.0179550815368849,0.0156999926985515,1.1231397043958644,-0.2273941022173411,-0.2527107248319873,-0.0255339545919829,-0.0448872761245697,-0.0411317959707384,0.0363370782290402,0.1471908363632044,0.2140923414483293,-0.0079535420793676,-0.0001724128141453,0.0033060499519751,0.0025350503886624,0.0015852568131062,-0.0898337796767718,-0.0255339545919829,-0.0448872761245697,0.0189672996558666,-0.0040230811545008,41.84803413079791,0.6310150275215136,1.2691162278305304,-0.6381012003090167,0.1121485547155163,0.1332382875991922,0.0975936452677326,0.2383645777147211,0.0110386041631384,-0.3857880757877063,-0.0834339712824711,-0.0006617754265585,0.0360306705625972,0.0229042914627675,0.0058701205749138,19.229999542236328,-0.0133401863486486,-0.1943863064039208,-0.2306461557592842,-1.8759416145062071,-0.9319220179837272,-0.2540729623720372,-0.0024221722901059,-0.0034567214017338,-0.0015456068036033,-0.0091630110878977,-0.0034567214017338,0.0180918391379854,0.0050276608891097,-0.0133045285505267,-0.0150753792926296,-0.0150753792926296,1.3185250423586827,-1.91739364029807,0.0834161588239272,-0.0725624016235191,0.6637176869008634,-0.0422940494339312,-0.1212657525362478,-0.0821809147798876,-0.0724090765079643,-0.0356538776469508,1.3341408049483512,1.6635252013362165,-0.0750180240893647,124.81999969482422,-0.0949825888053901,0.0543120224539674,-0.6793669543951149,167.63836669921875,-0.0521043935976882,0.0145585369543042,-0.8231010172114259,409.7799987792969,0.026888889398726,0.1001691342559587,0.8024581473531084,51.76643753051758,0.0307478239258325,0.050544867738016,0.5962843873853835
2026-04-13,56.70108413696289,684.3369750976562,19.1200008392334,85.4312744140625,78.68647003173828,27.3799991607666,57.207430791312646,57.306717048213,56.24437871737159,43100900.0,0.002985572354025,-0.0161929377502729,-0.0430630508366329,-0.0871164125718072,-0.0037583971607362,0.0168056631895727,0.0163121300645056,0.0156965715332815,1.0706581423390096,0.0126686669000533,-0.243061690062187,-0.0139507746542175,-0.0331973571182209,-0.0380945261440898,0.03648763990751,0.14777152313977,0.2156665471824317,-0.00880355470829,-0.0001882738840926,0.0029840237871361,0.0024917695532709,0.0016219982034678,-0.0871164125718072,-0.0139507746542175,-0.0331973571182209,0.0187357675256315,-0.0088510644044977,39.17525909314017,0.4429817168605794,1.1038893256365403,-0.6609076087759609,0.1131554365269276,0.1633433857592475,0.091356007773511,0.347292203389577,0.0083832182707827,0.1776527437622794,-0.0798786347190556,0.0097724472464817,0.041233476297918,0.0387802066761975,0.0157595753883981,19.1200008392334,-0.0057201614987734,-0.2089366661613547,-0.2224955525383349,-1.6621762895053522,-0.6429099861600555,-0.091254752507021,0.0030061571537376,0.0011540724236771,0.0064318209987033,-0.0060700071273536,0.0011540724236771,0.0245079033960389,0.0070263215862471,-0.0165230240409509,-0.0161696286084476,-0.0161696286084476,1.6144834916287365,-1.9855937732170013,0.082855502771674,-0.0769805594372652,0.6637040653537243,-0.041844407158926,-0.1563177908648804,-0.1023836843403832,-0.0809583336047411,-0.0441661523218557,1.4895436122720795,1.5926811535036878,-0.084296527134551,128.47000122070312,-0.0753562763547419,0.0715656174387762,-0.495861777525038,167.8672332763672,-0.0579134996454763,0.0088032061342395,-0.8283685225152351,413.0799865722656,0.0337595794639662,0.1130331181460231,0.9284156307176668,51.995582580566406,0.0392273276470245,0.0657063605179348,0.6920207848911939
2026-04-14,55.54939270019531,692.675537109375,18.36000061035156,85.88428497314453,78.92176055908203,27.31999969482422,56.09545388317427,56.09545388317427,55.01325824968495,58830100.0,-0.0203116299149701,-0.024071134663726,-0.0699800430000285,-0.0969980176290128,-0.0273650715619664,0.0143723775315167,0.0167063545102776,0.0163034012011545,0.8815569507632554,0.3649390151945784,0.0159079201828942,-0.0197280508956169,-0.0430989999383946,-0.0563814625990128,0.0127852481552468,0.1219870505926588,0.1891934692474182,-0.014509846785065,-0.0013873234609214,0.0027988015850036,0.0022330275044265,0.0014483383045577,-0.105658566155099,-0.0197280508956169,-0.0430989999383946,0.0194816825330571,-0.0097344997709832,28.904241512086045,0.1987411256107449,0.9228596856313812,-0.7241185600206363,0.1216360139912347,0.0364739377017416,0.0531505495531663,0.1288269630047194,-0.0122879183603948,-1.4132406734507752,-0.1017361297605468,0.0121848772098407,0.0534572565656843,0.0408450761062284,0.0280323418743313,18.36000061035156,-0.039748964201003,-0.2878200108092951,-0.2455001075460402,-1.6731758799615437,-1.105397242319551,-0.0579784081086098,0.0053026314097388,0.0065790079607821,0.0039956386890203,-0.0007760973840962,0.0065790079607821,0.0263979820574409,0.0097841686448587,-0.0235882722734083,-0.0154955064928209,-0.0154955064928209,1.734932602806925,-1.9818783479748108,0.080195401344777,-0.1038069480782053,0.6467934467588017,-0.0648496871476944,-0.1782534250228146,-0.1050262705999047,-0.117173524408692,-0.076058660428366,1.6303100228500331,1.4855112468504743,-0.1234372995657129,123.8499984741211,-0.1030562222496525,0.0766756479911539,-0.6345457050319709,162.62294006347656,-0.0938227210901821,-0.019676186544572,-1.201011089636502,402.7999877929688,-0.0122124944853497,0.0811390607791013,-0.3565711544768147,51.816253662109375,0.0385383217576336,0.057516058170032,0.6446791348746179
2026-04-15,55.360748291015625,698.1414184570312,18.170000076293945,85.51005554199219,78.8825454711914,27.290000915527344,55.20189406673632,55.80752698035851,54.87425888614051,39551500.0,-0.0033959760856039,-0.0207236306719127,-0.0394487871065956,-0.0897812882962492,-0.0407739329828098,0.0088639110454577,0.0168258362706859,0.016068892092119,0.5516192680256885,-0.3276995959551317,-0.3166588285540427,-0.0151542388834896,-0.0372928736807269,-0.0577025851919298,0.0068005999821976,0.1157416638791841,0.1833816975139759,-0.0080495958402558,-0.0020814249924345,0.0027141241169606,0.0022238835923169,0.001457637652799,-0.1086957282768011,-0.0151542388834896,-0.0372928736807269,0.0168579385761203,0.002877695176315,29.105126557453676,-0.0099288759652722,0.7363019733120507,-0.746230849277323,0.1321505730558702,0.0633572836075822,0.0503925619779434,0.1992762763258088,0.0035119008050336,-0.3831238473698722,-0.1089728239840866,0.0078909692270439,0.0353988236750957,0.0463059975708293,0.0358847510105133,18.170000076293945,-0.0103486126220765,-0.1364068780584206,-0.2468081629065153,-1.5636808435311411,-1.222491821540295,-0.0551221784282534,-0.0043573679546772,-0.0010354209881625,-0.003122542655345,-0.0051303411650578,-0.0010354209881625,0.0162170434200066,0.0033669435721801,-0.0176385802378226,-0.0087177539096315,-0.0087177539096315,1.4940343930040705,-1.8398697331227707,0.079297326913176,-0.1102642241645838,0.6474179900845595,-0.0622239268129528,-0.1542822978843609,-0.0948653848518611,-0.0722886766627988,-0.0384531813494638,2.211930642213704,1.813299690656357,-0.0748476107816913,122.58999633789062,-0.0159737153950498,0.0315550329481486,-0.0943542801772005,163.45883178710938,-0.0432757143076589,-0.0303377286481395,-0.5087698673206691,403.30999755859375,-0.0172758197936985,0.0458470358942997,-0.5085562303382377,51.188602447509766,-0.0071497608989793,0.04217477610824,-0.1162871528633567
2026-04-16,56.17488098144531,699.8569946289062,17.940000534057617,84.96842193603516,78.77469635009766,27.3700008392334,55.44017782010455,56.47273218135727,55.37067933303788,31282600.0,0.0147059553124178,-0.0092803014885309,-0.0130821384041989,-0.0405290714470848,-0.0253349629478036,0.0128713474477685,0.0151196677645726,0.016496114438136,0.780265359807817,-0.2090666599244023,-0.4540397439296202,0.0019834442668709,-0.0190877288360528,-0.0426555182947407,0.0187587664782198,0.1296381309056102,0.1988558955098156,-0.0026336926558665,-0.0012830709376523,0.002988921518905,0.0022395165581927,0.0015594372024786,-0.0955882474870726,0.0019834442668709,-0.0190877288360528,0.0196182498131755,0.0132521790194246,28.29527310885358,-0.1083585614282682,0.5673698663639869,-0.6757284277922552,0.1371116347765199,0.1888993529669048,0.0421623736169455,0.5470429934730636,0.0177993891419281,1.1425341619873044,-0.0993259213325937,0.0024573476469376,0.0319895923146569,0.0637199045640262,0.0377666510599596,17.940000534057617,-0.0126582026015731,-0.0795279248467442,-0.24515598338104,-1.441941040968062,-1.0785424127087893,-0.0617154944237487,-0.0063341510249755,-0.0048442552242414,-0.0038554268594559,-0.0115431066347273,-0.0048442552242414,0.012347113398605,0.0008719327982635,-0.012982283048891,-0.0040028640769758,-0.0040028640769758,1.202349181718226,-1.2863458421925902,0.0802662278330612,-0.0956721380977219,0.6611265656285128,-0.0413556731105663,-0.1040051749341413,-0.04075151538746,-0.0436745981301653,-0.0082779838464518,1.94718745016207,2.427594329132924,-0.0450717307188558,125.83999633789062,-0.0088216978155208,0.0342730190819517,-0.0506670050863287,167.00148010253906,0.0003577469255837,-0.0280659642205378,0.0039710453974465,407.6300048828125,-0.0082960383204077,0.0632531683737978,-0.2595720127981593,51.55722427368164,0.0015483318676769,0.072197650186536,0.0243909511995994
2026-04-17,54.62604904174805,708.3152465820312,17.479999542236328,85.74641418457031,79.0688247680664,27.36000061035156,54.02041612682032,54.76504601486914,53.02757627608854,90913300.0,-0.0275716105247975,-0.016622029757024,-0.0337197269238773,-0.0713924375362375,-0.0670572069630116,0.0172034943083005,0.0164332937707321,0.0169867425713988,1.0127599934614109,1.906193858566743,0.5572037499996789,-0.0189715493555059,-0.0390862558709458,-0.0659259207148429,-0.0112843032038795,0.0964495192311096,0.1641633208829669,-0.0068602698182956,-0.0034705697543767,0.0021250671162552,0.0018962112495232,0.0013814678314457,-0.1205243360814086,-0.0189715493555059,-0.0390862558709458,0.031806615511452,0.011211185665544,18.319342111210844,-0.307794526009836,0.3923369878892223,-0.7001315138990584,0.1509124424299874,0.0631511911588876,0.0569872668989111,0.1670914330887409,-0.0220309339391228,-1.6026749233624915,-0.1292524704767581,0.012085686101644,0.045153551524915,0.0792352361694888,0.0496203649205282,17.479999542236328,-0.0256410801631814,-0.0910036423119168,-0.254186695302083,-1.3930554060531783,-1.2157922218657786,-0.0479303398072372,0.0091562515909833,0.0067060566618659,-0.0008241301026722,-0.0026307942719447,0.0067060566618659,0.013700402821265,0.0086293564542121,-0.0179468768501829,-0.0029154490579095,-0.0029154490579095,1.4344629710090686,-1.228567566339594,0.0771210972873244,-0.1251471923225048,0.6370651129989499,-0.073206179229145,-0.1424104051054837,-0.074378634874759,-0.0754657326033229,-0.0401564918758817,2.159581514657149,4.293374737472564,-0.0788732784487924,116.04000091552734,-0.0703412818519735,-0.0112474411039479,-0.3822318016512094,158.9111328125,-0.0520598837757551,-0.0840276082860038,-0.5260416611708726,400.6900024414063,-0.022182625713722,0.0205542443700812,-0.7206433198311637,51.68674087524414,-0.0015395429756288,0.0915524887186221,-0.0236402588388825
2026-04-20,54.675689697265625,706.8988037109375,18.8700008392334,85.7267074584961,79.00018310546875,27.31999969482422,54.70547368050917,55.32103710835422,54.40762248592345,35150000.0,0.0009087359673338,-0.01237444606328,-0.0357205593248424,-0.0772453738993568,-0.0654222499850843,0.0169336050563507,0.0159250463324211,0.0170047211305483,0.9958178043927052,-0.6133679010661806,-0.3777630573058981,-0.0108844295493591,-0.0304065671240506,-0.0620076824395496,-0.0123019751141109,0.0953194033966244,0.1636682778971459,-0.0072748300317083,-0.0033830227979744,0.0020855937704881,0.0019885076689457,0.0013007354166329,-0.119725124913211,-0.0108844295493591,-0.0304065671240506,0.0167060466450129,-0.0005444424705558,19.64758675599994,-0.45658020635571,0.2225535490402359,-0.679133755395946,0.1622729122916411,0.1178802637860601,0.0467943485605249,0.2673986307282158,0.0050335513217605,0.0536646455757758,-0.1221611191995409,-0.0019997351150194,0.0329688873088607,0.0927423745144055,0.046963893028189,18.8700008392334,0.0795195270822781,-0.0130753132336172,-0.1810606458343477,-0.9664660190366609,1.3747536448477438,0.0385250831040298,-0.0002298256581528,0.0034581369230395,0.0182662930367782,-0.0029228587348421,0.0034581369230395,0.0110412090573064,0.0039868744093354,-0.0183255562443394,-0.0021913611315356,-0.0021913611315356,1.2191911258983577,-1.2754305143761964,0.0773458512169493,-0.1160346768504938,0.637790617629126,-0.0682800793649374,-0.1420719491972416,-0.0814854211619652,-0.0664971108787758,-0.0390436778638496,1.9406107822399057,2.728758623986438,-0.0686894466337031,121.31999969482422,-0.0556550280839156,-0.0009058767197159,-0.298601876231515,160.32420349121094,-0.0449344975665252,-0.0867349182720865,-0.4258128687198651,398.989990234375,-0.0341096078142378,0.0310618109304459,-1.2122895672453282,52.03543472290039,0.0007664524629997,0.1166937433101451,0.0116198683278782
2026-04-21,55.46996307373047,702.2708129882812,19.5,85.25401306152344,78.7943115234375,27.46999931335449,54.92390189682722,55.55931881448799,54.52676442959745,41299800.0,0.0145269932736589,-0.0125486319756988,-0.001429891896272,-0.0713098709999141,-0.0630555109170125,0.0173184467688765,0.0167562387270657,0.0171344691553819,1.0107372222091595,0.1749587482219061,-0.2491404844049086,0.0037729157578008,-0.0088348017559588,-0.0453244571878796,-4.58437541227541e-05,0.1089542700813355,0.1789081155145035,-0.00028618303345,-0.0032565620869936,0.0022308282252725,0.0020888482756969,0.0013670999145907,-0.1069373777238542,0.0037729157578008,-0.0088348017559588,0.018614657873813,0.0099421409995416,26.462898888914623,-0.5045861514516474,0.0771256089418592,-0.5817117603935067,0.1676428292492376,0.2296367676991716,0.0462706751067469,0.5815401061060085,0.0187098705988918,0.838816126452499,-0.1177389534999854,-0.0065468928485394,0.0138524826774575,0.0743080818445747,0.0396813484977489,19.5,0.0333862815446592,0.0620914679602839,-0.1413285307292929,-0.7427902325733108,1.3900365963979535,0.0869564893814163,-0.005513968878386,-0.0073386174411089,0.0060874408313031,-0.0083474105097755,-0.0073386174411089,0.0081534901400812,-0.0016148782635065,-0.0100901148340724,0.0054904692608284,0.0054904692608284,0.8555128038570755,-0.5645957132196863,0.0789865704908002,-0.0912700121146153,0.6506434252391221,-0.0461587203114758,-0.1304808695245831,-0.0705589846164747,-0.0150735682309233,0.0059524079899284,1.839923571636963,2.3212347864189016,-0.0152823745737296,128.25,0.0355268597504125,0.160003643560421,0.1914533381834445,164.1952362060547,0.0096683539355788,-0.0564418911183629,0.0897729341715295,408.6000061035156,0.0143992514556081,0.024445279806438,0.5212821908663483,51.5771484375,-0.0046144830571612,0.0887487092858863,-0.072018214955883
2026-04-22,56.13516616821289,709.3825073242188,18.920000076293945,85.42142486572266,78.92176055908203,27.479999542236328,55.95645469177575,56.37344561187344,55.72810198019128,40565500.0,0.0119921315541211,0.0276263276026333,0.0139885731516193,-0.0260120461991594,-0.0706771765328493,0.017956320726542,0.0145331417789894,0.0166309622845269,1.0796921633065122,-0.0177797471174194,-0.2552862504661861,0.0129711967393053,0.0057455967036772,-0.0303134278307054,0.0096449119184549,0.1197506848777203,0.1912301800027569,0.0027783272048503,-0.0036649552435998,0.0024193457016761,0.0022754885867657,0.0014751968529815,-0.0962276532714502,0.0129711967393053,0.0057455967036772,0.0114962451477982,0.0031937598159414,37.6398857579286,-0.4833827430472865,-0.0349760614559699,-0.4484066815913166,0.1665111456859979,0.3179495570352406,0.0543528804642073,0.7386478256262264,0.0027833556865766,0.6678501163406438,-0.1010407253575194,0.0101267120951189,0.0161014496060576,0.08884233219495,0.04968375409904,18.920000076293945,-0.0297435858310797,0.0412768297661434,-0.1518737744255972,-0.791778447497215,0.4636656040443782,0.0823798954100767,0.0019636823908617,-0.0010364941960072,0.0125168815257372,-0.0062801150439939,-0.0010364941960072,0.0038657500273178,0.000497132637599,-0.0018162420327666,0.0069622066813812,0.0069622066813812,0.9293298610608324,-0.4784814436318775,0.0791324364339825,-0.0824222222966414,0.6571555819450916,-0.0324396229644036,-0.0742177551149109,-0.0239908855556921,-0.0020793951777723,0.0150406569012089,2.234929214534336,2.2734871504851792,-0.0021128764544382,129.39999389648438,0.0555510054819121,0.1297362743336818,0.304387057003871,167.4393310546875,0.02435169286394,-0.0664669376982416,0.2279409181029452,417.7900085449219,0.0359029309314962,0.0272682468773697,1.338520703580203,51.63692474365234,0.0087582445057432,0.0697626376252571,0.1443314582268415
2026-04-23,56.57201385498047,706.6295776367188,19.309999465942383,85.23432159423828,78.7943115234375,27.530000686645508,56.48265811752774,56.78050931324235,56.06566720100398,34707200.0,0.0077820681149947,0.0346831319040439,0.0070695810404357,-0.0061050426013939,-0.0592702925768122,0.0170642613623403,0.0144117688537594,0.0168190839995644,1.014577271164409,-0.1444158213260036,-0.3581369044833991,0.0193931422937854,0.0142038118120135,-0.0197495524604046,0.0151959597265229,0.1259318788130596,0.1987636777902186,0.0014089417416471,-0.0030549710189148,0.0023968611970512,0.0022783139759477,0.0013811497541138,-0.08919443530876,0.0193931422937854,0.0142038118120135,0.0126359672128842,0.001582003050685,38.63862843639919,-0.4264135022698596,-0.1132635496187478,-0.3131499526511118,0.1640130846669951,0.3795855068484121,0.0623870766506563,0.8108519157321581,-0.0037789758530199,0.4560447999304783,-0.0907049911775191,-0.0038807408683984,0.009677095549218,0.0786060818250133,0.0452282839533684,19.309999465942383,0.0206130754796927,0.0763656015106541,-0.1225519497578011,-0.6320712036945728,0.6235547277436458,0.0233173612686949,-0.0021903553093206,0.0031293938635614,0.0006429217920302,-0.0084039597563801,0.0031293938635614,0.0011211533901851,0.0002490034776225,0.0018195467700909,0.0058458108332521,0.0058458108332521,0.6796173029257137,-0.2157216385549723,0.0800589384386969,-0.0653204782798863,0.6637234015223822,-0.0197189898195129,-0.0461443306530532,-0.0043826036542494,-0.0025825231851616,0.0039278952455958,2.0344829309618,1.9993248526106864,-0.0026075145087822,134.72000122070312,0.0705658386938359,0.1881118436005735,0.3988416793115266,168.7329864501953,0.010368209590676,-0.0664023604354864,0.1012957573608652,425.4800109863281,0.043789725706397,0.0400137523426573,1.662268110334738,51.617000579833984,0.0011594166868842,0.0485731677500922,0.0201508571380438
2026-04-24,56.46280288696289,712.10546875,18.709999084472656,85.39187622070312,78.90216064453125,27.479999542236328,56.36352041396586,56.51244412346141,55.767814213832914,36426700.0,-0.001930476936839,0.0178986925214417,0.0336241386194908,-0.0012293850766862,-0.0755851981812966,0.0070436761436135,0.0142572235587387,0.0162453052678145,0.4335822315377671,0.0495430342983589,-0.3145860109252807,0.0107347329351976,0.0123720534470936,-0.0177129567189511,0.0110909762430928,0.1212148025562245,0.1947073399028995,0.0066142415402055,-0.0039297194178775,0.0022376318484195,0.0023115947872509,0.0013969741524691,-0.0909527244453411,0.0107347329351976,0.0123720534470936,0.0131879728167096,0.001761466854232,35.47051930976966,-0.3856320546391458,-0.1677372506228275,-0.2178948040163183,0.1560517699698096,0.3864930739178548,0.0566157785022784,0.6896067354220977,-0.0078967077773195,-0.2740723201075969,-0.0880083040800005,0.0077493092372316,0.0053510385188775,0.1067293138794589,0.0527996037542015,18.709999084472656,-0.0310720040426705,0.0703661083779962,-0.1326117185207057,-0.6932708183083284,-1.068288921134477,-0.0405128674629406,0.0018484880681621,-0.0041347264167109,0.0109910716511645,-0.0065860208727026,-0.0041347264167109,0.0065033310812743,-0.0021078361038504,0.0014576897740605,0.0043859257751392,0.0043859257751392,0.7559455844056554,-0.3782776587775412,0.0792899442073873,-0.0657703678865819,0.6612198418152754,-0.0189300651119932,-0.049465411434845,-0.0037634149803229,0.0281226149050051,0.0379156358172219,2.0520128678867238,0.9528372268561748,0.0282731001006133,132.39999389648438,0.1409858053419568,0.1291147150301477,0.8414918239347908,167.23036193847656,0.0523514556767552,-0.0931901195567229,0.5489704315903596,437.239990234375,0.091217618533703,0.0580520029869933,3.4730025625885075,51.7265853881836,0.0007708846072462,0.0576491428595495,0.0144674461248358
2026-04-27,56.36352157592773,713.332275390625,18.020000457763672,84.96842193603516,78.93157196044922,27.450000762939453,56.69115677347918,57.26700573340741,56.22452459591297,33070600.0,-0.0017583489653164,0.0040679563863863,0.0308698781489082,-0.0059533704897029,-0.0925511467817363,0.0076616001274579,0.014224591507442,0.0155131862000785,0.4938765985766725,-0.0921329683995531,-0.3618352567177102,0.0028972607594279,0.0112039773412591,-0.0145123388778078,0.0073466866616962,0.1167917822045148,0.1909259601660251,0.0060805975417695,-0.0048559037260744,0.0020558205795637,0.0022361903533487,0.0013502762159285,-0.0925511467817363,0.0028972607594279,0.0112039773412591,0.0184956707520502,-0.0057792999155155,31.75458180117218,-0.3572059873798281,-0.2056309979742276,-0.1515749894056005,0.1377400651501066,0.3946396688429571,0.0312546876084736,0.5926984392140404,-0.0031143344274452,-0.2295015018485899,-0.0632307071583379,0.0017227878375636,0.0091009797242749,0.1278682639411286,0.0540170183590689,18.020000457763672,-0.0368786029114032,-0.0450450632573611,-0.1385821383691106,-0.8195735157913873,-1.5073285359740782,-0.047568690005342,-0.0049589528115474,-0.0088453825527833,0.0114986990453369,-0.0114423545773701,-0.0088453825527833,0.0031149183412608,-0.0008684934935901,0.0025566692592584,0.0047584578904611,0.0047584578904611,0.7600734880725093,-0.4464557180962115,0.0790143997691156,-0.0583701415962356,0.663346691531574,-0.0101892336740534,-0.0463590573234873,-0.0005384535680971,0.0215725669303992,0.040069692460275,2.0930364193584965,1.0658859712684372,0.0217688984246333,134.72000122070312,0.1104517108439342,0.084702129878835,0.7269868372161317,168.65338134765625,0.0519520925416723,-0.0993728780151058,0.5999283053701727,439.4100036621094,0.1013058332716336,0.0557664362670242,3.8632699415270606,51.58710861206055,-0.0086157848632816,0.0586791564950517,-0.1854489724479743
2026-04-28,57.29678726196289,709.8612060546875,17.829999923706055,85.05705261230469,78.82372283935547,27.530000686645508,57.30671778147171,57.63435296497647,56.96915207845813,39151300.0,0.0165579733121881,0.0128115185865635,0.0329335749837116,0.0314565916354552,-0.0685926530235622,0.0082498362733212,0.0132663846363062,0.0161698161439222,0.5101997258158294,0.183870265432136,-0.2366899177689859,0.0129181515147689,0.0247349654567985,0.0055145342988667,0.0219133724371827,0.132629115235112,0.208847307986022,0.0064805770106475,-0.0035529280182433,0.0021522900202327,0.002372098748301,0.0014098987273699,-0.0775256328879725,0.0129181515147689,0.0247349654567985,0.0116097414585746,-0.0001732871798152,47.90639770565169,-0.2564155838048592,-0.2157879151403539,-0.0406276686645052,0.1184845043918789,0.5465422404994654,0.031052754893413,0.9160066170975742,0.0122874671166669,2.007066656421715,-0.0451300912709636,-0.0048659922671194,0.0108083561583711,0.1261452090952488,0.0483318489218185,17.829999923706055,-0.0105438695466713,-0.0856410295535357,-0.1208086913587584,-0.886303837646666,-1.1736291924142055,-0.0766442042034567,0.0010431013575402,-0.002310277747003,-0.0007479647426719,-0.0104497282495252,-0.002310277747003,-0.0012422140488511,0.0003732669954128,0.0076867128172433,0.0021842509934772,0.0021842509934772,0.5325456507988355,0.0621223243109271,0.0807154789883654,-0.0283272192323891,0.6736277063716891,0.0088447452797697,0.0064851305045847,0.041488143931202,0.0218886386232781,0.0353254643649398,1.979262197404356,1.2272430197355406,0.0221252188253404,139.60000610351562,0.0884990729318957,0.075252284792959,0.6567873568626704,170.8127899169922,0.0403029580141587,-0.0745632827943089,0.502391665969296,441.6000061035156,0.0807635817598095,0.0987808231150573,3.072778485374961,51.208526611328125,-0.0071469989586291,0.0470564386015721,-0.1878691708540354
2026-04-29,58.60733795166016,709.7515258789062,18.809999465942383,84.39723205566406,78.55901336669922,27.61000061035156,57.86270802835476,58.68676696142354,57.64428582627273,40616700.0,0.0228730222465245,0.0379813780940094,0.0440396270679814,0.0586442517644114,-0.0364021930064161,0.0110209900713606,0.0143737671378589,0.0170737462041239,0.6454933377892992,0.0374291530549433,-0.1639896002724356,0.0271088659069811,0.0421227454406221,0.0305157015204058,0.042424972522763,0.155496141358105,0.2344314614050209,0.0086194891403535,-0.0018540642045633,0.002858929255146,0.0026508666967085,0.0015782558380879,-0.0564258561671704,0.0271088659069811,0.0421227454406221,0.0177875530878174,0.0128689089860865,59.74770965592846,-0.0699812743180814,-0.1866265869758994,0.116645312657818,0.1043073604287374,0.7925555914268778,0.0658556179446083,0.9116409010053256,0.0102125628818547,2.0754052061581625,-0.0192380141696033,-0.0001545093249859,0.0005201968625916,0.0941661348063769,0.0477052393409784,18.809999465942383,0.0549635191491706,-0.0058139857245238,-0.0575208290725878,-0.4557195184228896,0.4521180551924054,0.0053447560856758,-0.0077573879693213,-0.0119898820661041,-0.0074700967782947,-0.0180848308296409,-0.0119898820661041,-0.0041014409786046,-0.0045962886511033,0.011725895349536,0.0047307521936243,0.0047307521936243,-0.238189312997314,0.5932395512607905,0.0825744444565793,0.0007915361314663,0.6944225127312917,0.0416139179212933,0.0413269610839652,0.0726030529991805,0.043496803304778,0.0567094487364698,2.225509661202309,2.185519942356205,0.0435194302053898,150.6300048828125,0.1640650076329324,0.1837328478020627,1.352731507922553,176.8531951904297,0.0562225378974281,-0.0226035119734802,0.7796144304022504,445.7799987792969,0.0669953557095788,0.1028426021201869,2.398479191360067,50.770164489746094,-0.0167856675859225,0.0198118253966368,-0.4959374694488681
2026-04-30,59.222900390625,716.8132934570312,16.889999389648438,84.3184585571289,78.80411529541016,27.36000061035156,57.78328180632978,59.41153860447417,57.52514131644821,35896800.0,0.0105031632638317,0.050731017770871,0.0468586206324552,0.0542594724888951,0.0115313150046267,0.0110312106582619,0.0141443222014585,0.0150455813357225,0.7331860217913,-0.1162058956045173,-0.21185891412141,0.0283419237320332,0.0473916598510557,0.0407216494586202,0.0508020023738127,0.164481031373294,0.2451551215609699,0.0091587779891734,0.0005732668061421,0.0025021558889292,0.0027159822123058,0.0017030579039064,-0.046515342882964,0.0283419237320332,0.0473916598510557,0.0318524975234845,0.0249141021294072,65.13967175955936,0.125987695759278,-0.1241037304288639,0.250091426188142,0.1075555674628094,0.878610335282746,0.0889611569205453,0.8185876253536875,-0.0064071759931253,0.9521314239279688,-0.009244076568157,0.0099496335275648,0.0144116750028655,0.0967889400184873,0.0573249858429372,16.889999389648438,-0.1020733721853804,-0.1253236739111345,-0.1371868254966644,-1.1366341539520546,-1.497617217516794,-0.0627081597896623,-0.000933365900948,-0.0107452375988792,-0.0074193497107477,-0.0189060844921687,-0.0107452375988792,0.0003734567910202,0.0001244223318042,-0.0003653718880235,-0.0061750843463077,-0.0061750843463077,0.3662018888691316,-0.8119804153590631,0.082619701575296,0.0055835410352647,0.702371715565688,0.052498803074455,0.0293208464602263,0.0623861633785123,0.0319859741652699,0.0582295485659511,2.028094324360626,1.8370194194017828,0.0324469456295897,147.08999633789062,0.0918200341827679,0.1853493486886097,0.8234352622667215,177.34080505371094,0.051014438756801,0.0192164748471466,0.745406463122963,448.239990234375,0.0534924759339121,0.1314620004312332,1.7188435214269713,51.27826690673828,-0.0065624439485164,0.0200159198574041,-0.2175032100254269
2026-05-01,58.42862319946289,718.7982177734375,16.989999771118164,84.61992645263672,78.90167999267578,27.40999984741211,58.63712244473968,59.17325308112495,57.84284754106007,35828400.0,-0.0134116564018847,0.0197539162593045,0.0348162013217006,0.0696110047206364,-0.0067511321219537,0.0145680567585088,0.0107888164276723,0.0153324968738516,0.9501424280875664,-0.0019054623253326,-0.1915528733478189,0.007670916051407,0.026441506692109,0.0271222592142705,0.0347758698122306,0.1459975321460485,0.2263071676761658,0.0068447655367,-0.0003387012051894,0.0019070833592057,0.0025228282668985,0.0016788960398576,-0.0593031514886866,0.007670916051407,0.026441506692109,0.0227697567940829,-0.0035557550675048,59.08140019892836,0.214727737456414,-0.0563374368518083,0.2710651743082224,0.1059168537364467,0.7560712318906204,0.0788007346280744,0.5973457428742569,-0.0199962951549863,-0.9206207597612897,-0.0121051777993966,0.0027690952923506,0.0093985361960295,0.0988365952234417,0.0593091745739322,16.989999771118164,0.0059206859137612,-0.0919294172912018,-0.1165535853190319,-1.018985270023179,-0.9061641017425812,-0.0471116184061818,0.0035753487512293,-0.0090400843994952,-0.0099536616342397,-0.0154013776573913,-0.0090400843994952,-0.0021139150086132,-6.091745163194773e-06,0.0018274574541357,-0.0025472960695152,-0.0025472960695152,0.6359279728465989,-0.430295120255324,0.0812865443384827,-0.0054123848384375,0.6904830298117363,0.0345111326420575,0.0540117710675118,0.0838500111257456,0.025181000580265,0.0442563670142193,1.7664043417703563,2.710110009116529,0.025417665125671,142.8000030517578,0.0785499217122667,0.0353828664994233,0.8749824925380922,175.8083038330078,0.0512941656951448,-0.005908241331443,0.8005580744904771,444.7300109863281,0.0171302280652285,0.1144719323160552,0.5236430706054976,51.15871047973633,-0.0109783954263679,0.0186470620226331,-0.38631391375752
2026-05-04,58.96475982666016,716.1649780273438,18.290000915527344,83.97743225097656,78.64544677734375,27.479999542236328,58.30948565780623,59.20304306414503,57.80313898580329,36883000.0,0.0091759243644506,0.006098585731616,0.0461510952119674,0.0784456520465077,-0.0048592855759603,0.0137300668124862,0.0106019826479928,0.0153876834082138,0.8922763456961238,0.0294347500865235,-0.1783326477379976,0.0078742899126749,0.0281134277852963,0.0368094445438602,0.0419749540150362,0.1536513107594723,0.2353630399980812,0.0090235611400432,-0.0002435565145464,0.0022560706769742,0.0024799018591192,0.0016938932676802,-0.0506713883568696,0.0078742899126749,0.0281134277852963,0.0237413682758492,0.0112378656999215,69.19638798694338,0.3245751052011769,0.0198450715587886,0.3047300336423882,0.1043536788945696,0.8527373920477639,0.0507382331280967,0.6551944052287958,0.007143062453912,0.66830874324641,-0.0106232438415768,-0.0036633921467564,0.003971084352194,0.0896604696360605,0.0543375596582607,18.290000915527344,0.0765156657988361,0.0149833768537639,-0.0341913756609555,-0.3455654811771081,0.638177653875985,-0.0276447934704386,-0.0075927057443115,-0.011663035072072,-0.0158832480683502,-0.0225841986723139,-0.011663035072072,-0.0044903228597763,-0.0036249776356771,0.0058565098535641,0.0010928516744297,0.0010928516744297,-0.5525264987995603,0.255980399177286,0.0823340454165699,0.0122472154817427,0.7021500687284287,0.0513785634518764,0.06449207192289,0.1009099998029878,0.0420131730058634,0.0584963755638294,1.700494043704147,2.316429628522667,0.0421800108597734,147.61000061035156,0.0956799233436138,0.0624010221433646,1.1614473432602612,180.12713623046875,0.0680315733436787,0.0108902141186062,1.1582749986943457,443.510009765625,0.0093307072423147,0.1099126950880819,0.2750431022288234,50.46132278442383,-0.0218230069086198,0.0085623244154335,-0.7615435705435805
2026-05-05,59.02433013916016,721.9102172851562,17.3799991607666,84.44200897216797,78.76370239257812,27.5,58.80590415909029,59.332108070294815,58.46833845688389,27041400.0,0.001010269738656,-0.0033529302036054,0.0301507808683736,0.0640773288546314,-0.0118018881999255,0.013386272105497,0.0104861264697197,0.0152709967939309,0.8765813659417268,-0.2668329582734593,-0.389577484882441,0.0029692617527363,0.0228132983522564,0.0385005101046913,0.0410350686078286,0.1520293099252128,0.2343685323987971,0.0059410361440575,-0.0005936041659524,0.0019441715121421,0.0024132699770963,0.0017394938386962,-0.0497123103884861,0.0029692617527363,0.0228132983522564,0.0146341281870448,0.0037143545906368,70.89467225954677,0.411691043830821,0.0982142660131951,0.3134767778176258,0.0998795080319788,0.8854695609069723,0.0220000463910653,0.6349661587051088,0.0021279131398578,0.0754705757677368,-0.0057375302430355,0.0080222287239424,0.0169737564578793,0.0979188902233065,0.0618853055610955,17.3799991607666,-0.0497540573652018,-0.0252384052083561,-0.0614284248486691,-1.1439923888905923,-0.3466091824314629,0.0290112367569697,0.0055321615431507,-0.0072309540625646,-0.0103247218277653,-0.016959662717525,-0.0072309540625646,-0.0003884687900378,-0.0007614515607143,0.0010921254967386,-0.0010897452196599,-0.0010897452196599,-0.1921854593371269,0.7106764992988626,0.0817613170251688,0.0108468557169343,0.6989924903209555,0.0467323825653109,0.0351293456232757,0.0743096190729419,0.0129570938549976,0.037654009342767,1.7820484499347011,2.3739446920958787,0.0131770244104942,144.1699981689453,0.0327363314156374,0.0441048396374004,0.4957930952539128,179.7091827392578,0.0520827089504767,0.0013862628864247,1.0658027554996012,440.7000122070313,-0.0020380296287255,0.0807298384577015,-0.0599868638765902,51.33803939819336,0.0025291254296033,0.0289536103208229,0.0929971200984692
2026-05-06,56.59187316894531,731.9443359375,17.389999389648438,85.0844955444336,79.00022888183594,27.350000381469727,56.87979764316289,57.475500056303616,56.25430745819661,57907500.0,-0.0412110898078792,-0.0314357917393894,-0.0343892907126615,0.0081358448172019,-0.0180878313532117,0.0214678023232308,0.0180409516472405,0.016044823838403,1.337989198351861,1.141438682908429,0.3531789452530076,-0.0317319986701475,-0.0201134469208114,-0.0033832370048265,-0.0029461758685302,0.1024315069870802,0.1816032764335131,-0.0069989036898145,-0.0009126707962166,0.0011211451903113,0.0019544366040176,0.0015811102333638,-0.0888747017083883,-0.0317319986701475,-0.0201134469208114,0.0215789393374794,-0.0050619813386798,52.00764474209097,0.2812104848046459,0.1348135097714853,0.1463969750331606,0.0991423966363733,0.4658749725686449,0.0737522928236877,0.0697489873839445,-0.030732492561416,-1.9196696181431667,-0.0356271560686714,0.013899399692774,0.0312684217636753,0.0855312181596061,0.0755463252537629,17.389999389648438,0.000575387190145,-0.0754917659016958,-0.051540799349893,-1.1412608626188312,0.0036206996477858,0.0235432386061738,0.0076086130598502,0.0081431993920872,-0.0060069925900151,-0.0093883007766084,0.0081431993920872,0.000994254590851,0.0056163576428487,-0.0047306827850122,-0.0094168860244195,-0.0094168860244195,1.1545792788166465,-0.9518525425245168,0.0773171816357598,-0.0392519743598142,0.6651255649672553,-0.0033722557039866,-0.0229394528972589,0.0121280001891996,-0.063666947509213,-0.0421889371771749,2.7768519466489376,3.1505755647103872,-0.0656577124763369,133.9499969482422,-0.1107349624501908,0.0752126744218091,-1.7523730312676946,168.50411987304688,-0.0472090725213802,-0.0137456510656965,-1.143218538447427,432.5899963378906,-0.0295885918559045,0.054069207532696,-0.865011013201202,52.21476364135742,0.0284537024082931,0.0127535835557275,0.9971645113789114
2026-05-07,55.54939270019531,729.7001342773438,17.079999923706055,84.65946960449219,78.70457458496094,27.40999984741211,55.46996369091217,55.74796143601956,54.73526429196117,52909900.0,-0.0184210277973633,-0.0579221748126349,-0.0620285002287933,-0.0180764495569593,-0.024071134663726,0.0194458471036582,0.0188256883342956,0.0163280270488384,1.190948903657816,-0.0863031558951776,0.2395505701158575,-0.0374689970474196,-0.0364578536114995,-0.0205603174745542,-0.0220877696430433,0.0801221232849587,0.15813146854099,-0.0128071428953483,-0.0012182789550985,0.0008299175145012,0.0019168558425086,0.0014646910176647,-0.105658566155099,-0.0374689970474196,-0.0364578536114995,0.0182305709357435,0.0014319282724924,54.67337952477877,0.0926166135897901,0.1263741305351463,-0.0337575169453561,0.1011070180896365,0.2966479690230159,0.1081363638060998,0.153502339743866,0.0008863638068483,-0.9472987600832856,-0.0643591095147659,-0.0030660824190705,0.0179779601437943,0.0759954531627158,0.0711667710417667,17.079999923706055,-0.0178263068903218,0.011249291943377,-0.0622855433743274,-1.3727215623046047,-0.6722178080905776,-0.066156420516855,-0.0049953394824965,0.0040443225979069,-0.0084627252462963,-0.0139751263726668,0.0040443225979069,-0.0011388758495576,-0.0012631410184109,-0.0043589115960904,0.0018274574541357,0.0018274574541357,-0.6752364462838731,-0.2027204162349213,0.0761263292834781,-0.0494397053230258,0.6561509652695456,-0.0160462411912621,-0.0491214251888941,-0.0114090240534951,-0.0785935093931565,-0.0658066793861656,2.939988829264498,2.6013642720930927,-0.0800064603725877,134.97000122070312,-0.082398500366713,0.0630907545210441,-1.3716489451572904,165.25006103515625,-0.0681780147264629,-0.0101334513026822,-1.7235534396331296,417.6900024414063,-0.0681554266878214,0.0161784589291569,-1.8753583740014816,51.208526611328125,-0.0013600361247971,-0.0052254533190984,-0.0436854993081328
2026-05-08,55.30118179321289,735.724609375,17.190000534057617,85.0844955444336,78.98052215576172,27.34000015258789,55.45010550202801,55.82738571498337,55.06289855677173,30573500.0,-0.004468291999555,-0.0630781973665655,-0.0535258446116996,-0.020573209871914,-0.0217773025514042,0.0197580586591395,0.0188468150886637,0.0162933445923247,1.2126458956622723,-0.4221591800400303,-0.273535543913337,-0.0312706463212787,-0.0388265622424162,-0.023877306827165,-0.0267626764936234,0.0733732769605415,0.1513713621788615,-0.0110023228318039,-0.0011008963932985,0.0003253861242107,0.0018583264044149,0.0013645176197453,-0.1096547448288187,-0.0312706463212787,-0.0388265622424162,0.0138240654796543,-0.0026857245349997,53.103462112244685,-0.0759978776750358,0.0858997288931098,-0.1618976065681457,0.1036386190603817,0.2696099480710591,0.1266965364471275,0.2531846789329681,0.0165577737893001,-0.2261503445500581,-0.0631368674650303,0.0082560970111682,0.023548182484361,0.0855973976885293,0.0787588163744628,17.190000534057617,0.0064403167940818,0.0117716754345953,-0.0509316475330507,-1.1244546959544963,-0.5763382251104022,-0.0109320273810993,0.0050204181756279,0.0054900673076914,-0.0010652013012797,-0.008831416586663,0.0054900673076914,0.0009931478503295,0.0009992456826426,-0.0050945921390304,-0.0025538013576759,-0.0025538013576759,1.044456285658566,-0.953501636687292,0.0751656001288191,-0.056576312843143,0.6499560400441348,-0.0243293208389567,-0.0520159790727151,-0.0170348816820402,-0.0753008294235709,-0.0586936796674806,2.924309310357234,2.558388326116808,-0.0770740270960607,133.58999633789062,-0.0644958439568732,0.0702611493711617,-1.0791010319987182,164.35446166992188,-0.0651496084847358,-0.0195892210951263,-1.714232866754675,420.8399963378906,-0.0537180178046764,0.0269900863671741,-1.4651539450163584,51.39781951904297,0.0046738675987807,-0.0071207915603097,0.139459657445625
2026-05-11,56.76065444946289,737.4002685546875,18.3799991607666,84.57050323486328,78.82283782958984,27.350000381469727,55.85717030494039,56.810299473656464,55.83731684012328,31943300.0,0.0263913466028156,0.0029824296505207,-0.0373800450248031,0.0070459201701968,0.0010506027072798,0.0249289859235965,0.0208667904218586,0.0173959011462423,1.4330378335096288,0.0448035063044793,-0.2307908105613503,0.0020331363800509,-0.0141403854407098,0.0018312153592872,-0.0021064749474679,0.0996093939347608,0.1799928437760207,-0.0076193184080061,5.250256052455664e-05,0.0010654684594527,0.0019347595329097,0.0014591803294351,-0.0861573346034237,0.0020331363800509,-0.0141403854407098,0.0171418501595939,0.016174900009974,56.00739181183548,-0.0908120064845121,0.0505573818175854,-0.1413693883020976,0.1036445484180286,0.5176682265226473,0.1040434840408207,0.5195412177782637,0.0253972033859753,1.0586610151347475,-0.0466949792012976,0.0022775630423874,0.0296513948306098,0.0775397141875302,0.0796398141440799,18.3799991607666,0.0692262123175218,0.0049206255185505,0.0168459653179005,0.3861069510786286,1.7306784035683198,0.0569292585316287,-0.0060409632363852,0.0070622662302206,-0.010075598018441,-0.0143093405567434,0.0070622662302206,-0.0013775746277276,0.0022555794329495,-0.0036430010451853,-0.0047306827850122,-0.0047306827850122,-0.2139457564265189,-0.8101063531816709,0.0769740083777218,-0.0302993180819993,0.6711637305956567,0.006942465765569,-0.0258230322239476,0.01178424369018,-0.0651011013940698,-0.0441306488638351,3.2440672624436155,3.85172235629468,-0.067031439855413,138.66000366210938,-0.0606327275336013,0.0793181469960484,-1.0155302753093032,167.83738708496094,-0.0682281937230343,-0.0001777964098396,-1.8200567492283384,431.1499938964844,-0.0278686288854502,0.0437445722659273,-0.7938400944665918,52.0653190612793,0.0317866474429913,0.0013412001030055,0.9197679125429044
2026-05-12,57.15779113769531,736.2831420898438,17.989999771118164,84.00709533691406,78.71443176269531,27.450000762939453,57.31664536574677,57.42585835766658,56.73086968967258,36814500.0,0.0069966897331321,0.0289543838252321,-0.0316232136318049,-0.0024258973479975,0.0289543838252321,0.025565898625064,0.0202804269757716,0.0167615700914015,1.5252686329731409,0.1524952024368178,-0.0893512761066795,0.0157380167080931,-0.0070029038240857,0.0074107788865223,0.0038321143949837,0.1049877268024392,0.1864084752762849,-0.0064268050649432,0.0014271562640779,0.0010678246223092,0.0021464095712072,0.0015129495842986,-0.0797634610087453,0.0157380167080931,-0.0070029038240857,0.0121591239647407,-0.0027715199840776,54.88151613891239,-0.0697032034251492,0.0265052647690385,-0.0962084681941877,0.1020915751321427,0.5725895244238334,0.057202862451519,0.7751263841286195,-0.0026547715419452,0.2736727373470874,-0.0370205582831399,-0.0015149526145865,0.0199095738785064,0.0629553126164219,0.0764770601795128,17.989999771118164,-0.0212186837571199,0.0350978503916485,-0.0037104781228287,-0.0852473171011291,0.6888742073653201,0.0532786798288611,-0.006661990604272,-0.0051504415935585,-0.021857195839931,-0.0201706678760457,-0.0051504415935585,-0.0013865251820558,-0.0006255499473252,-0.0029059179698771,-0.001818154074929,-0.001818154074929,-0.9715780063990368,0.2740655189980621,0.0776301776724921,-0.0204502887538435,0.680392422907393,0.0182218685770658,-0.0382244069482394,0.0100422183822279,-0.0505268200536079,-0.0266098243845537,3.362152652729545,3.620825632253111,-0.0515327875103114,144.3000030517578,0.0009017471350742,0.1651191346757248,0.014476373946251,168.91212463378906,-0.0600807256529252,0.0386734157423156,-1.4641962427751352,437.239990234375,-0.0078511955453062,0.0855014982252375,-0.2227357627094487,51.94577026367188,0.011837827712211,0.0024995361958637,0.3337243693959112
2026-05-13,57.21736145019531,740.4025268554688,17.8700008392334,83.81929779052734,78.75386047363281,27.51000022888184,57.05850722615089,57.2967866685258,56.552156783183165,22707200.0,0.0010422080929701,0.0346498862202904,0.0110526166784179,-0.0237167656823332,0.0335366341043659,0.0164256229004634,0.0186471976316695,0.0167217966476393,0.9822881036227749,-0.3831995545233535,-0.4263607486372177,0.0145412189693547,-0.0035618017218334,0.0068134148020149,0.0036448656133813,0.1038832351545513,0.1858599960805758,0.0021983965752769,0.0016493273076666,0.0012702008634144,0.0020889369810994,0.0014616473070226,-0.0788043830403619,0.0145412189693547,-0.0035618017218334,0.0130140549383912,0.0027840585351244,53.19568131364955,-0.0476185811886082,0.0116804955775091,-0.0592990767661174,0.0995475748996993,0.56844380497345,0.0644533664279077,0.7256083704428299,-0.0105077539804599,0.063450137375955,-0.039592132885144,0.0055948378146111,0.0115557843714102,0.0605337361187352,0.0808888582268343,17.8700008392334,-0.0066703131412717,0.0276021544814248,-0.0095332598306726,-0.2186775148829106,0.3042166847954127,0.0395578990139373,-0.0022354962474723,-0.0148698978093549,-0.019772619029987,-0.0215926445445983,-0.0148698978093549,0.002480264180815,-0.0031185784103439,-0.0036218898681311,0.0058500857470009,0.0058500857470009,-0.6108849359294553,0.9077979087771548,0.0772787225527182,-0.0236415598932487,0.6826275447115665,0.0188824360937263,-0.0641326979395631,-0.0169852903721877,-0.0004974196191313,0.0263137979746317,3.161253446956126,3.4690010009291554,-0.0005031676929923,142.0399932861328,0.0603956440627362,0.1586589242945471,0.9650896116222666,167.51893615722656,-0.0058466446788515,0.0248386968494007,-0.1355867671728242,437.4500122070313,0.011234693151213,0.0846495620121035,0.3173033221459796,51.86606979370117,-0.0066780700196459,0.0132347302680533,-0.1857537705060506
2026-05-14,57.65421295166016,746.2474975585938,17.260000228881836,83.93790435791016,78.69471740722656,27.6200008392334,57.237222009711886,57.76342594713718,57.09822124167879,23487000.0,0.0076349466384446,0.0157425687012269,0.0378909678243419,-0.0264878523108126,0.026334403284334,0.0116414745640629,0.0184504436350412,0.0165076023209179,0.7052189429165181,0.0343415304396843,-0.4007605113755234,0.0147131025172624,0.0067963808103594,0.0131816871483199,0.0102386521903823,0.1098666848049758,0.1931183304725521,0.0074381477189776,0.0012996811386124,0.0010806094062585,0.0022610135967175,0.0014510999366413,-0.0717711036613059,0.0147131025172624,0.0067963808103594,0.0115378334279946,0.0072853106301615,55.71429355552262,0.0050754002382262,0.0103594765096525,-0.0052840762714263,0.0996014710851481,0.6323443017930027,0.0637325976795809,0.7308567837016999,0.0023874237380356,0.6558401120570656,-0.0330537038147101,0.0078943149045545,0.0226769360507759,0.0662856887702976,0.0877388911633754,17.260000228881836,-0.0341354550477867,0.0105386596006917,-0.0415370764326702,-0.9284441812739224,-0.9457104957883704,-0.0609357444517996,0.001415026974805,-0.008523148679681,-0.0121282419355838,-0.0195235417438698,-0.008523148679681,-0.0013882255739245,-0.0001252427547745,0.0095029321301793,0.007661473658896,0.007661473658896,-1.01190510900187,1.940979588756309,0.0772588358959733,-0.0220348682341852,0.6868674336426523,0.0232451665698651,-0.0648860450607776,-0.022074183198776,0.0148766743800026,0.0468131116144718,3.230728636871089,2.824568914949411,0.015214031773566,143.0,0.0594946929441468,0.1363636694333125,0.9678659056935072,168.3946533203125,0.0190292957561284,0.0083422806607345,0.4321127735516226,441.4299926757813,0.0568363860652978,0.0829183018622139,1.5933050209452184,51.47751998901367,0.0052529021138842,-0.001545938242231,0.1456535458980307
2026-05-15,59.01440048217773,737.2706298828125,18.43000030517578,82.6924819946289,78.31036376953125,27.770000457763672,58.27970109965069,59.04418825368483,58.0612751163885,33565500.0,0.023592161975362,0.0324821744774876,0.0671453767995347,0.010025519182869,0.080334410366671,0.011171928611132,0.0196935056523101,0.015722229748966,0.7105816464286876,0.4291097202707881,-0.0760252141021254,0.0252518079041275,0.0294957887472251,0.0331012807239738,0.0326895568328784,0.1332222913365426,0.2191851792752659,0.0129974422421374,0.0038635316218097,0.001347987634854,0.0025504429822897,0.0016395940358469,-0.049872177188672,0.0252518079041275,0.0294957887472251,0.0166554794976383,0.0126064370383574,61.34237617453345,0.1548070074915628,0.0392489827060346,0.1155580247855282,0.0969838876440845,0.8413070101443075,0.060604111347156,0.9166682316234056,0.0127647704828661,2.111735644293189,-0.0141815117296568,-0.0120293437567962,0.0021013576114108,0.040879232009342,0.0731834441706293,18.43000030517578,0.0677867937878782,0.0721349466314105,0.0207416228501413,0.4676162897641315,0.9397387879243254,0.0244580622376666,-0.0148374250323284,-0.028113389337256,-0.0356158589135607,-0.0331447086763734,-0.028113389337256,-0.0074943426198202,-0.0084851095933351,0.0131339150804683,0.0157278823253803,0.0157278823253803,-2.912147268822423,2.7153477746103305,0.0800444207191027,0.0113546629742964,0.713661013174219,0.0571290022946207,-0.0152808023700415,0.0335677813382355,0.0649076250561733,0.0980142797438399,2.5700651722935817,1.4280151181893557,0.0650440191881238,148.22999572753906,0.1095890395312184,0.2774042964326138,1.6258259316004613,173.28070068359375,0.0543109017119274,0.090425180519281,1.0938534847352397,440.5199890136719,0.0467635986290149,0.0994034947954312,1.3394697373012838,50.11262130737305,-0.0250049170119708,-0.0304549975722117,-0.6901688298155577
2026-05-18,60.146240234375,736.751953125,17.81999969482422,82.59363555908203,78.38920593261719,27.700000762939453,58.7066216871356,60.26537995650868,58.29955749807734,41516600.0,0.0191790434698913,0.0511886376782528,0.0596467010070591,0.020037059613031,0.1000545318659777,0.0093487073759229,0.0203869396223642,0.0160609505601034,0.5820768054083277,0.2368831091448064,0.1329212058630744,0.0327662169400826,0.0470824212909695,0.0478974746237219,0.0506530768046027,0.151930172249415,0.2402799845353125,0.0115871103260273,0.0047679876499584,0.001755471145807,0.0026564025555201,0.0017614556725507,-0.0316496343730202,0.0327662169400826,0.0470824212909695,0.0326840455990435,0.0245222515938923,61.98830390585604,0.3606431243753931,0.1035278110399063,0.2571153133354867,0.0986802987936839,0.9853803161243336,0.0895100097426848,0.8660620419355991,0.002116164243807,2.051517995714349,0.0006032707811429,-0.0007035093177317,-0.0008791906612106,0.0422311499996115,0.0711040740781416,17.81999969482422,-0.0330982420103516,-0.0304678722258998,-0.0101649827443377,-0.2349836491151875,-0.1288540886692388,-0.0027980493598748,-0.0011953497242143,-0.0233753803059588,-0.0365472090588678,-0.0333932611866691,-0.0233753803059588,-0.0032581777487006,-0.0055013484532254,0.0080058669711762,0.0127970887235109,0.0127970887235109,-2.060825739610342,1.8205729653210787,0.0816370285538562,0.0286884257639865,0.7282188249402141,0.0715167037625013,-0.0084657186366482,0.0371270435948187,0.0605791522932299,0.0850092037809031,2.736707224382202,1.2044001459603026,0.0605258916682698,149.2899932861328,0.076662262680498,0.2305472606467691,1.1563620972003252,175.35055541992188,0.0447645692384242,0.0937247876583693,0.8390619858819846,453.9200134277344,0.0528122923659761,0.1376726848738545,1.42789159260527,50.03292465209961,-0.0390354740127035,-0.0384835849160205,-1.190619269421504
2026-05-19,60.85115814208984,731.8446044921875,18.059999465942383,82.05987548828125,78.20195007324219,27.790000915527344,60.37459544643889,61.04972687879032,59.86824497848349,31111000.0,0.0117200660418332,0.0554503309777232,0.0646170352436654,0.0309504233020962,0.0970109726088461,0.0089876909828542,0.0205991787810415,0.015984507133866,0.5622751045940637,-0.2506370945597664,-0.1390622915869912,0.0317834720429341,0.0559958975493393,0.0552322984566708,0.0609740035873314,0.1622321314634678,0.2523177486882335,0.0125230286344848,0.0046294591810616,0.0018678736698416,0.0027768327971794,0.0019134674387992,-0.0203005041362386,0.0317834720429341,0.0559958975493393,0.0194159312062397,0.0078934308731515,59.94718321768388,0.5740336117302789,0.1976289711779808,0.376404640552298,0.1065895773314385,1.018177291246095,0.1057647696652007,0.800510955997399,-0.0067633776174077,1.304012872736583,0.0051086653627991,-0.0066607880874933,-0.0060283026242567,0.0421116625622881,0.062603482196264,18.059999465942383,0.0134680008545606,0.0038910336695279,0.0071942231769495,0.1855654299991044,0.4046540069821356,0.0463498972451852,-0.0064624842723984,-0.0231792307640611,-0.0374661257404639,-0.038576186100068,-0.0231792307640611,-0.0071321218057528,-0.0065106445918091,0.0105454878373578,0.0123861618629508,0.0123861618629508,-2.416655012393968,2.131572662136574,0.0831476487885201,0.0449838172615169,0.7415458258985518,0.0838775951257524,0.0169558394335136,0.0608781012197385,0.071073792195933,0.0898796061394149,2.654492692083372,1.0815676633365865,0.0706453378679222,152.9600067138672,0.0600138841230875,0.1926706176519859,0.8884301925351986,177.6890869140625,0.0519617067117139,0.0821817430261733,0.9244402606732264,451.0199890136719,0.0315158702018778,0.1038178714549737,0.883976935990978,48.85731887817383,-0.0594553005917778,-0.052733228604563,-1.8244967247495836
2026-05-20,59.37182235717773,739.3452758789062,17.440000534057617,82.93959045410156,78.70457458496094,27.729999542236328,60.37459272804226,61.25821958982081,59.25268263547523,61776800.0,-0.0243107252200164,0.0060565196304576,0.037653971668333,0.049122763262021,0.0576582632581148,0.0188751637958074,0.0169093231277342,0.0171397895447448,1.1012482180883298,0.9856899488926748,0.6608119877155918,-0.0006016822136233,0.0253771905822897,0.0266975370546473,0.0336726234616775,0.1310899617567926,0.219618769410492,0.0073924737077761,0.002802863933398,0.0014728058176536,0.0026242399195358,0.0018015235924892,-0.0441177093783711,-0.0006016822136233,0.0253771905822897,0.0337792722999199,-0.0166091450981957,50.61322893094683,0.6166685051722638,0.2814368779768375,0.3352316271954263,0.106340750173819,0.7510565047830585,0.0814940644648895,0.4926168584476161,-0.0263295650968356,-1.2879741969413832,0.0058376246453222,0.0102489945825634,-0.0014279408000573,0.0422378170385209,0.072050934166332,17.440000534057617,-0.034329952946785,-0.0240626908215761,-0.0233521500250354,-0.629576464677883,-0.7691333539570294,-0.0537167528337011,0.0107204033711449,-0.0104952840171037,-0.0290540039050202,-0.0273293190041957,-0.0104952840171037,-0.0037424486113479,-0.000625821875594,0.0138939362144967,0.0079970669401712,0.0079970669401712,-0.0726786827569173,1.4883834077502398,0.0803032416574228,0.0084938780653236,0.7158441708249556,0.041842306951602,0.0386209114001365,0.0762541819606605,0.0391377989283043,0.0486599557412001,2.358359449434218,1.9990356099746944,0.0390819124683904,144.27000427246094,0.0156998809612436,0.1149150778776084,0.2321936325829354,173.87777709960938,0.0379589381848428,0.0384524114159234,0.6893252343265983,451.0400085449219,0.0310663983510393,0.0795854360323335,0.924109667508721,49.534786224365234,-0.0449481439139053,-0.0407099866950446,-1.408053589991281
2026-05-21,58.70662307739258,740.8114624023438,16.760000228881836,83.2459945678711,78.7439956665039,27.729999542236328,60.04695539844201,60.156168391060646,58.299558878694455,45851100.0,-0.0112039559066142,-0.0239352809314861,0.0182538286770961,0.0568364517365131,0.0377326009267422,0.0206537136821408,0.0159271636074072,0.0173819890710287,1.188224915429288,-0.2577941881094521,0.2144719200168248,-0.0152877492420296,0.0083904850135902,0.0133242162006879,0.0207339438872289,0.1157520909906959,0.203822133154875,0.0036178455190777,0.0018519070829701,0.0013547367192066,0.0024675736974797,0.0017387516012018,-0.0548273724144093,-0.0152877492420296,0.0083904850135902,0.0316252139033552,-0.0223214035108965,51.15704400310933,0.5899800203912662,0.3431455064597232,0.2468345139315429,0.1049166895879513,0.6269980615383235,0.058637622810755,0.2392842937823583,-0.0032255289294522,-0.5424668675365348,-0.0134103109991317,0.0019830877010671,-0.007284493648601,0.048373130487892,0.0728461810465557,16.760000228881836,-0.0389908419926848,-0.0289687134049587,-0.0546828555897174,-1.5856928063791629,-1.4765325982729156,-0.0594836971995155,0.0036943046389781,-0.0082431148994233,-0.0233277744126679,-0.0228473702987901,-0.0082431148994233,0.0005008740819811,0.0006261952631756,0.0116745602555861,0.0039825742092911,0.0039825742092911,0.1233719551175347,1.3452884781187806,0.0792463751667874,-0.0042708011548451,0.7052185919831688,0.0232878662398121,0.0409851087353874,0.0747810021028716,0.0257257211782255,0.0267171763308025,2.266951111479037,2.43286787003968,0.0255383223256971,142.5399932861328,-0.0032168301669034,0.0580462588670755,-0.047486210501993,169.8176727294922,0.0084505023236864,0.0064284186638101,0.1600552866522796,445.1300048828125,0.0083818776893775,0.0461831188048826,0.2520515877545922,49.83366775512695,-0.0319333999430732,-0.0345493307374344,-1.0047383204513267
2026-05-22,59.06404495239258,743.7239990234375,16.700000762939453,83.70067596435547,78.75386047363281,27.770000457763672,58.56762502227034,59.183184675154536,58.40877079612657,42428900.0,0.0060882717530663,-0.0293685978091704,0.0008412263754138,0.0680430876368993,0.0460700130426983,0.0177367480737393,0.0155262639540664,0.0173790840961496,1.020580080919734,-0.0746372497061139,0.1149641102589607,-0.0094575201364692,0.0080146529547167,0.0172099953144357,0.0255329683047911,0.119914425444187,0.2089222176780225,0.0001681745485631,0.0022520148738991,0.0014013138460608,0.0024096580755948,0.0018155093090257,-0.0490729046041085,-0.0094575201364692,0.0080146529547167,0.0131114264126706,0.008476012642368,50.41946787356687,0.5908591061566852,0.3926882263991156,0.1981708797575695,0.1032046757428549,0.6667559651785181,0.0580690562225988,0.337133221173505,0.0158778043561231,0.343257477892638,-0.0307535452382632,0.0039315490768039,0.0087530533281254,0.0444014709351121,0.0755566633864741,16.700000762939453,-0.0035799203534011,-0.0938686659571288,-0.0526972167137599,-1.5306462305676032,-1.0699885655717134,-0.0753044708316642,0.0054619011862928,0.0121920874232803,-0.0198051656808265,-0.0166349565456871,0.0121920874232803,-0.0028698427908832,0.0056633206992471,0.0157278823253803,0.0,0.0,0.2083442078522596,1.431132336537271,0.0794166183018806,-0.0022111063091875,0.7056579205829284,0.0206347825655668,0.0565553679578969,0.0857009968474349,-0.0078431752217341,-0.0112141373054617,2.320385169746148,2.8603284850251733,-0.0079118269527116,140.9199981689453,-0.0493152382735693,0.064350488408045,-0.7159933879286408,171.111328125,-0.0125194124333267,0.0232073060270672,-0.2623589411338026,443.9599914550781,0.0078089587923317,0.0153691367916759,0.2167122999645109,50.1026611328125,-0.000198755808431,-0.031394383433283,-0.0066142823429072
2026-05-25,,,16.59000015258789,,,,,,,,,,,,,,,,,,,,,,,,,,,,,,,,,,,,0.5908591061566852,0.4323224023506296,0.1585367038060556,,,,,,,,,,,,16.59000015258789,-0.0065868625943823,-0.0690235445174322,-0.0551046464126249,-1.507754679560514,-0.829377228872126,-0.0487385524908561,,,,,,,,,,,,,,,,,,,,,,,,,,,,,,,,,,,,,,,
2026-05-26,57.43578338623047,748.6613159179688,17.010000228881836,84.1158218383789,79.01994323730469,27.75,58.44848048028792,59.14346912766657,57.42585665425201,38819900.0,,-0.0216472967536689,-0.0561267009558691,0.0048635932740204,0.0024258973479975,,,,,,,,,,,,,-0.0115526677917654,0.0001211479804584,0.000343550365171,0.0022053111272267,0.0016633563332816,-0.0752878047671997,,,0.0299049194099847,-0.0173263203035532,,0.4314016829158476,0.4321382584636732,-0.0007365755478256,,,,,,,,,0.0229785275761513,0.0546587269910507,,17.010000228881836,0.0253164600621433,-0.0581394943582717,-0.0289155805905159,-0.7798255227834161,0.3245835499398638,0.0149164675767239,,0.0250542221501575,-0.0110658757271542,,0.0250542221501575,0.0038812638009051,0.0104600097989422,0.0109289336510904,-0.0014393995757299,-0.0014393995757299,,,0.0767179793653499,,0.6828178353483633,,-0.011750563176482,0.0035647258248501,-0.0773283372031792,-0.0791967111122582,,,-0.0791052285320205,137.0,-0.1043410434972232,-0.0186246847409711,,165.2898712158203,-0.0697804007751975,-0.0323331683994845,,443.1900024414063,-0.0173606198461157,0.0036005351356764,,50.80005645751953,0.039763491406271,-0.0079766043047649,
2026-05-27,56.58194732666016,748.5316162109375,16.290000915527344,84.31350708007812,78.97065734863281,27.75,56.60180079167806,57.08829400705656,56.075596858880125,48329800.0,-0.0148659251990808,-0.0420238340894713,-0.0469898837487897,-0.0111052678318319,-0.0345586524791581,,,,,0.2449748711356805,,,,,,,,-0.0096259520440722,-0.0017584963627083,0.0002465637312606,0.0019257059327977,0.0016286624642322,-0.0890345070922083,,,0.0178978843257179,-0.0003507567734633,,0.2554682348467878,0.3968042537402962,-0.1413360188935083,,,,,-0.0008579805025903,,,-0.000173242164746,0.012424966563979,0.0546389671850422,,16.290000915527344,-0.0423280013913216,-0.0659403430799501,-0.0632816278308273,-1.7482397008713508,-1.4482097857083398,-0.0245508879449861,0.0023501552666163,0.0165652689922177,-0.0009920346147219,,0.0165652689922177,0.0027528412410029,0.0033807788819777,0.0087240919346194,0.0007212570535102,0.0007212570535102,,,0.0755905911003166,,0.671089950900993,,-0.0218447121877561,-0.016901740780836,-0.0586856826678365,-0.0625195003996285,,,-0.0594148503127688,131.02999877929688,-0.0917724066061553,-0.1301201982882764,,162.563232421875,-0.0650718272712481,-0.0808012699638688,,425.5299987792969,-0.0565581972382485,-0.0454259950097618,,50.98934555053711,0.0293644010006124,0.0043171233143293,
2026-05-28,56.54223251342773,752.6609497070312,15.739999771118164,84.74842071533203,79.06922912597656,27.700000762939453,57.13793493268975,57.26700517890385,56.27416528854474,46554100.0,-0.0007018990174222,,-0.0368679111573414,-0.0192870630141939,-0.0452640424483772,,,,,-0.0367413066058621,,,,,,,,-0.0075129425365788,-0.0023160230484679,0.0003324565141019,0.0018845377778903,0.0016008782325133,-0.0896739128765859,,,0.0175592622757392,-0.0104256903922722,,0.1115491866163296,0.3397532403155029,-0.2282040536991733,,,,,,,,0.0055165786009099,0.0159952807240069,0.0500097536934822,,15.739999771118164,-0.0337631131674724,-0.060859215025901,-0.0919056313711562,-2.202813602599927,-1.5104370636402011,-0.0512357066697877,0.0051582913617962,0.0180480292806881,0.005099264924439,,0.0180480292806881,0.0047590452204306,0.0041302636057494,0.0028964489962077,-0.0010818167974068,-0.0010818167974068,,,0.075123111588872,,0.6671774180117382,,-0.0276437546894565,-0.0286663985894517,-0.0520309423520919,-0.0539423866640466,,,-0.0528631918813483,130.77999877929688,-0.0825031223568889,-0.110884478650247,,164.15542602539062,-0.0333430944676831,-0.0743505084705512,,420.6799926757813,-0.0549278007297397,-0.0614849146864009,,51.16867446899414,0.0267892526078383,-0.0021372102521222,
2026-05-29,55.88695907592773,754.5361328125,15.31999969482422,84.76819610595703,79.14806365966797,27.65999984741211,56.27416603230401,56.383379027668326,55.58910786236011,32389600.0,-0.0115890973591179,-0.0269661910918419,-0.0537905231351099,-0.0529945467665046,-0.0435003254288305,,,,,-0.3042589159708811,,,,,,,,-0.0110582600250306,-0.0022237415165334,5.23810296797132e-05,0.0018218081893057,0.0014850482428799,-0.1002237705288041,,,0.0142121020438618,-0.0068807231395308,,-0.0547516431837777,0.2608522636156468,-0.3156039067994245,,,,,-0.0026003669951706,,,0.0024914048034492,0.0145378309739361,0.0497189811485132,,15.31999969482422,-0.0266836138755616,-0.082634790722748,-0.1118583367466649,-2.2696703247076258,-1.2962716253168622,-0.0993533516353579,0.0002333422907245,0.0127540205536234,0.0017521836703946,,0.0127540205536234,0.0106971778678246,0.005005509363787,-0.0039611310240655,-0.0039611310240655,-0.0039611310240655,,,0.0740679692404014,,0.6592915933479481,,-0.0746641855236137,-0.0761838167177535,-0.0673492422095803,-0.0657065213647402,,,-0.068328354109046,129.08999633789062,-0.0839483535677598,-0.0960084483254387,,163.19015502929688,-0.0462925113287447,-0.0717722003375695,,418.25,-0.0579106044461656,-0.0595417676616885,,50.95945739746094,0.017100813515219,-0.0038948026720554,
2026-06-01,56.88972473144531,756.5908203125,16.049999237060547,84.81383514404297,79.08763122558594,27.76000022888184,56.62165750763975,57.39607519442813,56.44294602510272,55879400.0,0.017942748578523,0.0054394982733325,,-0.0541432929180586,-0.0351911056928725,,,,,0.725226615950799,,0.0039245774776284,,,,,,,-0.0017912617121248,0.0003222386921199,0.002061239933976,0.0015786400321859,-0.084079311866471,0.0039245774776284,,0.0167539775209807,0.0047343584699792,,-0.1044276638897727,0.1877962781145629,-0.2922239420043356,,,0.039803701222533,0.5985983051095409,0.0161295824874122,,,0.0027231134609038,,0.0564476671234441,,16.049999237060547,0.047650101617362,-0.032549783638375,-0.0634573749344684,-1.274350672133438,-0.0505489473580001,-0.0147330672178189,0.000538398127865,,0.0099598531491975,,,0.0089097125638586,,0.0021660456422318,,,,,0.0751921953109975,,0.6707599607402148,,-0.0789449757913113,-0.0789032942188998,,,,,,135.5,,-0.0820405159560869,,167.0512237548828,,-0.0725926850846926,,420.5899963378906,,-0.0516786835089619,,50.73031234741211,,0.0053306086353985,
2026-06-02,57.54499816894531,757.6182250976562,15.770000457763672,84.99246215820312,79.1470718383789,27.76000022888184,56.78051101173333,57.75349363344397,56.67130180703181,23842600.0,0.0115183091602797,0.0177348083183563,0.0019015111534288,-0.0543319153503129,-0.0250630878271225,0.0142245161220566,,,,-0.5733204007201222,,0.0150968124949799,,,,,,0.000379941113925,-0.0012691257770747,0.0005869311864876,0.0021054623997441,0.0016359024244891,-0.0735294542142528,0.0150968124949799,,0.0188060102675644,0.0134639006164281,,-0.0898850393558348,0.1322600146204833,-0.2221450539763181,,,0.0424725257734249,0.8554488983187838,0.0056067063874942,0.8097504513822377,,0.0013579397972762,0.0119639000830502,0.0494632254226639,,15.770000457763672,-0.0174454076390445,-0.072898280683896,-0.0754528699181024,-1.424070505196868,-0.175535572759765,0.0019060156976975,0.0021061070267225,0.010421824344873,0.0065187125784345,,0.010421824344873,0.0120856546959704,0.0016088166590102,-0.0010795496817974,0.0003603686083544,0.0003603686083544,,,0.0759551397559474,,0.677060020473725,,-0.0865028553106336,-0.0869613221093753,-0.0099434267653178,-0.0084324318677186,,6.79443299106248,-0.0100623889296214,137.27000427246094,0.0019708341055542,-0.0478601233551978,,168.02645874023438,0.016556292919128,-0.0650090541893679,,430.4500122070313,-0.0287461137755681,-0.0232584518177521,,51.32807922363281,0.0103941373875209,-0.0001940115882356,
2026-06-03,58.28962707519531,752.3018798828125,16.059999465942383,84.65506744384766,78.92914581298828,27.86000061035156,57.822994917988616,58.95483174859303,57.59463841806068,46312800.0,0.0129399414361583,0.0429915679613794,0.030180646464434,-0.0182274223531828,0.0299999595557058,0.011995135920037,,,,0.9424391635140464,,0.0220744016591554,,,,,,0.0059468343560668,0.0014779381487619,0.001015655490404,0.0021255320453594,0.0017300795846937,-0.0615409796094594,0.0220744016591554,,0.0233350837667507,0.008070010172744,,-0.0180663177625177,0.1021947481438831,-0.1202610659064009,,,0.0648158607324315,0.8405709869422452,-0.0013905812176347,1.078765629973183,,-0.0070171823204998,0.0050368796590851,0.0278129673880702,,16.059999465942383,0.0183892834344174,-0.0141191796598199,-0.0547659338431294,-1.0042117089518614,0.9013242575973984,0.0483028580847928,-0.0039697016157438,0.0040510752736822,-0.0050470781760899,,0.0040510752736822,0.0028533440300211,-0.0005256577194396,0.0046881020649576,0.0039639859586149,0.0039639859586149,,,0.0774816980176564,,0.688554493372287,,-0.0351361113391064,-0.0381223715508073,0.0250177553821484,0.0260241454187273,,2.528863717889815,0.0251437668053489,140.86000061035156,0.0750210022333286,0.051586441355272,,170.2953338623047,0.0475636546175692,0.0106300901758802,,431.2200012207031,0.0133715659477098,-0.0031669597743481,,51.43767166137695,0.0087925449130445,-0.0148826103153124,
2026-06-04,58.32934188842773,755.1445922851562,15.399999618530272,84.8436050415039,79.07772827148438,27.84000015258789,58.08113192294506,58.60733583780561,57.75349295056385,23916300.0,0.0006813358606874,0.0253053985368765,0.0316066291612309,-0.0064265523920099,0.0500446369096425,0.0118159039975698,,,,-0.4835920091205886,,0.016400807925895,,,,,,0.0062234842201968,0.0024416337304183,0.0006183872928666,0.0021710030413963,0.0017317214405855,-0.0609015738250818,0.016400807925895,,0.0146383082613032,0.0042735042735042,,0.0415759286184496,0.0900709842387964,-0.0484950556203468,,,0.0716352440010133,0.7289488666453486,-0.007753796984938,0.0576626048387781,,0.0037786857621391,0.0032998159119213,0.0348697455469311,,15.399999618530272,-0.0410958822764432,-0.0216010265268089,-0.0891077650676733,-1.518794226616537,-0.9148465246689588,-0.0404984205251163,0.0022271271330722,0.0011231398221756,0.0021750128824566,,0.0011231398221756,0.0042381974924652,0.0001074899249906,0.0039668450114476,0.0050541294509907,0.0050541294509907,,,0.0772426135131502,,0.6874924970467027,,-0.0252852152470058,-0.0251356035390644,0.028213713189592,0.030449290528306,,2.697253289442738,0.0283068132493096,136.74000549316406,0.0455727693033951,0.0131140568752505,,170.1858673095703,0.0367361678513564,0.0298687107496073,,438.9700012207031,0.0434772484153245,0.050946871255991,,51.42770385742188,0.0050622649719935,0.0042800928008981,
2026-06-05,57.25707244873047,735.65478515625,21.51000022888184,84.406982421875,78.68150329589844,28.020000457763672,58.24991230076228,58.359125290467134,57.21736173306064,28213000.0,-0.0183830196772715,-0.0050034882157703,0.0245157975215881,-0.0305934431872823,0.0353679721137103,0.0144779500621683,,,,0.1796557159761334,,-0.0070250657269763,,,,,,0.0048440216631882,0.0017378446072145,0.0001548451332569,0.00209838013024,0.001597399630927,-0.0781650386723501,-0.0070250657269763,,0.0199410048152368,-0.0170444866406918,,0.0022932212930086,0.0725154316496388,-0.0702222103566302,,,0.0440555029839507,0.3405405624460692,-0.0167151902720147,-1.269725225505651,,-0.0258093712489256,-0.0250237819438422,-9.4905373369647e-05,,21.51000022888184,0.3967532962143463,0.4040470402978451,0.2562417976907585,3.067421071998,1.778943608915175,0.3639822196893041,-0.005146205414248,-0.0042611934743842,-0.0079628270488455,,-0.0042611934743842,-0.0009187762644169,-0.0058947792554434,0.0090025205573991,0.0130152065197948,0.0130152065197948,,,0.0778314416001104,,0.6783452127521108,,-0.0199602644341334,-0.0387053089523252,0.0508110644628843,0.0289001400843085,,1.16834237886303,0.0495395794654304,133.02000427246094,0.0304439386943942,-0.0042667271581323,,165.18040466308594,0.0121958927818395,0.0050253761581648,,414.7000122070313,-0.008487717377092,-0.0145898303019886,,50.4413948059082,-0.0101661716590127,-0.0186082740879778,
2026-06-08,57.91234970092773,737.3204345703125,18.920000076293945,83.97036743164062,78.79046630859375,28.030000686645508,57.66413974086009,58.53783607338215,57.55492675244897,25717800.0,0.0114444770606114,-0.0064724616230753,0.0179755654348803,,0.0202903800640681,0.0132592761596112,,,,-0.0884414985999362,,0.0007892598326746,0.0112690734351592,,,,,0.0035631830641003,0.0010043636559017,0.0002895307774445,0.0022520117296605,0.0016200283009852,-0.0676151196037661,0.0007892598326746,0.0112690734351592,0.016972361266796,0.004304407577796,,0.0237628670532785,0.0627649187303668,-0.0390020516770882,,,0.0322398233298747,0.5244808981922481,0.0136019642683032,0.8631297862505076,,0.0022641726087715,-0.0254700231946087,-0.0001082641107948,,18.920000076293945,-0.1204091178534835,0.1788162601656933,0.1032391605414986,1.2125649489873218,0.5287103130596478,0.1780822357072065,-0.0051727354503935,-0.0099449306940294,-0.0070962780197251,,-0.0099449306940294,,-0.0037574132944324,,0.0097262411937144,0.0097262411937144,,,0.0785443437962997,,0.6896760306315625,,,,0.0445810695037911,0.0282009526485047,,1.076071471273366,0.0434455886294891,135.14999389648438,-0.002583070874654,-0.0253137867656364,,167.56869506835938,0.0030976804709665,-0.0016009068138408,,429.80999755859375,0.0219215894362261,-0.0031079586150065,,49.773887634277344,-0.0188531209227524,-0.0440107055582432,
2026-06-09,56.97908020019531,735.1560668945312,19.8700008392334,84.4665298461914,78.86971282958984,28.01000022888184,57.66414214243866,57.79320860013309,56.40323503829512,46026300.0,-0.0161152069558916,-0.0231489271868556,-0.0098343554914804,-0.0079515444747053,-0.0031266242789103,0.0148216341807919,0.0137511437607054,,,0.7896670788325595,,-0.0134089559841613,-0.004233615310358,,,,,-0.0019766064328341,-0.0001565761190474,-3.89144386303219e-05,0.0023750722309779,0.0014379439720549,-0.0826406949138957,-0.0134089559841613,-0.004233615310358,0.0243944541918597,-0.0118802069499473,,-0.0341358363787662,0.0433847677085402,-0.0775206040873064,,,0.0422772659394732,0.1828329437537779,-0.0083988978936064,-1.0872759151956484,,-0.0029354505508077,-0.0296483868246829,-0.0015307632769011,,19.8700008392334,0.0502114566125064,0.2599873343346208,0.152318304345786,1.6695051982449682,0.5890155242307539,0.2902598267161338,0.0059087798437311,-0.0061879877186374,0.0054689964869605,,-0.0061879877186374,-0.0019011707875274,-0.0035043495905374,0.0093693776173635,0.009005763614508,0.009005763614508,,,0.077506100766995,,0.6745758385475392,,0.0102729687117004,-0.012070564613502,0.0204194346298494,-0.0036690719449772,1.4987681858199442,1.245184818773675,0.0198140313332024,131.3000030517578,-0.0434909378224651,-0.0900900881848015,,163.24986267089844,-0.0284276423198353,-0.0335219391453794,,420.75,-0.0225345845788148,-0.0377138198762099,,50.58087539672852,-0.0145574086972704,-0.0262753802670608,
2026-06-10,57.83292388916016,723.56591796875,22.21999931335449,84.22836303710938,78.72112274169922,28.049999237060547,57.52514215822325,58.6172683152556,57.36628792650374,36515300.0,0.0149852136251562,0.010057298003584,-0.0078350679006059,0.0221091111494948,0.010758315716824,0.0153518570847261,0.0135763488348957,,,-0.2066427238339818,,0.0029615658267121,0.0084834036172685,,,,,-0.0015731846640643,0.0005350428389265,3.431505138622963e-05,0.0023165268406301,0.0014992835833308,-0.0688938697561555,0.0029615658267121,0.0084834036172685,0.0216309379610381,0.0053503862726726,,-0.0109961691630431,0.0325085803342235,-0.0435047494972666,,,0.0374785352646398,0.5790203193854909,0.0116327809572949,0.9761172584096072,,-0.0157655625080272,-0.0381973815066616,-0.0227398047359789,,22.21999931335449,0.1182686650662345,0.3835616470894227,0.2725502110809341,2.4714088635397253,0.9843200836175696,0.0330078603866925,-0.0028196589763509,-0.0050405063704109,0.0048803229967915,,-0.0050405063704109,-0.0031598395570138,-0.0026355672438409,0.010810783317497,0.0068197639105,0.0068197639105,,,0.07992765061615,,0.6866205373560459,,0.0573756528782485,0.0231423320140642,0.0315681336505593,-0.0028087188956814,1.3382144893103498,1.2073223195184557,0.0303623136060556,134.3000030517578,-0.0465710459333312,-0.0544916263040308,,167.170654296875,-0.0183485917938081,-0.0020790596474697,,422.9200134277344,-0.0192476874205116,-0.0332152208797293,,49.41522979736328,-0.0393183011339968,-0.0472532429406388,
2026-06-11,56.71101379394531,735.8642578125,19.440000534057617,85.3199234008789,79.18669891357422,27.950000762939453,58.35912786966154,58.567627126214326,56.6514458241162,40863500.0,-0.0193991591600148,-0.0207440366896938,-0.0277446657563522,0.0029850480431152,-0.0163595877807865,0.0171653758441334,0.0152195124030373,,,0.1190788518785277,,-0.0109433337791249,-0.0113712983718985,,,,,-0.0056273638934958,-0.0008247441727,-0.0002693779905799,0.0022751262335587,0.0014092627766626,-0.0869565457716214,-0.0109433337791249,-0.0113712983718985,0.033788521380704,-0.0282408962552885,,-0.0822385894053212,0.0095591463863145,-0.0917977357916358,,,0.0366380729078574,0.2013125169916356,-0.0124844802634502,-1.1301330192843917,,0.0169968478867479,-0.0255319771466703,-0.0139139357653638,,19.440000534057617,-0.1251124601802332,0.262337728285795,0.1064314427799431,0.9469703105853484,-0.6758285349315175,0.0274841678470822,0.0129595343469826,0.0056140749693744,0.016464778976085,,0.0056140749693744,0.0014856574282582,0.0013780193800678,0.0090252705095401,0.0039511713271789,0.0039511713271789,,,0.0770672215586742,,0.6646866468396421,,0.0258789862225321,-0.0037332965787705,-0.0022706631287939,-0.0331725077801269,1.2923128983953456,1.0399406300277594,-0.0022126886096819,128.8300018310547,-0.0578470333797435,-0.0990908962863308,,162.6129913330078,-0.0444976783106633,-0.0343339997636805,,425.8800048828125,-0.0298197970282467,-0.0352263961465568,,51.02919769287109,-0.0077488616963261,-0.008709088865164,
2026-06-12,57.13793563842773,739.843994140625,17.68000030517578,85.11153411865234,79.18669891357422,27.950000762939453,56.38337897888371,57.73364185243122,56.22452474595952,31964700.0,0.0075280234988146,0.0027879607335583,-0.0020807352735229,0.0223840513634034,-0.0317967280599027,0.0161844559584255,0.014738943850762,,,-0.2177689135781321,,-0.0030834171242777,-0.0060963789901992,,,,,-0.0004165806021351,-0.0016156611038535,-0.0004075664121401,0.002337624811384,0.001390970607753,-0.0800831331927512,-0.0030834171242777,-0.0060963789901992,0.0264118241166688,0.013382608016923,,-0.1030616650848017,-0.0129650159079086,-0.090096649176893,,,0.0371606365476927,0.4170246419132122,0.0065987032542951,0.4651390848733792,,0.0054082479015293,0.0056945310068026,0.0034903930164986,,17.68000030517578,-0.090534988710439,-0.1780567123641147,0.0084129604015386,0.0750781082711565,-1.16774686750625,-0.110216428865642,-0.0024424457256886,0.008347078364393,0.0292535919308911,,0.008347078364393,0.0004881389653748,0.0064207672262677,0.0104844872424856,-0.0024982046281453,-0.0024982046281453,,,0.0772297080072901,,0.6713301108962839,,0.0426869914122611,0.0182597771150136,-0.0077312404916251,-0.0103414923905277,1.2343337697051386,1.3518598997266689,-0.0077752662803255,125.43000030517578,-0.0570591168508668,-0.1538149907544479,,164.5335693359375,-0.0039159325736474,-0.0504795474230468,,428.1700134277344,0.032481313779124,-0.0280349947651392,,51.98562240600586,0.0306142922105869,0.0373758356631255,
2026-06-15,55.15225601196289,752.890380859375,16.200000762939453,85.06192016601562,79.28575134277344,27.96999931335449,54.804763559872185,55.64867596488314,54.6260520738302,44319100.0,-0.0347523865585613,-0.0463519341047826,-0.0476598463577904,-0.0305409936097309,-0.0830306965647692,0.0204261092634306,0.0176608096143831,,,0.386501359311991,,-0.0283705240045252,-0.0377286347698178,,,,,-0.0097666007525428,-0.0043340641137407,-0.0009830330872522,0.0019570417372408,0.0011761538217205,-0.1120524397497774,-0.0283705240045252,-0.0377286347698178,0.0185418324652236,0.006340551979776,39.65829224209091,-0.2766033422715068,-0.0656926811806283,-0.2109106610908785,,,0.0698424729500479,0.0937926764876127,-0.0193017418569671,-1.7013707509833371,,0.0176339698937533,0.0211169330986142,0.0219048319667458,,16.200000762939453,-0.0837103799032775,-0.1437631766588918,-0.0717129964449531,-0.6303411229663667,-1.2617894958424072,-0.2709270358436485,-0.000582928661203,0.0129992611413023,0.0298846828841665,,0.0129992611413023,0.0025050708197642,0.0062861036034465,0.0075648084560955,-0.0021406126229458,-0.0021406126229458,,,0.0732540319468688,,0.6483777453450622,,-0.0257761241856601,-0.0333684428188778,-0.0673544598341927,-0.0598807026085593,1.315867109307744,1.4486909059311692,-0.0687767794564047,121.20999908447266,-0.1031446203592787,-0.1880902636778967,,157.58761596679688,-0.0595641035307384,-0.1012995904722804,,415.3200073242188,-0.0337125481414601,-0.0850370218577306,,52.30442810058594,0.0508407236521728,0.0454001732715221,
2026-06-16,54.96361541748047,748.4019775390625,16.40999984741211,85.52831268310547,79.27584838867188,27.93000030517578,54.606192460846295,55.082755140564025,54.556551225176776,42008400.0,-0.0034203604371415,-0.030812328321512,-0.0353720133009085,-0.0448585078391384,-0.096753174538794,0.0201938129354387,0.0169166383535422,,,-0.052137791606779,,-0.0247683588445397,-0.0366812790201431,,,,,-0.0072025515962001,-0.0050879711767186,-0.0012383580275502,0.0018740053846349,0.0011318444330995,-0.1150895404551137,-0.0247683588445397,-0.0366812790201431,0.0095736772661409,0.0065454656427556,42.20094771953149,-0.424465121481667,-0.137447169240836,-0.2870179522408309,,,0.0891157375465775,0.2220652656149061,0.0068504156700291,-0.1693766441582918,,-0.0059615628442341,0.0180178213049169,0.0226241649460048,,16.40999984741211,0.012962905838441,-0.1741318996318058,-0.0552133279490367,-0.4811643676495653,-0.7921269883402999,-0.1558642285702175,0.0054829765914006,0.0125704564736766,0.042267151566901,,0.0125704564736766,0.0016270538795919,0.0051494489394117,0.0061239220062063,-0.0028561200661314,-0.0028561200661314,,,0.073441301689521,,0.6426364988764418,,-0.0330963523272235,-0.0508426440143339,-0.0524448919149462,-0.0473472926926459,1.2518195244575283,1.3884511693271515,-0.0533898346058254,115.47000122070312,-0.120563605964385,-0.2450967824765744,,156.40341186523438,-0.0419384781931858,-0.1197916845569853,,406.1900024414063,-0.0346048664494206,-0.0993968951804189,,52.52360916137695,0.038408464650141,0.0750407588338004,
2026-06-17,54.2785530090332,739.0560302734375,18.440000534057617,85.66724395751953,78.97868347167969,28.18000030517578,54.86432867448348,54.96361493232966,54.14948655490839,38553000.0,-0.0124639255122469,-0.0500435060777987,-0.0614592975955892,-0.0688128277264101,-0.0857859696053069,0.0160181925767429,0.0158915637334186,,,-0.0822549775759133,,-0.0246209235115995,-0.0419529399681464,,,,,-0.0126858108517834,-0.0044845283009632,-0.001782206537055,0.0017938660347872,0.0010619474818885,-0.1261189985078893,-0.0246209235115995,-0.0419529399681464,0.0149990803418393,-0.0106768036646498,39.72971644526104,-0.5901228885283629,-0.2279823130983414,-0.3621405754300214,,,0.0875886207776047,0.218902714838789,0.0042172431803526,-0.7781105561330888,,-0.0124878708850514,0.0214080181501259,-0.0003912185752792,,18.440000534057617,0.1237051008849121,-0.1701169620210136,0.0586141785730642,0.5086058736339121,0.5898821490905588,0.0429864375431796,0.0016243892818139,0.0170830925418343,0.0328872313991885,,0.0170830925418343,0.000627621877586,0.0032718122024959,0.0114859902302126,0.004634619310202,0.004634619310202,,,0.0734430825074942,,0.633597516408357,,-0.0521234770725068,-0.0798150001095351,-0.0811304731049558,-0.0772231794170669,1.144625419552041,1.1878666685038215,-0.0828673157457151,114.2300033569336,-0.1494415431032376,-0.2082206974832782,,154.99034118652344,-0.0728615507403637,-0.1086247836160563,,397.1199951171875,-0.0610044866437975,-0.1195459657818007,,51.82621765136719,0.0487903802914735,0.0462590353498859,
2026-06-18,53.38500213623047,746.739990234375,16.399999618530273,86.08401489257812,79.25603485107422,28.299999237060547,53.752351840543504,53.86156483605421,52.86872493124216,39645700.0,-0.016462319337327,-0.0320431837883312,-0.0586484253270384,-0.0847659101255554,-0.0906477099550872,0.0157536957412082,0.0158968139532347,,,0.0283428008196509,,-0.0290718325959573,-0.0494289465261592,,,,,-0.0120877182062425,-0.00475113510403,-0.0019847330133249,0.001687527961065,0.0010923572397916,-0.1405051066172756,-0.0290718325959573,-0.0494289465261592,0.0185977309184793,-0.0068341140756553,38.88889077121625,-0.7844671016970324,-0.3392792708180796,-0.4451878308789527,,,0.1010834266966987,0.2123976348448541,-0.0057812580745499,-1.0449813531236234,,0.0103969924419595,0.0147795361799543,0.0080027485168843,,16.399999618530273,-0.1106291136900772,-0.1563786436220235,-0.057525457900272,-0.4967084191944153,-0.6355482302771979,0.012345607788387,0.0048649975860699,0.0089556045205185,0.0340919745080727,,0.0089556045205185,0.0022548267822981,0.0008756008073487,0.0165229555298653,0.0125223064245914,0.0125223064245914,,,0.0714907502402206,,0.620150003491916,,-0.0744648971768724,-0.0979537869054184,-0.0723585359076174,-0.0670039688016641,1.1098072148223022,1.2918377289868008,-0.0734279615069927,114.87000274658205,-0.108359845424667,-0.1941208912786071,,152.61199951171875,-0.0615018009281219,-0.1013185079104275,,385.489990234375,-0.0948389550703405,-0.1339833621508814,,51.617000579833984,0.0115189521595204,0.0357857028198282,
2026-06-22,54.060001373291016,744.3900146484375,17.280000686645508,85.42906951904297,79.18669891357422,28.36000061035156,53.52999877929688,54.130001068115234,53.16999816894531,30765600.0,0.0126439863266849,-0.0164402220873932,-0.0538684891350305,-0.0558371383430789,-0.0847223312107217,0.0174110991841268,0.0167999852483508,,,-0.2239864600700706,,-0.0056629794035523,-0.0318988383384483,,,,,-0.0110747403529356,-0.0044263898292282,-0.0020346981244022,0.0017134226978439,0.0011219542215779,-0.1296376649374888,-0.0056629794035523,-0.0318988383384483,0.0177580997925061,0.0099010387834928,37.056479010520654,-0.8739451973577204,-0.4462124561260078,-0.4277327412317125,,,0.0525281756459443,0.3921915841562338,0.018124060355816,0.7262026059796092,,-0.0031469796939627,0.0061445663461701,0.0008955144998339,,17.280000686645508,0.0536586029624615,-0.0226244124222766,-0.0086058190941223,-0.0746707060837486,0.3578022733383715,0.0530165050166406,-0.007608211284667,0.0037308151436672,0.0206496964901878,,0.0037308151436672,0.0064207672262677,0.0,0.0121341951118236,0.0146690460186231,0.0146690460186231,,,0.0726232221140454,,0.6328056910562571,,-0.06691665192101,-0.0671332543368229,-0.0596465532772679,-0.0573852106657236,1.463791700462144,1.4074149265939,-0.0600130554812006,112.69000244140624,-0.1015705798674372,-0.2003263986257993,,154.89999389648438,-0.0585508202267447,-0.0947414435160771,,388.9100036621094,-0.0916925719560023,-0.1239976323374151,,51.619998931884766,-0.0070331652714588,0.0302845750059082,
2026-06-23,54.459999084472656,733.5800170898438,19.489999771118164,85.5382308959961,79.11735534667969,28.450000762939453,54.13999938964844,54.560001373291016,53.869998931884766,38690400.0,0.0073991435630866,0.0033428686908667,-0.0125517427127564,-0.0596133749413343,,0.0124739616500416,0.0163875737823312,,,0.2575863951946329,0.0190704324735855,0.0042516556507545,-0.0186687015370835,-0.0340807010929455,,,,-0.0025262362526941,,-0.0021912295461575,0.0017115963059223,0.001256299770508,-0.123197729068458,0.0042516556507545,-0.0186687015370835,0.0126698944731157,0.0059105965724373,35.55139234499683,-0.9021809797057898,-0.5374061608419642,-0.3647748188638255,0.1063906290274216,0.1796644459714449,0.0426341821306413,0.5997241048913865,0.0062848539994644,0.5931670448814438,-0.0811837491733834,-0.0145219540104916,-0.0256483071911342,,,19.489999771118164,0.1278934604545825,0.2030863489651928,0.1089615741313994,0.9344903049897878,1.4022282231440475,0.0569413886469938,0.0012778013101124,0.0055995765090988,,,0.0055995765090988,0.0041488399980478,-0.0021239124715578,0.0149839481271953,0.0171612964379224,0.0171612964379224,0.3823449209499671,2.191669133347111,0.0742386621987315,-0.0192841296811739,0.6366743678705405,-0.0414215756711218,-0.054818480739169,-0.0768500867175074,0.0134413113612219,-0.0180502454912193,1.311718358310815,1.2664451001668042,0.0130965644783777,111.26000213623048,-0.0820889119989838,,,155.0399932861328,-0.0161663888690393,,,384.5199890136719,-0.0741597268789964,,,50.869998931884766,-0.027424621983107,,
2026-06-24,53.56999969482422,733.239990234375,18.6299991607666,86.70916748046875,79.09754180908203,28.530000686645508,53.5,53.77000045776367,52.93999862670898,43034600.0,-0.0163422586230301,0.0034653470298955,-0.0253552411367217,-0.0598303885108943,-0.0673061889904165,0.0139712261027694,0.0164032866919454,0.0149819757988659,0.9325355585804272,0.1122810826458242,0.1272359608246829,-0.007056651474449,-0.0287394900513926,-0.046597514938788,,,,-0.0051364448519305,-0.0034839154417599,-0.0023052318265149,0.0016207529885188,0.0011853733327843,-0.1375266585412814,-0.007056651474449,-0.0287394900513926,0.01549378076877,0.001308405510733,28.192552180423988,-0.9850188689851364,-0.6269287024705987,-0.3580901665145377,0.1140597651316676,0.0914640461954568,0.0340521096561267,0.2927690370520291,-0.017497374299662,-1.1697081797339592,-0.0946689600343835,-0.0004635170636431,-0.0202591491734749,-0.0205985341511667,,18.6299991607666,-0.0441252242406887,0.1352833232173729,0.0551653328324708,0.4733352838245832,0.4801277921204236,0.135975585006518,0.0136890437434504,0.013806595270253,0.0308306521343002,,0.013806595270253,0.002888675149413,-0.0022491916922243,0.018564814477491,0.0214822905447136,0.0214822905447136,0.2489864346456958,2.1161069838568776,0.0730592990130024,-0.0325258721357039,0.6178124095919946,-0.0652458564617258,-0.0573735707252376,-0.084146845635273,-0.0052014693058347,-0.0386285082279774,1.3161872552737144,1.391475425917135,-0.0050960919632467,106.29000091552734,-0.0795011709372863,-0.2241605772589244,,153.02999877929688,-0.021568666857755,-0.0741719522578344,,371.2699890136719,-0.0859696526695574,-0.1622780591429132,,51.15999984741211,-0.0259618357484765,0.0070854919264424,
2026-06-25,54.09000015258789,734.2999877929688,18.88999938964844,86.67940521240234,79.12725830078125,28.479999542236328,53.20000076293945,54.31999969482422,53.0,28221700.0,0.0097069341184616,0.0005549163620941,-0.0034738003500928,-0.0647196006161779,-0.044041382310257,0.0145349032456883,0.015722782629301,0.0149972303320067,0.9691724374930696,-0.3442090782765495,-0.2407744656249869,0.0032830609074543,-0.0126109331019778,-0.0352034642826548,,,,-0.0006959696008305,-0.0022520326901528,-0.0019548644191415,0.0015278671428801,0.0012096389810732,-0.1291546866368121,0.0032830609074543,-0.0126109331019778,0.0244037657811148,0.0167293115955824,31.24421116586781,-0.9972135449352706,-0.7009856709635331,-0.2962278739717374,0.1188374430446215,0.2037679086595915,0.0320962911801467,0.602287859024817,0.0095219619977636,0.667836124296529,-0.0854428103181694,0.0014456352254532,-0.0064352935172034,-0.0190127285337781,,18.88999938964844,0.0139559978848189,0.0244034079478305,0.062071259761147,0.538797564804865,0.5948669250969356,0.0931712175363039,-0.0003432424613362,0.0118150323055183,0.0280607249568822,,0.0118150323055183,0.0051591687838936,0.001881201642907,0.0153297795676106,0.0106458209301525,0.0106458209301525,0.3726214878655705,1.6742121456054342,0.0736619924442082,-0.0232976115163616,0.6240236653683052,-0.0524744464108719,-0.0783916219686278,-0.0911666176324713,0.0029806746835787,-0.0151103039265725,1.4041864662609,1.6167854590476585,0.0029614931671105,109.30999755859376,-0.0430710466055607,-0.1657635764561645,,154.74000549316406,-0.0016151696385913,-0.048124208728875,,380.5299987792969,-0.0417757769487154,-0.1057504761805041,,51.84000015258789,0.0002659368529152,0.0166829872567724,
2026-06-26,53.84000015258789,728.989990234375,18.40999984741211,86.6893310546875,79.07772827148438,28.459999084472656,54.0,54.150001525878906,53.68000030517578,19025200.0,-0.0046219264058929,-0.0113844829656182,0.0085229558518389,-0.0506253274150415,-0.0477913984064586,0.0120606340255433,0.0150621569506368,0.0150030337928332,0.8038796278273346,-0.325866266029332,-0.4684993120595609,-0.0030368109526481,-0.0119965368367807,-0.0373427086831873,,,,0.00169736810495,-0.0024485574436478,-0.0013971045619912,0.0012659216963303,0.0010998809428258,-0.1331796695860936,-0.0030368109526481,-0.0119965368367807,0.0087295917416622,-0.0029629601372612,33.69585595004382,-1.0153465412502245,-0.7638578450208714,-0.2514886962293529,0.1239429095063289,0.198710407622951,0.0243898186177316,0.3754885798765056,-0.0008270987506869,-0.3832241333979636,-0.0882993130052637,-0.0072313736168696,-0.0237699871871451,-0.0314496978777363,,18.40999984741211,-0.0254102465720228,0.1225609924167769,0.0273724087594533,0.2458704165107176,-0.1600917118869518,-0.0554130290604971,0.0001145121180843,0.0070316906438987,0.0229020236952255,,0.0070316906438987,-0.0013761230558275,-0.0022497539767778,0.0182468088591052,0.0056537050079696,0.0056537050079696,0.0916181862408838,1.43603898231295,0.0738556096432517,-0.0199068155690467,0.621068354058739,-0.0536490046226021,-0.041672864941386,-0.0656223394712278,0.0330792360562004,0.0014808523125888,1.500220730344877,1.9011863868750056,0.0322929430389841,105.4800033569336,-0.0817445735625512,-0.1934546234784672,,154.67999267578125,0.0135506589958787,-0.0577223280340655,,375.5499877929688,-0.025785371068553,-0.1072787051168232,,51.59999847412109,-0.0003293896491833,0.008429454341021,
2026-06-29,53.58000183105469,741.0,17.649999618530273,86.77863311767578,79.25603485107422,28.3700008392334,53.97999954223633,54.27999877929688,53.470001220703125,25142300.0,-0.0048290921396051,0.0001867115230063,-0.0088790146141852,-0.0622692046469418,-0.0412789903587136,0.0105549770245874,0.0144055732503895,0.0148591049255755,0.710337289299498,0.3215261863213001,-0.2904247001055657,-0.0060844095669788,-0.010305915325765,-0.0400115742581538,,,,-0.0017837335921417,-0.002107758221006,-0.0015567336475763,0.0014507477317085,0.0010745554517127,-0.1373656248301453,-0.0060844095669788,-0.010305915325765,0.0151175351047539,-0.0074101095697243,28.5184345926708,-1.0387230108358023,-0.8188308781838577,-0.2198921326519448,0.1297845070416217,0.1917076223487741,0.0278691257328968,0.2816792092693181,-0.0048913293139405,-0.4575179719328585,-0.0867336958367758,0.0164748623801593,-0.0045540839905523,-0.0179396747536061,,17.649999618530273,-0.0412819247789765,0.0214119743739773,-0.0214016604497792,-0.2030534822071051,-1.431206122198068,-0.0526033057639709,0.0010301390252043,0.0157974751010483,0.0237168785473007,,0.0157974751010483,0.0008756008073487,0.0008756008073487,0.0150268359509617,0.0003526173718835,0.0003526173718835,1.0385924673779006,1.0084398979145548,0.0723076947787512,-0.0393262139015371,0.6174331158039533,-0.056178258731132,-0.0637321227224404,-0.0802838934490416,-0.0043447168289872,-0.0242927259814057,1.2705889413084752,0.9141900317549668,-0.0043249306236329,107.08000183105467,-0.0497825937422311,-0.1705011629965903,,155.3699951171875,0.0030342236231282,-0.0479205373063433,,372.9800109863281,-0.0409606143472243,-0.1082366742705842,,50.65999984741211,-0.0185974255005201,-0.005876388119936,
