Date,target_price,SPY_price,VIX_price,TLT_price,HYG_price,UUP_price,target_open,target_high,target_low,target_volume,ret_1,ret_3,ret_5,ret_10,ret_20,vol_5,vol_10,vol_20,vol_shock,vol_chg_1,vol_to_ma20,price_to_ma_5,price_to_ma_10,price_to_ma_20,price_to_ma_60,price_to_ma_120,price_to_ma_200,slope_5,slope_20,slope_60,slope_120,slope_200,drawdown,dist_to_ma5,dist_10,intraday_range,close_open,rsi_14,macd,macd_signal,macd_hist,bb_width,bb_pos,bb_width_5,bb_pos_5,ret_accel,vol_breakout,bb_high_dist,spy_ret_1,spy_ret_5,spy_ret_20,spy_to_ma_60,vix_level,vix_ret_1,vix_ret_5,vix_to_ma_20,vix_z_score,vix_z_score_5,vix_speed,tlt_ret_1,tlt_ret_5,tlt_ret_20,tlt_to_ma_60,tlt_shock_5,hyg_ret,hyg_ret_5,uup_ret,uup_ret_5,uup_shock_5,hyg_z_score,uup_z_score,target_spy_ratio,target_spy_ratio_20,target_tlt_ratio,target_tlt_ratio_20,target_spy_rel_ret,target_tlt_rel_ret,target_spy_rel_ret_5,target_tlt_rel_ret_5,vol_ratio,vol_ratio_5,rel_strength_5,uso_price,uso_ret_5,uso_ret_20,uso_shock_5,xop_price,xop_ret_5,xop_ret_20,xop_shock_5,oih_price,oih_ret_5,oih_ret_20,oih_shock_5,xlb_price,xlb_ret_5,xlb_ret_20,xlb_shock_5,news_count,negative_news_count,positive_news_count,negative_news_ratio,positive_news_ratio,category_EIA,category_FOMC,category_UCSB,title_positive_prob,title_negative_prob,title_neutral_prob,title_sentiment_score,body_positive_prob,body_negative_prob,body_neutral_prob,body_sentiment_score,body_emb_0,body_emb_1,body_emb_2,body_emb_3,body_emb_4,body_emb_5,body_emb_6,body_emb_7,body_emb_8,body_emb_9,body_emb_10,body_emb_11,body_emb_12,body_emb_13,body_emb_14,body_emb_15,body_emb_16,body_emb_17,body_emb_18,body_emb_19,body_emb_20,body_emb_21,body_emb_22,body_emb_23,body_emb_24,body_emb_25,body_emb_26,body_emb_27,body_emb_28,body_emb_29,category_BIS,category_FRASER,days_since_news,news_count_lag1,body_sentiment_3d_mean,body_sentiment_5d_mean,title_sentiment_3d_mean,title_sentiment_5d_mean,body_sentiment_trend,title_sentiment_trend,negative_news_spike,negative_news_spike_5d,news_count_5d,news_count_zscore_20d,negative_count_ratio_5d,sentiment_gap,body_sentiment_gap,sentiment_shock,sentiment_shock_zscore_20d,fomc_sentiment,fomc_sentiment_shock,fomc_recent_5d,sentiment_divergence,body_sentiment_decay_3d,body_sentiment_decay_5d,body_sentiment_decay_7d,body_sentiment_decay_15d,target_logret,target_future_price,target_date
2026-01-29,50.18212127685547,692.1497192382812,16.8799991607666,85.99358367919922,79.02982330322266,26.59000015258789,50.81797000948868,51.39420306758355,50.15231722952111,77520700,0.0091907727259372,0.0262088098796065,0.0327130878021955,0.0509778851067987,0.1234429720582146,0.0035649479222042,0.0087961306505966,0.0145956371165738,0.2442474863881541,0.8505600328476215,0.5552055884179157,0.0157255077078657,0.0325020034787033,0.0613127816878129,0.1075224556184273,0.134839092108419,0.1680063387748191,0.0064378809994999,0.0058199026086118,0.0024165628156864,0.0016404588419568,0.0013617582241051,0.0,0.0157255077078657,0.0325020034787033,0.0247475755600472,-0.0125122812366271,84.73682756929676,1.2846693827085929,1.0224186874799797,0.2622506952286132,0.1412735284441128,0.9340004979210814,0.0452541794874125,0.8474929362544237,0.0004545027660684,2.578093803446248,0.0152344883711325,-0.0019843824489698,0.0073441679434447,0.0102326740734959,0.0189638088791177,16.8799991607666,0.0324158267236218,0.0792838101166184,0.0602015667931985,0.7753134703193391,1.6578011411042708,0.0452012111132644,0.0002282412318139,-0.0007983789874734,-0.0027317627518684,-0.0055723211997191,-0.0007983789874734,-0.0001235535904529,-0.0018477952832461,-0.0270764644414173,-0.0206261316320672,-0.0206261316320672,0.2315076811691453,-1.7991010780480998,0.072501829997246,0.0551647786448625,0.5835565763145873,0.0616387705673473,0.0454052889327529,0.0594941680402594,0.025183964593296,0.0335382430181714,1.0550598830973434,1.2057589477259163,0.0253689198587507,79.13999938964844,0.1019214665264296,0.1347863753056162,2.0093192556988626,138.41371154785156,0.0330037832813627,0.0905595129879537,0.5460318060338506,350.010009765625,0.0247994407940324,0.2200146115037722,0.2800092948754422,49.77862930297852,0.0096930515617696,0.0933741496484641,0.545433287188817,2.0,1.0,0.0,0.49999999975,0.0,0.5,0.0,0.5,0.4690850377082824,0.1039110952988266,0.4270038977265358,0.3651739424094558,0.0480257203830411,0.1629352457047505,0.7890390681518824,-0.1149095253217094,0.0034932345151901,0.0139707997441291,-0.1047183517366647,-0.2141965329647064,-0.0805875249207019,-0.0549006257206201,0.051281789317727,0.2030612081289291,0.0480194725096225,-0.0931876357644796,-0.1230304650962352,-0.1419469565153122,0.104834746569395,-0.0016586631536483,-0.0065884441137313,-0.0132600842043757,-0.1161429286003112,0.0043806200847029,0.0116369873285293,-0.0086578875780105,0.0217464715242385,-0.0683514382690191,0.0567073486745357,0.0366239808499813,-0.0435720533132553,0.0315173212438821,0.0271656969562172,-0.061869341880083,0.0837783589959144,0.0226097973063588,0.0,0.0,0.0,3.0,-0.0745808435936235,-0.1310334317081913,0.4320248605476489,-0.0721889869620398,0.497677957299977,1.1088734669610858,0.4786848342696527,0.5444259049360297,8.0,0.9045340328242,0.24999999996875,0.3651739424094558,-0.1149095253217094,0.4373629293714963,0.8303116210380487,-0.0,-0.0011696558851909,0.6666666666666666,0.4800834677311653,-0.1149095253217094,-0.1149095253217094,-0.1149095253217094,-0.1149095253217094,3.3102787571070067,51.871089935302734,2026-02-05
2026-01-30,50.7186164855957,690.0853271484375,17.440000534057617,85.51268005371094,79.11759948730469,26.850000381469727,50.03309687253692,50.75835774169804,49.55621316911324,74039400,0.0106909631376557,0.0277833371250271,0.0378125039272403,0.0722536746975319,0.1418026915480321,0.003975757173307,0.0073139923846029,0.0143724914823162,0.2766226650108693,-0.0449080052166711,0.4049321982841434,0.0189620590978298,0.0362536292914799,0.0655617633358904,0.1163633327360531,0.1449778915033552,0.178797171870249,0.0074230272746161,0.006630416091513,0.0025919075940662,0.0016759234432157,0.001397213793209,0.0,0.0189620590978298,0.0362536292914799,0.0237022351137322,0.0137013228424615,85.78430234637278,1.3704079674704983,1.0920165434780835,0.278391423992415,0.142468997046672,0.9601826691768792,0.0569110123836905,0.8331878717951617,0.0014298507626466,2.689037580161227,-0.0045160979232377,-0.0029825802604032,0.0039754606543944,0.0147377327962257,0.0156601569781857,17.440000534057617,0.0331754384557436,0.0839030682826063,0.0868752699574828,1.1076966737284866,1.5330017798397366,0.0666666744438271,-0.0055923198558894,-0.0090982147830076,-0.0003442685265967,-0.0107697155623217,-0.0090982147830076,0.0009869808299847,-0.0002464170707257,-0.0211447290285524,-0.0022296345701448,-0.0022296345701448,0.781172774329977,-0.8349928445943078,0.0734961525630092,0.0633073002685533,0.5931122314695211,0.0718239779392737,0.0726720926542927,0.0867752778988966,0.0337030580914703,0.0473414413114363,0.8740392882348781,1.1100226951959191,0.0338370432728458,79.5199966430664,0.0753211619294951,0.1497974614283161,1.3781665622943782,139.6786346435547,0.0371247084708719,0.1107239221045124,0.5934786361626344,348.3900146484375,0.0249779961883105,0.2234084632833666,0.2909382115751421,49.05186080932617,-0.0140084531190812,0.0864388240355618,-1.0398814334281556,1.0,1.0,0.0,0.999999999,0.0,1.0,0.0,0.0,0.6251747012138367,0.0108379479497671,0.3639873266220093,0.6143367532640696,0.0664925172879692,0.3206029343945858,0.6129045500041058,-0.2541104171066166,-0.1304947435855865,0.0836002379655838,0.1079203337430954,-0.0840609967708587,0.0278994590044021,0.0229612290859222,0.1081680655479431,0.1340384632349014,0.1131288260221481,-0.0248332545161247,0.0332342609763145,0.0800049379467964,0.1930677890777588,-0.1009602099657058,0.0026718378067016,-0.0434766970574855,0.0501120090484619,0.0556523501873016,0.0047572068870067,-0.0288075506687164,-0.0913793295621872,0.1423206925392151,0.1325697153806686,-0.0872418209910392,0.0402762144804,0.0535153299570083,0.2199321538209915,0.051324401050806,0.0545899644494056,0.0253214780241251,0.0,0.0,0.0,2.0,-0.1113100886241992,-0.2180880861018347,0.417893051894175,0.2333423620710774,-0.1101877350917271,-0.0423954259604215,0.8608145725120928,0.9080917176517208,8.0,-0.1557522393336243,0.374999999953125,0.6143367532640696,-0.2541104171066166,0.3809943911929928,0.6691320710574669,-0.0,-0.0011696558851909,0.6666666666666666,0.8684471703706862,-0.2541104171066166,-0.2541104171066166,-0.2541104171066166,-0.2541104171066166,4.219232283288081,52.90433883666992,2026-02-06
2026-02-02,49.7251091003418,693.5159912109375,16.34000015258789,85.26835632324219,79.16563415527344,26.989999771118164,49.774783776778726,50.18212218745735,49.44692788034709,61479900,-0.0195886136905186,0.0,0.016863052669122,0.0494862724875297,0.0963855158209645,0.0129055258765594,0.011135070860395,0.0151002076148261,0.854658780269313,-0.1696326550458269,0.1348003007557934,-0.0042971281959086,0.0111111122315394,0.0399135630829849,0.0917801376753435,0.1207406848483976,0.1541731681333027,0.003344489971349,0.0046009437344411,0.0024428035641435,0.0015780551341529,0.0013058829112675,-0.0195886136905186,-0.0042971281959086,0.0111111122315394,0.0147851723286658,-0.0009979887940789,77.31959287560585,1.3427107371358318,1.1421553822096333,0.2005553549261984,0.1398986148647413,0.7853034901137143,0.0421590445146982,0.398073396933593,-0.0195886136905186,-1.5178468789288873,-0.0191393330040741,0.0049713621309355,0.0038687928800782,0.0179164801803741,0.020156360488474,16.34000015258789,-0.0630734144372069,0.011764739228824,0.0125484245310589,0.1678605259052155,-0.6810059218457112,-0.0006116347797257,-0.0028571637599861,-0.0166265458622631,-0.0017114981034714,-0.013149530773599,-0.0166265458622631,0.0009774011201333,-0.0001324947076796,-0.0160408504980801,0.0078416385021744,0.0078416385021744,1.2035132342737616,-0.3282036926854431,0.0717000180681018,0.0334852922794493,0.5831601691938312,0.048894396424532,0.0438268842495095,0.060586908370573,0.0129441814320809,0.0340558293397805,1.3093153268312605,3.635387218614264,0.0129942597890437,75.33000183105469,0.0251768969733794,0.0923724308461646,0.4770663018991696,135.216552734375,0.0071963280825464,0.0527294179924853,0.1185541081284333,348.8900146484375,0.0105138295201829,0.178722342509537,0.1327150031989504,49.43017959594727,-0.0075953906096944,0.0765395209076884,-0.8058154228234314,1.0,1.0,0.0,0.999999999,0.0,1.0,0.0,0.0,0.9518831372261048,0.0227844435721635,0.0253324545919895,0.9290986936539412,0.2971957909992899,0.6582288439448752,0.0445753400479288,-0.3610330529455853,-0.2286227345466613,0.1495390236377716,0.0553211756050586,0.0622201785445213,0.1496018767356872,0.1468137204647064,-0.0988585576415062,0.090473935008049,0.1594600528478622,0.0854454115033149,-0.0198315307497978,0.0987746939063072,0.1026313677430152,0.0337717831134796,0.0691657662391662,0.0333570092916488,0.1154670119285583,-0.0250890403985977,-0.1291265338659286,-0.0223915874958038,0.0360399261116981,0.0240106023848056,-0.1106593236327171,-0.0128574967384338,-0.1764993816614151,0.1752289980649948,0.1205066815018653,0.0498686842620372,0.2284072041511535,-0.0864743590354919,0.0,0.0,0.0,1.0,-0.2433509984579702,-0.1677772001666145,0.6362031297758225,0.5679020057121916,-0.3961227295013131,0.6549302336449425,1.6761566178402156,1.839982999208284,8.0,-0.2156655461743186,0.374999999953125,0.9290986936539414,-0.3610330529455853,0.3611966879417503,0.5879018265140864,-0.0,-0.0011696558851909,0.6666666666666666,1.2901317465995263,-0.3610330529455853,-0.3610330529455853,-0.3610330529455853,-0.3610330529455853,6.927255321002472,53.291805267333984,2026-02-09
2026-02-03,51.334590911865234,687.6520385742188,18.0,85.47525787353516,79.11662292480469,26.920000076293945,49.91387700736509,51.44387747142712,49.69530388824132,83754100,0.0323675873345117,0.0229657416961626,0.0402657014969884,0.0855041782100667,0.1019406834559149,0.0184639712099002,0.0137725150482598,0.0155456097080932,1.187728906673812,0.3623005242363764,0.5620956235487211,0.0198160273653027,0.0353256642919515,0.0682682289340979,0.1237155009203296,0.1548499612245713,0.1897740208187561,0.0078952325463804,0.0048536441508493,0.0029298104375736,0.0018030565545157,0.0014242121001038,0.0,0.0198160273653027,0.0353256642919515,0.0340622872828161,0.0284633049901235,80.1290311713032,1.434100792497894,1.2005444642672856,0.2335563282306083,0.1514207981993795,0.9508510703015006,0.0549629933259167,0.8605339914403622,0.0247123401024575,1.7530132176626876,-0.0048041988579948,-0.0084553964307005,-0.0085694375500324,0.0026319499051163,0.0111857360035743,18.0,0.1015911769835082,0.1009174055066262,0.1048028253250674,1.3795358737143684,1.3886313092905542,0.0663507639168943,0.002426475180413,-0.0080654243637704,-0.0042092230131803,-0.0105286932369558,-0.0080654243637704,0.0029550010585699,-0.0006283432535112,-0.0106578102879907,0.01700040704997,0.01700040704997,0.6449212291976205,-0.5397566238944044,0.0746519868076049,0.0708428209681839,0.6005783683954167,0.0746322440898816,0.0666916478649413,0.07999682585292,0.0492572459399904,0.0487241064560728,2.468248868659884,3.8002310449492778,0.0488351390470209,77.47000122070312,0.0239227791565677,0.1032469363994039,0.4673520718183871,139.22047424316406,0.032348636928446,0.0963137761355148,0.5470644936644423,357.3299865722656,0.0171358317597205,0.1464643062410837,0.2290146067321831,50.475528717041016,0.014405760096118,0.0884499341345768,2.0672929822179853,1.0,0.0,0.0,0.0,0.0,0.0,0.0,1.0,0.0295451078563928,0.0453021600842475,0.9251527786254884,-0.0157570522278547,0.1540263828464077,0.026545877098472,0.8194277413478367,0.1274805057479357,0.3689146935939789,0.0739661008119583,-0.1014837473630905,0.3229961097240448,-0.1833950579166412,-0.0571333467960357,-0.1735277324914932,-0.0773826837539672,-0.2075857669115066,-0.0312512330710887,-0.328681468963623,0.3654478788375854,-0.0005541369318962,0.1004804298281669,-0.0710623934864997,0.0031373724341392,-0.0385130941867828,-0.059922095388174,0.0278716497123241,-0.0955276787281036,-0.0529400818049907,0.0931990146636962,0.0344130285084247,-0.0328077971935272,-0.0679831802845001,-0.1270202398300171,0.1386291086673736,-0.0116564594209194,0.0458209030330181,0.0473390221595764,0.0,0.0,0.0,1.0,-0.1625543214347552,-0.1134965626140495,0.5092261315633857,0.4334041594217225,0.2423900310696451,-0.3809309946373105,0.0787066222490353,0.1016509638295621,8.0,-0.1648949127975248,0.374999999953125,-0.0157570522278546,0.1274805057479357,-0.4491612116495765,-1.0143622668047414,0.0,-0.0011696558851909,0.6666666666666666,0.1432375579757904,0.1274805057479357,0.1274805057479357,0.1274805057479357,0.1274805057479357,3.6298604712782687,53.23219680786133,2026-02-10
2026-02-04,52.487064361572266,684.3211059570312,18.63999938964844,85.25850677490234,79.01861572265625,27.01000022888184,51.48361849194724,52.61621775870438,51.48361849194724,78149900,0.0224502314956727,0.0348678256331935,0.0555444786588006,0.083692328097586,0.1575373017050814,0.0195365760999753,0.0135631253791514,0.0140961622946481,1.3859498993880657,-0.0669125451768928,0.4459997056188771,0.0313928004974253,0.0499851184618815,0.0841927245163358,0.1451791377529849,0.1784212681314501,0.21465420051036,0.0108113454626051,0.0073147366277052,0.0031385731374826,0.001892162748512,0.0014235544961837,0.0,0.0313928004974253,0.0499851184618815,0.0215786361941468,0.0194905855302687,80.38217202289883,1.581294862715474,1.2766945439569233,0.3046003187585506,0.1615432396493553,1.0211776407300246,0.0846174491434477,0.8709967721221024,0.0108276229512748,1.1491384279235402,0.005633888025109,-0.0048439216788971,-0.0132725157838402,-0.0081235916170784,0.0058486813737828,18.63999938964844,0.0355555216471354,0.1400610981498251,0.1305877028263244,1.6725737873688344,1.3040461967875183,0.0688072717226933,-0.0025358343926087,-0.0083217534038071,-0.0046859462138664,-0.0126222348863102,-0.0083217534038071,-0.0012510966623086,-0.000265350640746,-0.0095342949951368,0.014269661287676,0.014269661287676,-0.4749213605507212,-0.2058358910049363,0.0766994674059752,0.0916186899724051,0.6156226087814025,0.0931137527067611,0.0824447001878285,0.0891686821667818,0.0697426549310198,0.0644021710487452,2.8669120643049,3.96412437724026,0.0688169944426408,77.87999725341797,0.0164447201992843,0.1367682794485321,0.34720851354207,143.2343292236328,0.0489422305459146,0.1455311981661748,0.8395637679688237,362.5199890136719,0.0541742230703616,0.1681758279883562,0.7778195615724512,51.66025924682617,0.0388387802505654,0.092421053650525,5.546781008636267,0.0,0.0,0.0,0.0,0.0,0.0,0.0,0.0,0.0,0.0,1.0,0.0,0.0,0.0,1.0,0.0,0.292807786348804,0.0587069331194442,-0.0805477036609224,0.2563621821787923,-0.1455607539313226,-0.0453467674032455,-0.1377290525513263,-0.061418676797585,-0.1647609323844755,-0.0248041201261748,-0.2608746547976542,0.2900561736531651,-0.0004398187743132,0.0797513700057245,-0.0564022590879239,0.0024901341511843,-0.0305678631133247,-0.0475601986276631,0.0221217430367162,-0.0758203688525359,-0.0420185707742624,0.0739721069597755,0.0273136388278425,-0.0260395658888822,-0.0539582859498796,-0.100816031163711,0.1100299964660014,-0.009251737973496,0.0363680748383729,0.0375730067876287,0.0,0.0,1.0,1.0,-0.077850849065883,-0.120514497925195,0.3044472138086958,0.3785704674199227,0.2541104171066166,-0.6143367532640696,0.0,0.0,5.0,-1.2641943314476916,0.59999999988,0.0,0.0,-0.3785704674199221,-0.812524483854908,0.0,-0.0011696558851909,0.0,0.0,0.1011813444648556,0.1109782260881402,0.1154621107882363,0.12172369057567,3.989026889060986,54.62310791015625,2026-02-11
2026-02-05,51.871089935302734,675.7744750976562,21.770000457763672,86.1845932006836,78.9303970336914,27.09000015258789,51.92076461386512,52.14927495713522,51.10608775764971,54235600,-0.0117357378196314,0.0431568854003014,0.0336567808508772,0.0674708858801866,0.1568801412790099,0.0221003199536873,0.0149252959533709,0.0141356723336687,1.5634430304107454,-0.3060055099238771,-0.007045077750705,0.0125674366943873,0.0309014133340075,0.0637409592947122,0.128551885604301,0.1623984086855079,0.1985381423747401,0.006620557514214,0.0072863424222552,0.0027037334196575,0.0018015745209338,0.0014969415056665,-0.0117357378196314,0.0125674366943873,0.0309014133340075,0.0201111486337889,-0.0009567401199081,78.67831767083328,1.6294598368562845,1.3472476025367954,0.282212234319489,0.1567175809129183,0.906725007643721,0.0830801187543412,0.6512688821684034,-0.0261213662863986,-0.531021148707497,-0.0082653203735213,-0.0124892112562017,-0.0236585289070783,-0.0173438943889703,-0.0069228777113838,21.770000457763672,0.1679185177362963,0.2896920343670794,0.295332193622585,2.887913214092288,1.629126704334281,0.3323133570666332,0.0108620999922774,0.002221206668127,0.0002803451734452,-0.001690979684558,0.002221206668127,-0.0031035560326864,-0.0012580854337705,-0.0022099251118011,0.0188040615694142,0.0188040615694142,-1.570433251919494,0.0879480040172237,0.0767579893096832,0.0835383457782259,0.6018603558819293,0.0610029278458239,0.0853665320958101,0.0659561043575052,0.0587041639169505,0.0313659040275722,2.5714690861117457,3.377517135994092,0.0573153097579555,76.69000244140625,-0.0309577579875828,0.1312878212963757,-0.7357102093790915,140.8937530517578,0.0179175998979614,0.141174617477598,0.3227379366335458,351.4200134277344,0.0040284666802916,0.152801527520731,0.0641211194510896,50.27641296386719,0.0099999471230696,0.0818337209867365,1.4580285788417988,1.0,0.0,0.0,0.0,0.0,1.0,0.0,0.0,0.0258061978965997,0.4674828946590423,0.5067108869552612,-0.4416766967624426,0.4770067633314349,0.450711661328872,0.0722816118161009,0.0262951020025628,-0.3188868761062622,-0.0590598061680793,-0.005081757903099,-0.0018831733614206,-0.0937287956476211,-0.0545830428600311,0.0952861607074737,0.159057542681694,0.0925474762916565,0.0755690410733223,-0.0378500148653984,-0.091623842716217,-0.0749043971300125,0.0259739458560943,0.0300339609384536,0.1061150953173637,0.0814254581928253,-0.1985836923122406,0.1020267158746719,-0.0376111716032028,0.0447722002863884,0.0025054775178432,-0.0299610272049903,-0.0281616747379302,-0.0477814301848411,-0.0143371634185314,0.0186759773641824,-0.0403139367699623,0.0574546828866004,-0.1611265838146209,0.0,0.0,0.0,0.0,0.051258535916833,-0.0922735724603406,-0.1524779163300987,0.217200339585543,0.3873281549481481,-1.3707753904163835,1.526550541093789,1.5476786162471912,4.0,-0.1648949127975248,0.499999999875,-0.4416766967624426,0.0262951020025628,-0.658877036347985,-1.3602410448642297,0.0,-0.0011696558851909,0.0,0.4679717987650054,0.0262951020025628,0.0262951020025628,0.0262951020025628,0.0262951020025628,3.333956327364956,53.62960052490234,2026-02-12
2026-02-06,52.90433883666992,688.739013671875,20.3700008392334,86.24369812011719,79.20482635498047,27.01000022888184,52.15920730375908,53.073233498294265,52.02011669067198,41669600,0.0199195525418094,0.0305787559016441,0.0430950704598769,0.0825371069081259,0.1439312824063432,0.0228744696513108,0.0154917456720768,0.0133133465550427,1.718160632157959,-0.2316928364395342,-0.230212962602899,0.0239991034533364,0.0430746099882144,0.0775753382215156,0.1475359785151602,0.1830965161656668,0.2205123980266143,0.0084384645665761,0.0067235411663419,0.0028823707879355,0.0019659391386732,0.0014699003541058,0.0,0.0239991034533364,0.0430746099882144,0.0199060574383802,0.0142857142857142,80.95769916862353,1.7310509986214626,1.424008281753729,0.3070427168677336,0.1650356004657076,0.9700521463406,0.0958179649034759,0.7504655935607943,0.009726633907928,0.8708202627048733,-0.0013878316317956,0.0191847118409513,-0.001950937693641,0.0016097759627855,0.0118525184715339,20.3700008392334,-0.0643086627970649,0.168004599509842,0.1945463027615492,1.7830413732202046,0.6389253294873789,0.1316667132907443,0.0006857944934075,0.0085486511000134,0.0060084799529112,-0.0008150190925686,0.0085486511000134,0.0008558076435181,0.0011024963881742,0.0037161048694447,0.0059590258897177,0.0059590258897177,1.5083086789068456,-0.1450793567747149,0.0768133324619161,0.0770545860223643,0.6134284590044669,0.0743918951523781,0.0803582758975982,0.0832166532856386,0.0451340618961382,0.0342535973075608,1.7595510208265304,1.803920186056707,0.045046008153518,76.98999786376953,-0.0318158813644451,0.0914374378300073,-0.8149593714767341,145.8239288330078,0.0439959497394522,0.1397321103002835,0.8159218504629439,367.1099853515625,0.0537327992078517,0.1611525211895716,0.9310326720585416,51.28194046020508,0.0454637115510794,0.0844210278372246,7.3503472633922895,3.0,0.0,1.0,0.0,0.3333333332222222,0.0,0.0,1.0,0.3355048845211665,0.0646754978224634,0.5998196303844452,0.2708293866987029,0.3042471241596355,0.114049826990918,0.5817030620785816,0.1901972971687174,0.1682625859975814,-0.1678164998690287,-0.0520990739266077,-0.1322843233744303,0.0152520438035329,-0.0411336049437522,-0.0029495911051829,0.0137909241020679,0.0386771863947312,-0.0145236030220985,-0.0085451180736223,-0.1152333468198776,0.128474660217762,-0.0436305254697799,-0.1035713205734888,0.096271438524127,-0.0881596604983011,0.084341944505771,-0.0947276502847671,-0.0135930975278218,0.0609852898245056,0.0662282283107439,0.050109992424647,0.0144850487510363,-0.0187741219997406,0.0082185963789621,0.0299674657483895,-0.0507466197013855,-0.0623534607390562,-0.003820135568579,0.0,0.0,0.0,1.0,0.0721641330570935,-0.0034120296052738,-0.0569491033545795,0.1484988662724697,0.0627167914207816,0.2865864389265576,0.3783007437963123,0.456368633737626,6.0,1.782084220559129,0.1666666666388888,0.270829386698703,0.1901972971687174,0.1223305204262338,0.1788088464182113,0.0,-0.0011696558851909,0.0,0.0806320895299855,0.1901972971687174,0.1901972971687174,0.1901972971687174,0.1901972971687174,2.0446767850313665,53.997196197509766,2026-02-13
2026-02-09,53.291805267333984,692.0599975585938,17.360000610351562,86.2239990234375,79.31265258789062,26.790000915527344,52.86459622950644,53.37128778131812,52.63608968670435,38798500,0.0073239064920607,0.0153321759475444,0.0717282723260566,0.0898008826292779,0.1493464663141708,0.0169609331221785,0.0152765100088808,0.0132758136204625,1.2775813467624055,-0.068901549330927,-0.2832250724261635,0.017450671679577,0.0416949877247017,0.0778659651523006,0.1525204754291014,0.1891565266576167,0.227478203794315,0.0138545106420049,0.0069596745337755,0.0027877270851896,0.0020765696904357,0.0015156102034197,0.0,0.017450671679577,0.0416949877247017,0.0137957063178044,0.0080811936210173,82.54312128243406,1.8218271397882264,1.5035720533606285,0.3182550864275977,0.1718463667000305,0.9531138286340436,0.0600065524122172,0.7908127692405824,0.0022131811762125,0.4318103259704183,-0.0059393021353473,0.0048218321030104,-0.0020994377502405,-0.0001728292796784,0.0164097815230399,17.360000610351562,-0.1477663281723809,0.0624235280439777,0.0095371341220051,0.0931538953545885,-1.0318596608604202,-0.068669464657156,-0.0002284120128087,0.0112074718148966,-0.0008556098673618,-0.0007710129680313,0.0112074718148966,0.0017243583955826,0.0018570991590722,0.0003734215319428,-0.0074101095697243,-0.0074101095697243,2.248372656603519,-0.8261239725897405,0.0770046028600605,0.0722062227865871,0.6180623245373733,0.0749047057620795,0.0878848640805016,0.0959441048017428,0.0739830328483359,0.0598500329537103,1.7381254967966695,1.3392003310950502,0.0738277100762971,78.0199966430664,0.0357094749319755,0.1022887537246923,1.0298641425723525,145.9036102294922,0.0790366066801842,0.1497526969820783,1.585902890846787,374.0400085449219,0.0720857371679926,0.1781529406619222,1.4253505448937889,51.948978424072266,0.0509566999091282,0.0812267860320123,8.703717225129534,1.0,1.0,0.0,0.999999999,0.0,1.0,0.0,0.0,0.0083281658589839,0.9744433760643004,0.0172284301370382,-0.9661152102053164,0.1170158675667509,0.4712203078319372,0.411763849759246,-0.3542044402651862,-0.0832472741603851,0.1622757464647293,0.0099308229982852,0.0561758950352668,0.0103470683097839,-0.0228084959089756,-0.2553313970565796,-0.1535401493310928,-0.1982869058847427,-0.0796606242656707,-0.4532804787158966,0.2696113586425781,0.1061606481671333,0.0004201978445053,-0.1189450696110725,0.0236979126930236,-0.0451500862836837,0.0771442279219627,0.0179042927920818,0.0217089354991912,-0.0596759170293808,0.0749067217111587,-0.0306262895464897,-0.0455546975135803,-0.1428211331367492,-0.0443360544741153,-0.0082661639899015,0.0062799369916319,0.0161592215299606,0.0133595969527959,0.0,0.0,0.0,3.0,-0.0459040136979685,-0.0020463070691939,-0.3789875067563517,-0.2305439144993817,-0.3542044402651862,-0.9661152102053164,1.6527031806731587,2.217449566151331,6.0,-0.3144854506869052,0.1666666666388888,-0.9661152102053164,-0.3542044402651862,-0.7355712957059342,-1.4086884676860882,-0.0,-0.0011696558851909,0.0,0.6119107699401303,-0.3542044402651862,-0.3542044402651862,-0.3542044402651862,-0.3542044402651862,0.2048633085090462,53.40109252929688,2026-02-17
2026-02-10,53.23219680786133,690.2349243164062,17.790000915527344,87.21903991699219,79.2342300415039,26.799999237060547,53.42096209238086,53.44083272074105,52.89440370560781,32146000,-0.0011185295595379,0.0262401826191864,0.0369654430334125,0.0787195840252885,0.1562365511747634,0.0143351936236999,0.015587991663341,0.0130061645968558,1.1021844614346128,-0.1714628142840574,-0.4082470436973275,0.0090015557039317,0.0326883412081071,0.0688850666295963,0.1475999399871352,0.1852521358098058,0.224237685015824,0.0072597209425565,0.0072585189180215,0.0030037939726186,0.0020643051071052,0.0014306376741521,-0.001118529559538,0.0090015557039317,0.0326883412081071,0.0102650096727277,-0.0035335433344143,79.48721555015163,1.8674313944790344,1.5763439215843098,0.2910874728947243,0.1708043593000406,0.903298059322892,0.0447144910469387,0.7013118229274359,-0.0098652570992667,-0.0780268136498628,-0.011357792065401,-0.0026371604320808,0.0037560940669103,-0.0043731199620794,0.0134633094373017,17.790000915527344,0.0247696019618441,-0.0116666158040364,0.0265732311834479,0.2717087007937234,-0.7554191773906873,-0.182820370167561,0.0115401849232743,0.0204010152977489,0.0136720121612543,0.0108719084789814,0.0204010152977489,0.0008572259570525,0.001486503244849,0.0124669411509794,-0.0044576834655759,-0.0044576834655759,1.2961454995212536,-0.7125203893487974,0.0771218536363997,0.0658891974762583,0.6103277089328579,0.0545521616170434,0.0839720040789624,0.065748310093278,0.0330850783001954,0.0162332528950199,1.7871315252198374,1.1962166426161864,0.0332093489665021,78.02999877929688,0.007228572993027,0.0890439234828712,0.2225600781232793,145.03709411621094,0.0417799171039132,0.1417594684350263,0.9298208639477504,368.3999938964844,0.0309797882635298,0.1756821021882568,0.8078430270822049,52.675743103027344,0.0435897244052743,0.0904781545920752,7.506559214897142,0.0,0.0,0.0,0.0,0.0,0.0,0.0,0.0,0.0,0.0,1.0,0.0,0.0,0.0,1.0,0.0,-0.0660734052878402,0.128798345323518,0.007882099437194,0.0445868374371189,0.0082124735598689,-0.0181031151998601,-0.2026566641440622,-0.1218648972837656,-0.15738042149648,-0.0632266793798846,-0.3597689543751317,0.213990677165902,0.0842597622890666,0.0003335112502012,-0.0944067643135236,0.0188090457691781,-0.0358356472315873,0.0612294142782991,0.0142106466064486,0.017230393524263,-0.047364806734803,0.0594535044218912,-0.0243081021219902,-0.0361567873775752,-0.113357208492283,-0.035189549756165,-0.0065608587066556,0.0049843892934053,0.0128255826278233,0.0106035191283697,0.0,0.0,1.0,1.0,-0.0546690476988227,-0.0275424082187811,-0.2317619411688708,-0.2273925040538108,-0.0262951020025628,0.4416766967624426,0.0,0.0,5.0,-1.3627702863099225,0.19999999996,0.0,0.0,0.2273925040538114,0.5643781182359261,0.0,-0.0011696558851909,0.0,0.0,-0.2811322505443819,-0.3083528749948462,-0.3208113435355305,-0.3382091358550017,2.2149242420690944,54.42440414428711,2026-02-18
2026-02-11,54.62310791015625,690.075439453125,17.649999618530273,86.75598907470703,79.22444915771484,26.82999992370605,53.92765106167338,54.75226510243012,53.8978470134313,57349700,0.0261291320986682,0.0324882440888758,0.0406965711373994,0.0985015196232277,0.1697872441239494,0.0153605945733728,0.0166393013116231,0.0135952371822775,1.1298510822264607,0.7840384495738195,0.0490663809142455,0.0270492333108371,0.0496974002646279,0.088152647166368,0.1733459320992336,0.2133570544998655,0.2541046951983068,0.0079780537781219,0.0078410944822593,0.0033912663022087,0.0022099978295551,0.0015687003256168,0.0,0.0270492333108371,0.0496974002646279,0.0156420628867211,0.0128961086713664,82.18454711765499,1.992835825608125,1.6596423023890732,0.3331935232190521,0.1794666369709589,0.9911923946099956,0.0741391433089201,0.8648441579386695,0.0152997174023763,1.701049413992935,0.0009105738104198,-0.0002310588144163,0.0084088207217374,-0.0026089096726557,0.0126878922882771,17.649999618530273,-0.0078696621580763,-0.0531115774428593,0.0136104927505307,0.1422791881004228,-0.6791514727489096,-0.1335297549651691,-0.0053090568610459,0.0175640221304638,0.0065680683355284,0.0055661129003767,0.0175640221304638,0.0023388308567755,0.0026048727021621,0.0075103555855198,-0.00666420968717,-0.00666420968717,1.0844630191405955,-0.5327303114035012,0.0791552702606606,0.0852442532936039,0.6296177185314478,0.0796879738836533,0.1039942234830282,0.088599503943163,0.0320185124844039,0.0227332614988717,1.9077681930021813,1.3228500388450892,0.032287750415662,78.88999938964844,0.0129686976354654,0.0736254189651497,0.4014140712279588,148.46331787109375,0.0365065321686735,0.1488246077755572,0.8744376015980918,381.4700012207031,0.0522730132994586,0.190122617768975,1.6481188643359608,53.382598876953125,0.0333397403582089,0.1003488046599547,5.080183612360572,2.0,2.0,0.0,0.9999999995,0.0,1.0,0.0,0.0,0.0192137751728295,0.9576746225357056,0.0231116246432065,-0.938460847362876,0.1185787358664368,0.4905570544895827,0.3908642010830363,-0.3719783186231458,-0.1622915863990783,-0.1866413354873657,-0.0599975474178791,0.0311882067471742,0.2472410202026367,0.1680860817432403,-0.1358651369810104,-0.0223281718790531,0.0149134453386068,0.0986222550272941,0.0645794942975044,0.0706972405314445,0.1488177180290222,0.0422349572181701,0.0566442012786865,-0.1566480249166488,0.0603924989700317,-0.0665688812732696,-0.0623710043728351,0.0191493183374404,0.0348238497972488,0.0509850792586803,-0.0506631061434745,-0.0785953104496002,-0.0838826745748519,0.1773665845394134,0.1084088608622551,0.1064481884241104,0.2164997160434723,-0.0737634673714637,0.0,0.0,0.0,0.0,-0.2420609196294438,-0.1019380719434103,-0.6348586858560638,-0.415084673526386,-0.5621756157918633,-1.2092902340615788,1.820348938840456,1.6067624242800425,7.0,0.6546536699936913,0.4285714285102041,-0.938460847362876,-0.3719783186231459,-0.5233761738364893,-0.908506189284346,-0.0,-0.0011696558851909,0.0,0.5664825287397302,-0.3719783186231458,-0.3719783186231458,-0.3719783186231458,-0.3719783186231458,0.3631123033340809,54.82181167602539,2026-02-19
2026-02-12,53.62960052490234,679.41455078125,20.81999969482422,87.90867614746094,79.18523406982422,26.81999969482422,54.58336799139254,54.881423640863865,53.41102739260605,67427800,-0.0181884082262038,0.0063385966355209,0.0339015546384884,0.0686993526843371,0.1231793854991896,0.0175580129754891,0.0188173479581754,0.0143260686817797,1.225598741699531,0.1757306489833425,0.2486340593967733,0.0017444390580774,0.0238221988146722,0.0621384810381311,0.1485896929348857,0.1887700228418427,0.2293984384444074,0.0066679126547299,0.0058081700377439,0.002804051067914,0.0019999184710658,0.0014418459572295,-0.0181884082262038,0.0017444390580774,0.0238221988146722,0.0274176244810001,-0.0174735913445392,73.5960872892509,1.9891226303686904,1.7255383679849967,0.2635842623836939,0.1821258829435224,0.8411842404486813,0.0492995076361554,0.5353845127815842,-0.0203012737713774,-1.0359035054644987,-0.0037871367755612,-0.0154488742279012,0.0053865243771862,-0.0131669605778412,-0.0032322094365622,20.81999969482422,0.1796034076378021,-0.0436380681195925,0.1818465408351792,1.7584462809158898,1.2214520916230445,0.1993086960152237,0.0132865417713272,0.020004537734056,0.0140531045259109,0.0186637893987793,0.020004537734056,0.0019664825265428,0.0032286298525019,0.008649851106298,-0.0099667942503823,-0.0099667942503823,0.6412049938943463,-0.4965453267962765,0.0789350190737516,0.0751620834456741,0.6100603816959121,0.0408606743226778,0.0887314027349361,0.0454177134781135,0.0283622562764769,0.0136244657649315,1.893629669465423,1.3984954746320513,0.0285150302613022,76.37999725341797,-0.0040423155316122,0.0519211763032121,-0.1221133530408461,144.05105590820312,0.0224091046484187,0.0961801080721818,0.5809605492402254,373.8800048828125,0.0639121011805914,0.1468359672502146,2.202201022967696,52.596099853515625,0.0461386712555558,0.0836922912471489,6.983948932265614,2.0,0.0,1.0,0.0,0.49999999975,0.5,0.0,0.5,0.8370341658592224,0.0337179014459252,0.1292479410767554,0.8033162644132972,0.3736178636303398,0.0702569448041308,0.5561251912035788,0.3033609188262089,-0.0125884562730789,-0.0843740664422512,-0.0022400319576263,0.0274740932509303,0.1160345263779163,0.1179981455206871,0.201557844877243,-0.1267528254538774,0.0280454158782959,-0.0524949096143245,-0.065745010972023,0.043587390333414,-0.0592424347996711,-0.0716109126806259,-0.035500943660736,0.0391483530402183,-0.044605117291212,0.1288452707231044,-0.0801773108541965,0.0722203813493251,0.0133724622428417,0.0746490787714719,-0.1089275181293487,0.0459102913737297,-0.0428787562996149,-0.0132092479616403,-0.0190050117671489,-0.0901327431201934,0.0020753033459186,0.0150839677080512,0.0,0.0,0.0,2.0,-0.0228724665989788,-0.046524908578681,-0.0450481943165258,-0.166086081291238,0.6575653590913951,1.7694314746186135,0.2699933185095214,0.3065086689808249,8.0,0.6546536699936913,0.374999999953125,0.8033162644132972,0.3033609188262089,0.969402345704536,1.8681602488881817,0.0,-0.0011696558851909,0.0,0.4999553455870882,0.3033609188262089,0.3033609188262089,0.3033609188262089,0.3033609188262089,1.6535367843741686,54.52375793457031,2026-02-20
2026-02-13,53.997196197509766,679.8931884765625,20.600000381469727,88.39142608642578,79.24403381347656,26.81999969482422,53.58985778309928,54.22570653309593,53.46070438116699,48392100,0.0068543429190142,0.0143709904066078,0.0206572350183562,0.0646425304768554,0.1415668655430875,0.0160251266940634,0.0187688173618774,0.0138669749175246,1.1556324024339988,-0.2823123400140594,-0.103092860890068,0.0045096426756301,0.0244279214457483,0.062374155137767,0.1525542793105683,0.1945020197493172,0.2358535072301213,0.0040893535700627,0.0066200881091217,0.003224994739426,0.0018887575283188,0.001490484875904,-0.0114587348943231,0.0045096426756301,0.0244279214457483,0.0141674421229341,0.0076010355552565,74.45188333832961,1.9928692389746416,1.7790045421829257,0.2138646967917159,0.180800266459994,0.844989287676568,0.0426794686845552,0.6056630462989344,0.0020640127834782,0.4277246989771828,-0.021579348752636,0.0007044854938154,-0.0128435082371082,-0.0151536986429747,-0.0029686303958997,20.600000381469727,-0.0105667299029396,0.0112910914462673,0.1537707727819315,1.454777810008193,1.0255636277238842,0.1579538685402639,0.005491493674129,0.0249030133577681,0.019852619423768,0.0239405773887531,0.0249030133577681,0.0015980556411112,0.0004950135023384,-0.0011173439932691,-0.0070344514049448,-0.0070344514049448,1.0864158123943788,-0.4191937826019497,0.0794201164428509,0.0737959825816891,0.6108872612227498,0.0365122210415029,0.0806023672431419,0.0299690831011671,0.0339366083645338,-0.0041426147489816,1.884936508349588,2.0832006166566965,0.0335007432554644,76.22000122070312,-0.0100012555452837,0.071559175647804,-0.3013874547649827,147.29800415039062,0.0101085969167027,0.1351703751229001,0.2654739947608496,381.3200073242188,0.0387078056704124,0.1656884721694087,1.323635604333832,53.073974609375,0.0349447414253083,0.0888480644395341,5.422453649220456,3.0,0.0,2.0,0.0,0.6666666664444444,0.6666666666666666,0.0,0.3333333333333333,0.5970086840291818,0.0187176577746867,0.3842736681302388,0.578291026254495,0.4769915449061906,0.0409614007366973,0.4820470361842286,0.4360301441694932,-0.1116077005863189,-0.1051788901289304,-0.0874091510971387,0.0227009231845537,0.0125612070163091,0.0562137911717096,-0.0444845010836919,0.1284175415833791,-0.1946471457680066,0.0852182731032371,0.0460930416981379,-0.1164917200803756,-0.0582363680005073,-0.0491457780202229,0.1365644509593645,0.049947274227937,0.0555382867654164,-0.0311595847209294,0.0170571754376093,0.0521995574235916,0.0800695170958836,0.0069949738681316,0.0276066983739535,0.0600842734177907,-0.011835865676403,-0.0091151197751363,0.0188812228540579,0.0121787224585811,-0.0259524378925561,-0.002866007387638,0.0,0.0,0.0,2.0,0.1224709147908522,0.002641660821474,0.1477154811016391,-0.1045937533800796,0.4360301441694932,0.578291026254495,0.176365285904294,0.1908740186269141,8.0,1.575063793410433,0.374999999953125,0.578291026254495,0.4360301441694932,0.6828847796345754,1.1892371387759026,0.0,-0.0011696558851909,0.0,0.1422608820850018,0.4360301441694932,0.4360301441694932,0.4360301441694932,0.4360301441694932,1.4612210848692584,54.79200744628906,2026-02-23
2026-02-17,53.40109252929688,680.9901733398438,20.290000915527344,88.53919982910156,79.20482635498047,26.90999984741211,54.20583593923122,54.55356246763407,52.83479287450657,50499600,-0.011039530016197,-0.0223717658627066,0.0020507329675671,0.0739261008263894,0.1270707004833542,0.0171920281295359,0.0176103822975004,0.0143926284826341,1.194502238126782,0.0435504968786226,-0.0808156887984946,-0.0069834462151382,0.0061021333120385,0.0444600067670513,0.1363746133615762,0.1790890173515438,0.2201990773879991,0.000409726617018,0.0059810983219062,0.0029076755250534,0.0017745313406954,0.001571606027216,-0.0223717658627066,-0.0069834462151382,0.0061021333120385,0.0321860379950944,-0.0148460658523285,69.1729610916664,1.9255414261563504,1.808311918977611,0.1172295071787394,0.1732894520059037,0.7565649914198849,0.0411497755521799,0.3302919974306322,-0.0035822747286281,-0.6421307184287585,-0.0180774980068915,0.001613466470725,-0.0159954689735014,-0.0127374805697011,-0.0019611750054285,20.290000915527344,-0.0150485174855257,0.1687788134885581,0.1224828905323791,1.1648094633651551,0.5466909294628348,0.1495751475385529,0.0016718108216886,0.0268510024109962,0.0274914144113227,0.0252998536019437,0.0268510024109962,0.0004950658214921,-0.001359508595311,-0.002964057961633,0.004479243291672,0.004479243291672,0.6577628878735103,0.0867060407161523,0.0784168327531026,0.0533047567881119,0.6031350253037265,0.0187531667715055,0.093679400172828,0.0342527785076762,0.0183395516708071,-0.0241517702034661,1.8021563890355656,2.4461590537817988,0.0180462019410686,75.7300033569336,-0.029351363556311,0.0569434995696553,-0.8886314829891304,144.81796264648438,-0.0074408548308037,0.1159720642177293,-0.2181066288821147,375.5799865722656,0.0041171478776682,0.1500045646949022,0.1385201452034689,52.4666748046875,0.0099654775959048,0.0825800998703547,1.5446340658943736,1.0,0.0,1.0,0.0,0.999999999,1.0,0.0,0.0,0.946271538734436,0.0133477468043565,0.0403806753456592,0.9329237919300796,0.5627966877441736,0.2369781912875405,0.2002251026521021,0.325818496456633,-0.1530759632587433,-0.2248364388942718,-0.2222403138875961,0.1160782501101493,0.174911230802536,0.1602353751659393,0.3724015355110168,-0.2467858493328094,-0.1128024309873581,-0.0433812402188777,-0.132865309715271,-0.0769824683666229,-0.0440666377544403,-0.0423869639635086,-0.1197583377361297,0.0106335058808326,-0.0057990327477455,0.0533162504434585,-0.0268518924713134,0.1535908281803131,-0.0260377340018749,0.0009788312017917,-0.0533111616969108,-0.0031927153468132,-0.0198874324560165,-0.0301862843334674,0.0876325443387031,0.0110408347100019,0.0473165996372699,0.0666388273239135,0.0,0.0,0.0,3.0,0.3550698531507785,0.1386462481658379,0.7715103608659576,0.2752140470469996,0.6977968150797789,1.8713846392929556,1.246413113395685,1.4126806271105852,8.0,-0.5423261439584048,0.24999999996875,0.9329237919300796,0.3258184964566331,0.6577097448830806,1.1263318504267008,0.0,-0.0011696558851909,0.0,0.6071052954734466,0.325818496456633,0.325818496456633,0.325818496456633,0.325818496456633,2.480603767744621,54.74232864379883,2026-02-24
2026-02-18,54.42440414428711,684.4208374023438,19.6200008392334,88.20423126220703,79.30284118652344,27.07999992370605,54.176026974895606,54.50388665766111,53.868041710408434,59196100,0.0191627468001487,0.0148202412773092,0.0223963579923065,0.0601896923212397,0.1508403407099507,0.0190037121267167,0.0159371516206033,0.0145468802194337,1.3063770742369836,0.1722092848260183,0.0687058870256516,0.0075779556575135,0.0194472484283936,0.0571003748597078,0.1539950126013642,0.1991827890060384,0.241414131241995,0.0044298484841381,0.0070246203286672,0.0034414177687322,0.0019459227183943,0.0016479146168637,-0.003637723547257,0.0075779556575135,0.0194472484283936,0.0116830851389195,0.0045846324151196,70.94776543247664,1.9324799190055515,1.833145518983199,0.0993344000223523,0.166076679362177,0.843819343444267,0.0381777217339253,0.6984915629677224,0.0142226663743789,1.0083685578903223,-0.0225238137106598,0.005037758541617,-0.0084233450224511,0.0128545731347948,0.0024412770593531,19.6200008392334,-0.0330211949759555,0.102866769506954,0.0868301133677986,0.8349802477440637,-0.1372722611622424,-0.05763683348608,-0.0037832798076002,0.0112955995176335,0.0371892811529859,0.0211013206824495,0.0112955995176335,0.0023537185339133,0.0008659280841574,0.0059435307191177,0.0104477871125574,0.0104477871125574,1.5363636186705694,1.0053586974252584,0.0795189175578726,0.0613121890374894,0.6170271353819553,0.0368822701622917,0.065194925927569,0.027388210851625,0.0310815133253168,0.0109767692848341,1.6466524336889408,2.3878965805577983,0.0308197030147576,79.4000015258789,0.0175573852110006,0.1049262573265439,0.5333969147400967,147.45736694335938,0.0166872677772293,0.1409526193312562,0.5193585949507501,385.1099853515625,0.0453582837457195,0.1872186310950012,1.5417662618499943,52.78525924682617,0.0020790621517123,0.1002283730949429,0.3379960079254048,1.0,1.0,0.0,0.999999999,0.0,0.0,1.0,0.0,0.027175897732377,0.0513251759111881,0.9214988946914672,-0.024149278178811,0.2405770185458309,0.6986370910616482,0.0607858923647333,-0.4580600725158172,0.3709933757781982,-0.1725160181522369,0.6737366318702698,-0.1383461058139801,0.1619552969932556,0.0482347905635833,0.0584775544703006,0.0355536080896854,-0.0525807961821556,0.041750319302082,-0.0066471770405769,-0.014986366033554,-0.0593641549348831,0.0760612934827804,-0.009445384144783,-0.0144076570868492,0.0171088725328445,-0.0185397379100322,0.0821859985589981,-0.0098474621772766,-0.0658600106835365,-0.0523736551403999,0.0237776935100555,-0.0091786310076713,-0.0842516645789146,-0.0130695812404155,0.0302957091480493,-0.0163235925137996,0.0248934514820575,-0.0355455577373504,0.0,0.0,0.0,1.0,0.1012628560367698,0.0470342336626744,0.4956885133352549,0.2703841914112374,-0.7614209913420261,-0.8274655425921081,2.7148696668486325,2.272152084687197,9.0,-0.4649905544347363,0.3333333332962963,-0.024149278178811,-0.4580600725158172,-0.2945334695900477,-0.6809339574196235,-0.4580600725158172,-0.4363267247752173,1.0,0.4339107943370062,-0.4580600725158172,-0.4580600725158172,-0.4580600725158172,-0.4580600725158172,0.1641600533824219,54.51382064819336,2026-02-25
2026-02-19,54.82181167602539,682.61572265625,20.229999542236328,88.29289245605469,79.3322525024414,27.1200008392334,55.09999290587744,55.51726854059053,54.57343449510463,62513500,0.0073020097874603,0.0152714499378701,0.0036377235472571,0.0444823375597756,0.1318974960469621,0.0151397995808876,0.0148822765757312,0.0139869995091299,1.0824193200683156,0.0560408540427495,0.1250249139204364,0.014189125913796,0.0224198958894159,0.0582538707929547,0.1578985414759373,0.2054496393700362,0.2483281714282335,0.0007262246066681,0.006194771224286,0.0037528983751537,0.0019135673212178,0.0016118002429412,0.0,0.014189125913796,0.0224198958894159,0.0172163964785325,-0.0050486618088542,70.79255940220838,1.9475955222710155,1.8560355196407623,0.0915600026302532,0.1648504641309802,0.8533740174772564,0.0427717833055532,0.8317403394764201,0.0022115264748369,0.4823055461297365,-0.0099282576882631,-0.0026374339404172,-0.0108100018786159,-0.0013423509169427,-0.0010263544310156,20.229999542236328,0.0310906563155255,0.1461756362304609,0.1103792372849581,1.049063940482743,-0.1803326177810746,-0.0179612054554243,0.0010051807331565,0.0177152424603701,0.0303834536425535,0.0218577829349115,0.0177152424603701,0.0039691505212642,0.0013607332821203,0.0040725882791343,0.0108088302777484,0.0108088302777484,1.608751586948208,1.3437948093992873,0.0803113814353678,0.0651689981993233,0.6209085482538859,0.0385455548601638,0.0470917745787533,0.0085863309714153,0.0146056121203319,-0.0138324732948679,1.5516212193413104,1.910952434748884,0.014447725425873,81.19000244140625,0.0291545578597076,0.1070358125919346,0.883598133866539,150.75411987304688,0.0154300876122286,0.1242664541294436,0.4883063837351688,391.6900024414063,0.0267911007104075,0.1545422129534279,0.9002152088586759,52.596099853515625,-0.0147332471626265,0.072908176613138,-2.103270746763428,1.0,0.0,0.0,0.0,0.0,1.0,0.0,0.0,0.9014389514923096,0.008033306337893,0.0905277878046035,0.8934056451544166,0.1365977802108766,0.0150094773096981,0.848392743864961,0.1215883029011785,-0.0545568466186523,0.1884891092777252,-0.0635841488838195,-0.0397943258285522,-0.1146640107035636,-0.1241301968693733,0.0748198851943016,0.1636091321706771,0.000859297811985,0.1089925542473793,0.0378030687570571,0.0209189057350158,-0.0500627905130386,-0.0339498966932296,-0.021320141851902,-0.2311000227928161,-0.1080830097198486,-0.1775747835636139,-0.2626275718212127,-0.0350650995969772,-0.0865013673901557,-0.1944684088230133,0.0153210684657096,0.0557126700878143,-0.0013215392827987,-0.0198819302022457,-0.085317276418209,-0.0119237126782536,0.0291931666433811,0.0047631412744522,0.0,0.0,0.0,1.0,-0.0035510910526683,0.1457475579675393,0.6007267196352287,0.6367574899146959,-0.3144418412683147,0.3151146188999215,0.0579878762399782,0.0706765301084595,8.0,-0.4649905544347363,0.124999999984375,0.8934056451544166,0.1215883029011785,0.2566481552397214,0.3655870558510176,0.0,0.0217333477405999,1.0,0.7718173422532381,0.1215883029011785,0.1215883029011785,0.1215883029011785,0.1215883029011785,-0.2358740089913995,54.69265365600586,2026-02-26
2026-02-20,54.52375793457031,687.5523071289062,19.09000015258789,88.08600616455078,79.39105987548828,27.09000015258789,54.64297791611461,54.93109634562031,54.15615699074515,50833500,-0.005436772925646,0.0210232666055947,0.0166728336761108,0.0511396232964485,0.1220609448640255,0.0118554417074316,0.014240021654464,0.0142201553669448,0.8337068455161294,-0.1868396426371903,-0.085144703387638,0.0053491775840104,0.0118553877250227,0.0465094347745687,0.1473707073994883,0.196567891841185,0.2393505449215793,0.0033070735687483,0.005758356184298,0.003557334417059,0.0018048646904259,0.0016756326621125,-0.0054367729256459,0.0053491775840104,0.0118553877250227,0.0142128749783736,-0.0021817987615411,67.42496049449053,1.9134670437758032,1.8675218244677705,0.0459452193080327,0.1594258182291948,0.7917308833109169,0.0406580819442535,0.6315649270259411,-0.0124445284608442,-0.4585887730905192,-0.0235110341883424,0.0072318645891229,0.0119776009187597,0.0006531643248806,0.0054071434969815,19.09000015258789,-0.0563519236502373,-0.083093158866203,0.0379794991473556,0.3825904428947514,-1.4481221824454962,-0.0591424696300101,-0.0023431817188102,0.0020172072298345,0.0235145040179136,0.0192865954620928,0.0020172072298345,0.0058363173011817,0.0025992952863227,0.0,0.010067131276507,0.010067131276507,1.8639785046797952,1.2229634790828654,0.0793012507837427,0.0458207987374046,0.6189831995869599,0.0306394352046257,0.0331335082762338,0.0284498613967352,0.0046396607524599,0.0146261225261721,1.6221012446588683,3.082368830742429,0.004695232757351,80.8499984741211,0.0585231916920905,0.1257309776895978,1.9228005504080303,151.2521209716797,0.0499896721900148,0.1288188969563157,1.6320065253694371,389.5499877929688,0.0419117971154081,0.1405691223484648,1.351676791242203,52.72552108764648,0.0024606621877156,0.0694668179419877,0.3054717841495588,2.0,1.0,1.0,0.49999999975,0.49999999975,0.5,0.0,0.5,0.4561965707689523,0.026580617763102,0.5172227546572685,0.4296159530058503,0.1877762097631951,0.518184054262189,0.2940397379504553,-0.3304078444989938,0.0699022859334945,0.1349061615765094,0.047831417992711,-0.2001284211874008,0.0292496420443058,-0.0275913248769938,0.0179369449615478,-0.0100252758711576,-0.0363104790449142,0.0016573630273342,-0.0015773028135299,-0.0230862200260162,-0.0244671665132045,0.012417048215866,0.028660025447607,0.0409661661833524,0.0078219603747129,0.0907279560342431,-0.1011481638997793,-0.0089610144495964,0.0617829952389001,0.0248901490122079,0.019196655601263,-0.0097466111183166,0.0628158412873745,-0.0923279020935297,0.0807564407587051,-0.0561562459915876,-0.0454474464058876,0.0160135785117745,0.0,0.0,0.0,1.0,-0.222293204704544,0.0189938053024988,0.432957439993819,0.5620174276332065,-0.6562263409556268,-0.5033078389242293,1.951101168444068,1.7161023827177098,8.0,0.6974858316521048,0.24999999996875,0.4296159530058503,-0.3304078444989939,-0.1324014746273554,-0.3443259076921676,-0.0,0.0217333477405999,1.0,0.7600237975048442,-0.3304078444989938,-0.3304078444989938,-0.3304078444989938,-0.3304078444989938,1.877304304260404,55.55700302124024,2026-02-27
2026-02-23,54.79200744628906,680.531494140625,21.01000022888184,88.41111755371094,79.26364135742188,27.09000015258789,54.68272088065496,55.56694303542547,54.51382242741997,44013500,0.0049198646953252,0.0067543835854846,0.0147194910986128,0.0356807901039437,0.1211628861994453,0.0117442902313715,0.0132608176116543,0.014221728659481,0.8257990070527131,-0.1341634945459194,-0.2025621067934638,0.0073427744200142,0.0132838963942076,0.0457157572122592,0.1486362457828587,0.2001181268695373,0.2432177408946929,0.0029224421697385,0.0057183218952483,0.0036857927760496,0.0018004660450772,0.001698929538878,-0.0005436564174941,0.0073427744200142,0.0132838963942076,0.019220332619458,0.0019985575676204,74.85383421583549,1.8863211365588055,1.8712816868859776,0.0150394496728281,0.1536698629341616,0.7974933167725009,0.0426441305352888,0.6721872231382015,0.0026684035001636,0.4189154201305221,-0.0151642396181577,-0.0102113147108746,0.0009388322678931,-0.0099240000610926,-0.0052372938062641,21.01000022888184,0.1005762211077649,0.0199029048456191,0.1272971167735466,1.2959239472963933,1.3220073505835723,0.0708460412941933,0.0036908403878912,0.0002227757618245,0.0244882298388415,0.0229051058926159,0.0002227757618245,0.0007425684159423,0.0002474324312093,0.0029618631258103,0.010067131276507,0.010067131276507,0.6937862694601453,1.1306132601034096,0.0805135514198066,0.0552581920227295,0.6197411475203012,0.0273309705927156,0.0481715717740158,0.0102908308591993,0.0137677332384997,0.0144934865392829,1.8814139928321287,1.6982619902711702,0.0137806588307196,80.9000015258789,0.0614012100527832,0.0939824863346654,2.146675157542378,148.8916015625,0.0108188662928678,0.1055317032438829,0.3743631092287733,392.5499877929688,0.0294502786453627,0.1548984843833765,0.9418360645249246,52.72552108764648,-0.0065654310666034,0.0598357990819962,-0.662196511579017,1.0,1.0,0.0,0.999999999,0.0,1.0,0.0,0.0,0.0081738615408539,0.9202138781547546,0.0716123208403587,-0.9120400166139008,0.0267597619076768,0.4999202619325398,0.4733199569725292,-0.473160500024863,-0.1960910558700561,0.2958596646785736,0.0843669921159744,-0.1320609301328659,-0.0371619164943695,0.0199379958212375,0.0579246915876865,0.1029877811670303,-0.0829253420233726,0.0415673032402992,0.0349586233496665,-0.0780202895402908,0.06699088960886,-0.0602126568555831,-0.004558190703392,-0.0644415393471717,-0.0186867266893386,0.1024149060249328,0.0112117193639278,-0.046146810054779,-0.153890460729599,0.1348342299461364,0.0212573036551475,0.028385043144226,-0.0510311126708984,0.1109943836927414,0.0799110233783721,-0.0362055450677871,-0.0799649357795715,0.047749325633049,0.0,0.0,0.0,2.0,-0.2273266805408925,-0.1628443235363724,0.1369938605154557,0.2639512190595273,-0.0151004275090457,-0.8878907384350898,1.6435420553672295,1.2696522512782222,6.0,-0.4649905544347363,0.4999999999166666,-0.9120400166139008,-0.473160500024863,-1.1759912356734274,-2.128925873244657,-0.0,0.0217333477405999,1.0,0.4388795165890378,-0.473160500024863,-0.473160500024863,-0.473160500024863,-0.473160500024863,3.3696026695990566,56.66973876953125,2026-03-02
2026-02-24,54.74232864379883,685.4779052734375,19.549999237060547,88.56875610351562,79.20482635498047,27.11000061035156,54.75226585330575,54.861552418272026,54.0468755757134,42921700,-0.0009066797295013,-0.0014498432247419,0.0251162673079416,0.0272185070328996,0.1194636356175831,0.009350184800459,0.0132587991449523,0.0142550318452301,0.6559216595272673,-0.0248060254240176,-0.2243102946772209,0.0014904023074298,0.0096567747992222,0.038975730642863,0.1431625267956935,0.1967291332473801,0.239879303816086,0.0049612075354892,0.0056424836914653,0.0037756729279518,0.0017809309192003,0.0016925314645304,-0.0014498432247419,0.0014904023074298,0.0096567747992222,0.0148820275414226,-0.0001814940322935,69.73534448782367,1.8395934570698171,1.8649440409227456,-0.0253505838529282,0.1442116241700982,0.7702676075327398,0.0129077928420601,0.6154653104265245,-0.0004233986545873,-0.0969691671214487,-0.0287912696469606,0.007268452930395,0.006590009825816,-0.0077663874609763,0.001644631644297,19.549999237060547,-0.0694907651554552,-0.03647124914127,0.0394788812240951,0.4258982199790747,-0.472155594992345,-0.0336134612240633,0.0017830172739183,0.0003338213409553,0.0214359391193812,0.0245983554612838,0.0003338213409553,-0.001359508595311,0.0,0.0119447437061768,0.0074322097388894,0.0074322097388894,0.1750380864134356,1.1195298738705377,0.0798600920943791,0.0405046715283594,0.6180771984628324,0.0199970538441944,0.0370820591011664,2.406541358146441e-05,0.0184049685584815,0.0247741758183936,1.8120576714232293,1.2256624825136189,0.0185262574821256,80.76000213623047,0.066420157881009,0.099074556977547,2.5658303702245107,148.96131896972656,0.0286107900396068,0.1095778620194023,1.0605631198014862,400.8999938964844,0.0674157522484146,0.1611538624720245,2.255593288223356,53.12375259399414,0.012523717040439,0.0665600929095646,1.180884267651838,1.0,0.0,1.0,0.0,0.999999999,1.0,0.0,0.0,0.7789148092269897,0.0200345776975154,0.2010505497455597,0.7588802315294743,0.4983052502058258,0.0319172178064102,0.4697775406615425,0.4663880323994155,-0.1399264633655548,-0.0864807590842247,-0.1878294348716735,0.0098246168345212,-0.1140024214982986,-0.0571480728685855,-0.1378005295991897,-0.0391497947275638,-0.3173079788684845,0.0760818943381309,-0.3239197432994842,0.2200734168291092,0.1612344980239868,-0.0041082203388214,-0.1918826103210449,0.0844466835260391,0.1359244138002395,-0.0519624166190624,0.0008790232241153,-0.0404150784015655,-0.1423467397689819,0.0302738510072231,-0.0539979860186576,-0.0492717772722244,-0.1033055335283279,-0.1433240622282028,0.0946022495627403,0.0209010206162929,-0.0197448246181011,0.0359401330351829,0.0,0.0,0.0,1.0,-0.1123934373748136,-0.1347304163478159,0.0921520559738083,0.2291425069794062,0.344799729498237,-0.1345254136249423,0.1226442961229115,0.0904853290508283,6.0,-0.4649905544347363,0.4999999999166666,0.7588802315294744,0.4663880323994155,0.5297377245500687,0.8026384439380023,0.0,0.0217333477405999,1.0,0.2924921991300587,0.4663880323994155,0.4663880323994155,0.4663880323994155,0.4663880323994155,2.544483319963132,56.15311050415039,2026-03-03
2026-02-25,54.51382064819336,691.26220703125,17.93000030517578,88.57860565185547,79.31265258789062,27.07999992370605,54.94102968721887,55.01057499218256,53.838234437173256,36207500,-0.0041742468993662,-0.0001822560797969,0.001642948697595,0.0240761027570961,0.1046909475763733,0.0055845429148907,0.0133928530576858,0.0143987323208966,0.3878495969354447,-0.1564290324008601,-0.3434956204181701,-0.0030162473693996,0.0030711566526437,0.0295911086664311,0.1342305075213685,0.1892862233462742,0.23261295594616,0.0003283201067648,0.00497828051996,0.0035804112632978,0.0019350834797607,0.0016062478748406,-0.0056180381205227,-0.0030162473693996,0.0030711566526437,0.0215053823245125,-0.0077757741610891,63.14432428581042,1.7637908657173895,1.8447134058816743,-0.080922540164285,0.1335698252271893,0.7215403712335449,0.0108850683573086,0.2229004659971306,-0.0041134948727673,-0.7474642447051055,-0.0260705868676208,0.0084383489435813,0.0099958523397272,-0.0033644339390276,0.0097174170611045,17.93000030517578,-0.082864398726613,-0.0861366188465285,-0.0506446326302049,-0.5762209220940695,-1.4008091290791207,-0.0607647898449522,0.0001112079335101,0.0042444039734956,0.0279487163141589,0.0246567350183897,0.0042444039734956,0.000989755896481,0.0001237206791129,0.0104477871125574,0.0,0.0,1.0104194293851725,0.9248442634656536,0.0788612773759363,0.022353486144274,0.6154287510739502,0.0120561092392608,0.0225542262992972,0.0083578740837628,-0.0082702355883759,-0.0025904603158427,1.7063288913253023,0.6832788017875999,-0.0083529036421321,79.7300033569336,0.0041561942659047,0.0537932791148207,0.1488035139885654,147.79600524902344,0.0022965166995971,0.0959379745812822,0.0873182453243391,398.0299987792969,0.0335488923143341,0.1329879637510482,1.2834143162521132,52.82508087158203,0.0007544080549013,0.0616246659658052,0.0644532160185857,1.0,0.0,1.0,0.0,0.999999999,1.0,0.0,0.0,0.1829026490449905,0.0086189918220043,0.8084783554077148,0.1742836572229862,0.4332955498768312,0.0134883359270473,0.5532161202303082,0.4198072139497839,-0.1903839111328125,-0.0515958368778228,-0.0301641076803207,-0.067237339913845,-0.2147424221038818,0.0957198143005371,0.0825844034552574,0.0739165991544723,0.0316784754395484,0.0899935141205787,0.0982886329293251,-0.0245369225740432,0.0008042082190513,-0.0655909329652786,0.0857171416282653,0.0399653241038322,0.1963325887918472,0.0115970894694328,0.0391998402774333,0.0102243274450302,-0.0478526204824447,0.0269282646477222,-0.2034341990947723,-0.0869790166616439,-0.1243739873170852,-0.101295918226242,-0.0716152638196945,-0.0781483352184295,0.1104414463043212,0.136311262845993,0.0,0.0,0.0,1.0,0.1376782487747789,0.0408430409453042,0.0070412907128535,0.2688290940597657,0.7502150584487777,-0.2553322957828641,0.0515626903172085,0.0625317287958697,6.0,-0.4649905544347363,0.3333333332777777,0.1742836572229862,0.4198072139497839,-0.0945454368367788,-0.2252058630234448,0.0,0.0217333477405999,0.0,0.2455235567267976,0.4198072139497839,0.4198072139497839,0.4198072139497839,0.4198072139497839,2.3772061973703456,55.82525253295898,2026-03-04
2026-02-26,54.69265365600586,687.422607421875,18.6299991607666,88.93327331542969,79.24403381347656,27.100000381469727,54.01706743089435,55.308627994218725,53.768690253719086,47033500,0.0032805076893547,-0.0018132898375843,-0.0023559604484215,0.0012731927660358,0.0999001238114913,0.0045193390952548,0.0105549288182786,0.0143909656011222,0.3140399960974404,0.2989988262100393,-0.1511594393051972,0.0007271339727175,0.0062329753612233,0.0281456091329621,0.1339636516957056,0.1907658728560282,0.2345964335759738,-0.0004717480179827,0.0047609689573531,0.0034180016599835,0.0019069977756583,0.0015726357303572,-0.0023559604484215,0.0007271339727175,0.0062329753612233,0.0281562081479024,0.0125069030445943,69.39889993799956,1.6985670712272525,1.8154841389507903,-0.116917067723538,0.1229838678305502,0.728856106328855,0.0093261937222731,0.5779668527558924,0.0038849376352161,0.7258820137920505,-0.0205059177792331,-0.005554476391621,0.007041860604851,-0.008800438697429,0.0039158448090534,18.6299991607666,0.0390406493963502,-0.0790904803595885,-0.0194995365365198,-0.2388289048540147,-0.529693015923658,-0.1132794403706629,0.0040039878813196,0.0072529151731406,0.0344210317728299,0.0285502788901814,0.0072529151731406,0.0002472046946357,-0.0011120154310774,0.0100633789985631,-0.0007374799832136,-0.0007374799832136,0.3668274271853749,0.9795848674105204,0.0795619071376287,0.0262061257800605,0.6149852762308798,0.0082915586057235,0.0051372053386853,-0.0232402009503439,-0.0093321056660227,-0.0095396850947911,1.3099663334208778,0.5208343798275596,-0.0093978210532725,79.7699966430664,-0.0174899095410748,0.0411119000726594,-0.5692586750888398,149.19039916992188,-0.0103726565114229,0.0925600792042034,-0.4020758959968363,395.5,0.0097270737952104,0.1500770105358364,0.4023159067594655,52.76534652709961,0.0032178559637567,0.0610610365660948,0.2589534638909044,0.0,0.0,0.0,0.0,0.0,0.0,0.0,0.0,0.0,0.0,1.0,0.0,0.0,0.0,1.0,0.0,-0.1511078104050233,-0.0409516428685178,-0.0239412681317115,-0.0533663120553905,-0.1704411733749506,0.0759728669574366,0.0655472844605209,0.0586676436278605,0.025143222618744,0.0714278994926608,0.0780117396542634,-0.0194749683530492,0.0006383004864618,-0.0520595579943294,0.0680337403962078,0.0317204987623366,0.1558292789919091,0.0092046160117735,0.0311129338466915,0.0081150540709541,-0.0379806500466339,0.0213729778147361,-0.1614658308246749,-0.0690352912739266,-0.0987156991523103,-0.0803986235762106,-0.0568410725621816,-0.0620263747676492,0.0876574340221845,0.1081903210184215,0.0,0.0,1.0,1.0,0.2953984154497333,0.0165253803650685,0.3110546295841538,0.0901479650288824,0.473160500024863,0.9120400166139008,0.0,0.0,5.0,-1.5075567210706364,0.39999999992,0.0,0.0,-0.0901479650288817,-0.1757337020837371,0.0,0.0229030036257908,0.0,0.0,0.333201206523863,0.3654634065797608,0.3802293281030201,0.400849393500975,2.564469256138295,56.11336898803711,2026-03-05
2026-02-27,55.55700302124024,684.1216430664062,19.86000061035156,89.47512817382812,79.11662292480469,27.07999992370605,55.27882180634923,55.78551335054048,54.57343156005572,59071500,0.0158037562168911,0.0148819825101409,0.0189503644981667,0.0359391544496574,0.1071075037807083,0.0076051693046891,0.0093926283245684,0.0145703145379922,0.5219632536343232,0.2559452305271774,0.0841463000569864,0.0127131953669319,0.0185235246730346,0.0391443996158216,0.1476898579484089,0.206761914745764,0.2520469805422585,0.0037546086085208,0.0050875380865532,0.0035197942128623,0.0022001435850257,0.0015222942288959,0.0,0.0127131953669319,0.0185235246730346,0.0218169038027729,0.0050323289426377,68.67130786687731,1.6970598645516546,1.7917992840709631,-0.0947394195193085,0.1162574270127903,0.8367045067281178,0.0294403966136417,0.9318282641967202,0.0108430953801774,2.0780279183421944,-0.0139021188444196,-0.0048019432585273,-0.0049896771880904,-0.0115987566688749,-0.0010921921188042,19.86000061035156,0.0660226250667392,0.0403352777165531,0.0371028185805686,0.4806103723054379,0.392857085219424,0.015856848357485,0.006092824858437,0.0157700646193716,0.0404860961210418,0.034280640702794,0.0157700646193716,-0.0008664638783416,-0.0034567739883306,0.0096942666607118,-0.0003691483508861,-0.0003691483508861,-0.8216592337675342,0.8181474028355423,0.0812092463150554,0.0416047158558674,0.6209211895545617,0.0149149926299032,0.0288113852126767,0.017802840808081,0.0240600937873711,0.0031309249893938,1.4750456406536314,0.9130896542542444,0.0239400416862571,81.94999694824219,0.0136054235606841,0.0355066664173022,0.4246288279776383,153.10467529296875,0.0122481212784839,0.106138066675846,0.4870149755714668,396.9700012207031,0.0190476541143618,0.1341675670547926,0.8754609558976632,53.17353057861328,0.0084970140024231,0.0681999750328929,0.685552290807895,0.0,0.0,0.0,0.0,0.0,0.0,0.0,0.0,0.0,0.0,1.0,0.0,0.0,0.0,1.0,0.0,-0.1199343485987726,-0.0325033404846556,-0.0190021971088658,-0.042356869948195,-0.1352792489570454,0.0602997044646375,0.0520249141531448,0.0465645396056806,0.0199561890174324,0.0566923613972643,0.0619179587965235,-0.0154572926253389,0.0005066194318406,-0.041319698562599,0.0539984155371358,0.0251765765521446,0.1236817806996012,0.0073057085700262,0.0246943519590276,0.0064409226845057,-0.0301452619192313,0.0169637437334026,-0.1281555148540041,-0.054793346995581,-0.0783507023400768,-0.063812429820836,-0.0451147891901039,-0.0492303662779701,0.0695737514898243,0.0858707146987097,0.0,0.0,2.0,0.0,0.1399357379832614,0.0826069492648673,0.0580945524076624,0.0042247744277123,-0.4663880323994155,-0.7588802315294743,0.0,0.0,3.0,-1.3482838764685074,0.3333333332222222,0.0,0.0,-0.0042247744277116,0.0249589726032887,0.0,0.0229030036257908,0.0,0.0,0.2644619728765267,0.3181543744621312,0.3443827003100705,0.3827476778169887,1.1556744456091037,56.20278549194336,2026-03-06
2026-03-02,56.66973876953125,684.5106201171875,21.440000534057617,88.57660675048828,79.07131958007812,27.32999992370605,57.3949996863688,57.504286252867,55.904736593978896,135633300,0.0200287216332673,0.0395481016685874,0.0342701684197803,0.0494940989573962,0.1173360532345295,0.010586315814472,0.0107319123675706,0.0149013472617565,0.7104267096180295,1.2960869454813233,1.3561214456120152,0.0259731509380083,0.0338578027541691,0.0540905683910526,0.1657515494340888,0.2277977748265707,0.27495187676589,0.0067392053391981,0.0055473664113938,0.0040670690059671,0.0023845004479957,0.0015515917231801,0.0,0.0259731509380083,0.0338578027541691,0.028225816698984,-0.012636308403183,71.57361519124761,1.7653045359424056,1.7865003344452517,-0.0211957985028461,0.1168256889851838,0.963002348720687,0.0649656420697848,0.8997982642903519,0.0068460210770714,1.8919442884882305,0.0105826374025382,0.0005685787823312,0.0058470857128916,-0.0080782865711487,-0.0006905557766412,21.440000534057617,0.0795568920014291,0.0204664588525169,0.1080389847487766,1.388839533978148,1.468007961991726,0.1957613033541676,-0.010042136196712,0.0018718143301017,0.0358300861913447,0.023548571719026,0.0018718143301017,-0.0021795234932761,-0.002426355565429,0.0190156687056286,0.0088593491977235,0.0088593491977235,-1.188726506750003,2.3048977669629265,0.082788691809967,0.0555724055261575,0.6397822274809467,0.0417704477183387,0.0424146364673247,0.0472999980395085,0.0282578565973017,0.0323378236878955,1.6853295283934215,1.6178654691101395,0.0284230827068887,87.19000244140625,0.077750318873792,0.0964537993225458,2.688516616170326,158.92129516601562,0.0673623864493491,0.137763807410963,2.650692140551469,395.4299926757813,0.0073366576802225,0.1350210283001711,0.4245579165235574,53.01424026489258,0.0054758904471736,0.0807793912440737,0.4451759800960562,2.0,2.0,0.0,0.9999999995,0.0,0.5,0.0,0.5,0.03052185382694,0.2625524643808603,0.7069257199764252,-0.2320306105539201,0.0727217402590706,0.4044002588800579,0.5228779817962439,-0.3316785186209872,0.0963196456432342,0.0327719263732433,-0.13709625788033,-0.0463097738102078,0.0398129262030124,0.0269140228629112,-0.0855014435946941,0.0745976381003856,0.1277959309518337,0.0952169187366962,0.0082923769950866,0.0824206992983818,0.0662653259932994,0.0924700982868671,-0.0351314842700958,-0.0513943545520305,-0.0340358316898345,-0.1695168241858482,0.0619835015386343,0.1523670181632042,-0.063771640881896,0.036180842667818,-0.0493266694247722,0.0122165828943252,-0.0924061834812164,0.0211831182241439,0.0167672485113143,0.0371694518253207,0.0571842789649963,-0.0551440306007862,0.0,0.0,0.0,0.0,-0.1105595062069955,0.1109033455456425,-0.0773435368513063,0.1402266556397084,-0.7514857325707711,-0.4063142677769064,1.6720877550138598,4.495275995157634,4.0,0.9176629344296158,0.499999999875,-0.2320306105539203,-0.3316785186209872,-0.3722572661936281,-0.6015659948899403,-0.0,0.0229030036257908,0.0,0.099647908067067,-0.3316785186209872,-0.3316785186209872,-0.3316785186209872,-0.3316785186209872,-1.2703098582843615,55.95441055297852,2026-03-09
2026-03-03,56.15311050415039,678.4771118164062,23.56999969482422,88.39868927001953,78.91372680664062,27.459999084472656,57.01746198619125,57.34532166658233,55.68616021629697,154770800,-0.0091164751523192,0.0267029802088265,0.0257713161880879,0.0515348627622871,0.1292707350493156,0.0125384082879217,0.0104275892798731,0.0141312646847023,0.8872813354217126,0.1410973558853172,1.4870414033930737,0.0114531070769281,0.0193150289612735,0.0382739365991191,0.1508147686623986,0.2136726469835415,0.2612214078820616,0.0050889666399262,0.0060786028586096,0.003604848127849,0.0022681216290333,0.001536205579478,-0.0091164751523193,0.0114531070769281,0.0193150289612735,0.029547097843542,-0.0151594169914155,67.62586483445452,1.7574426415208109,1.7806887958603637,-0.0232461543395527,0.099231906162298,0.8857019186603206,0.0666309268987717,0.6718887551170954,-0.0180174685552614,-0.7270838702881689,0.0101961388327146,-0.0088143384827956,-0.0102130111024346,-0.0216849785514997,-0.0094616699832944,23.56999969482422,0.0993469733073504,0.2056266299050813,0.1957789816752722,2.3983632761945985,1.4474221671233944,0.2651637550505581,-0.0020086283161639,-0.0019201673476968,0.0367115432002773,0.0212309236060324,-0.0019201673476968,-0.0036752753807601,-0.0036752753807601,0.0204384704637388,0.012910308603514,0.012910308603514,-2.151837765589615,2.481659494895116,0.0827634558722524,0.0478600305443981,0.6352256008302009,0.0299847353188313,0.0554297204636566,0.0532062874483441,0.0363556277200636,0.0277447581143857,1.485180468977768,1.856412630349665,0.0359843272905225,90.1999969482422,0.1168894819503323,0.1973980453436994,3.083270493915948,158.35357666015625,0.0630516549892961,0.1711108844139266,2.8048113909603702,384.55999755859375,-0.0407582853246681,0.1022384746267373,-1.974596105758679,51.71003723144531,-0.0266117375659311,0.0461227868102864,-1.8483900930531567,1.0,1.0,0.0,0.999999999,0.0,1.0,0.0,0.0,0.8715753555297852,0.0341032445430755,0.0943213552236557,0.8374721109867096,0.1148381945394311,0.3034134121352804,0.5817483553036987,-0.1885752175958492,-0.1534973382949829,-0.0718519315123558,-0.0626335740089416,-0.0666357725858688,-0.0401846691966056,0.0936409011483192,0.0881754606962204,-0.0314097441732883,-0.1708984225988388,0.0887421891093254,0.0291531756520271,-0.0051586031913757,0.0387870892882347,-0.0093916058540344,-0.0872809737920761,0.1251046955585479,0.1598980873823166,0.0226089209318161,-0.031171204522252,-0.0160771012306213,0.0239086560904979,0.0590446032583713,-0.1756035089492797,-0.0805817767977714,0.0023216679692268,-0.0880655795335769,-0.0186438169330358,0.0249819681048393,0.0125028816983103,0.0024193543940782,0.0,0.0,0.0,2.0,-0.1734179120722786,-0.0200893044534104,0.2018138334775968,0.1559450315311555,-0.1885752175958492,0.8374721109867096,1.2209942074431632,2.1032342008739304,4.0,-0.2294157336074038,0.7499999998125,0.8374721109867097,-0.1885752175958492,0.6815270794555548,1.324230260811685,-0.0,0.0229030036257908,0.0,1.0260473285825589,-0.1885752175958492,-0.1885752175958492,-0.1885752175958492,-0.1885752175958492,-1.6411359883172878,55.23908233642578,2026-03-10
2026-03-04,55.82525253295898,683.2639770507812,21.149999618530277,88.12191772460938,79.18951416015625,27.40999984741211,55.696099130609554,56.06369628871972,54.97083823382575,70732700,-0.0058386431000501,0.0048283654108591,0.0240568697840679,0.0257393426845431,0.0874782781225163,0.0128661328067693,0.0096454641149406,0.0129385100857996,0.9944059808311512,-0.5429842063231566,0.1486344065312306,0.0008193116436301,0.0107932869879954,0.0279441834208207,0.1400450621562825,0.2039182042081917,0.251839958926815,0.0047544123947406,0.00419307548205,0.0034366191276059,0.0020749993596956,0.0014858569664953,-0.0149018904076245,0.0008193116436301,0.0107932869879954,0.0195764104111978,0.0023188949381636,58.32185057823968,1.7051012890268566,1.7655712944936623,-0.0604700054668057,0.0904841516162777,0.8088295897310884,0.0527567718071576,0.5155299806179376,-0.0074480982370031,-0.4537993454551358,-0.0123486065153957,0.0070553083530846,-0.0115704719556687,-0.0063812237545833,-0.0025398326156144,21.149999618530277,-0.1026728938322963,0.1795872425292144,0.0644990549031672,0.807634453911301,0.1188189787092803,0.0649546308425754,-0.0031309462583176,-0.0051557362399791,0.0309640464026452,0.017735027986441,-0.0051557362399791,-0.0014290411878262,-0.0015525697819515,0.0121861124311588,0.0121861124311588,0.0121861124311588,-0.0435919668526493,1.8655378043130049,0.0817037842005388,0.0298462881266872,0.6335002003408392,0.0244527734214112,0.0274760611658999,0.0266974724680246,0.0360443923708222,0.029363999058142,1.336080170946124,2.066611390380901,0.0356273417397366,91.55999755859376,0.1483756892458649,0.1818768054198145,3.4685764082880626,160.12644958496094,0.083428806584872,0.1501645175068306,3.803270503530652,383.2300109863281,-0.0371830963453967,0.0724820904691259,-1.3474299678132906,51.69012451171875,-0.0214851797884108,0.0240630623502051,-1.1582221397593384,0.0,0.0,0.0,0.0,0.0,0.0,0.0,0.0,0.0,0.0,1.0,0.0,0.0,0.0,1.0,0.0,-0.1218309181418872,-0.0570289158343303,-0.049712300635161,-0.0528888477507609,-0.0318945930778429,0.074322832495046,0.0699849095334804,-0.0249299304713649,-0.1356421679065513,0.070434722173052,0.0231388908491207,-0.0040943860663381,0.0307853331694641,-0.0074541225061824,-0.0692749548071752,0.0992956626679002,0.1269111960591962,0.0179447124355153,-0.0247406014248694,-0.0127604037030437,0.0189763129146011,0.0468637326626918,-0.1393765974176969,-0.0639577986291245,0.0018427090883357,-0.0698976967968946,-0.0147976073061018,0.0198282012249289,0.0099235437802659,0.0019202428551218,0.0,0.0,1.0,1.0,-0.1734179120722786,-0.1040507472433672,0.2018138334775968,0.1210883000865582,0.0,0.0,0.0,0.0,3.0,-1.2641943314476916,0.9999999996666666,0.0,0.0,-0.1210883000865576,-0.1834043858653928,0.0,0.0229030036257908,0.0,0.0,-0.1496722493933915,-0.1641642619017557,-0.170797037070276,-0.1800594632269764,1.396156118212789,56.61012649536133,2026-03-11
2026-03-05,56.11336898803711,679.4544067382812,23.75,87.76606750488281,78.87432861328125,27.479999542236328,56.163043663338776,56.689605833353845,55.715967795689,85177800,0.0051610416792655,-0.0098177580058526,0.0259763466765932,0.0235591869828071,0.0690894922505858,0.01283690924912,0.0095524714270855,0.0122181984275714,1.0506383796742107,0.2042209614506445,0.375361358565305,0.0008860319510397,0.0136395936305089,0.0298112491953648,0.1417021516707322,0.2074012341480695,0.2562298610001334,0.0051289385122765,0.0033403672197709,0.0035912352146887,0.0021160277069186,0.0015191939995174,-0.0098177580058525,0.0008860319510397,0.0136395936305089,0.0173512668232844,-0.0008844726364802,69.05481693059136,1.6676454019905051,1.745986115993031,-0.0783407140025258,0.0890571049301302,0.8347430754542641,0.0296616391007264,0.5298713077868314,0.0084336276812164,0.4020470330560555,-0.0039654374461415,-0.0055755468463938,-0.0115914149426622,-0.0071117187185741,-0.0080444192601576,23.75,0.122931462334012,0.2748256076154711,0.1801828563859184,2.038971495804311,1.076563451294294,0.1077425097202273,-0.0040381579170647,-0.0131245119743542,0.0294112672721429,0.0133193849592458,-0.0131245119743542,-0.0057722285037358,-0.004665401070641,0.0132742880480347,0.0140221090559997,0.0140221090559997,-2.213265116017465,1.8899434707129643,0.0825859225159921,0.0371177873581929,0.639351523695821,0.0319352191979682,0.0283215285302338,0.0297032074913452,0.0380083319663557,0.0396208631437113,1.2926774058661783,2.0610062656752524,0.0375677616192554,96.30999755859376,0.207346140298039,0.2366461345036441,3.9569336617155177,163.16424560546875,0.0936645153662416,0.1391420373164815,4.31120988046094,378.6300048828125,-0.0426548549107143,0.0444389726287151,-1.1832982551166835,50.60495376586914,-0.0409434013689442,-0.0204278007184384,-1.4736337131838813,1.0,0.0,1.0,0.0,0.999999999,1.0,0.0,0.0,0.8793917894363403,0.0165490973740816,0.1040590405464172,0.8628426920622587,0.4421588169310682,0.0233398342091176,0.5345013077968338,0.4188189827219506,-0.2794049382209778,0.3496144413948059,0.1363186538219452,-0.3162750005722046,0.1709280014038086,-0.0812217816710472,-0.0645334050059318,0.0080685690045356,-0.0036896020174026,0.0384976342320442,-0.1209637597203254,-0.0214872807264328,0.0332329049706459,-0.0953295081853866,0.1317157745361328,-0.0376976355910301,0.0028100460767745,0.0306242108345031,-0.0921553671360015,-0.0004952847957611,-0.0034350445494055,-0.0648460313677787,0.0594696551561355,-0.0539969727396965,-0.0453093349933624,-0.0585496388375759,0.052956573665142,-0.0148143796250224,-0.0625304281711578,0.0260085295885801,0.0,0.0,0.0,0.0,0.0767479217087006,-0.020286950698977,0.5667716010163232,0.29365683849901,0.7504975013429378,1.094873302616179,0.1300513199422768,0.1596096707649842,4.0,-0.2294157336074038,0.7499999998125,0.8628426920622587,0.4188189827219505,0.5691858535632494,0.9995592748891904,0.0,0.0229030036257908,0.0,0.4440237093403081,0.4188189827219506,0.4188189827219506,0.4188189827219506,0.4188189827219506,1.8072279007660168,57.13668441772461,2026-03-12
2026-03-06,56.20278549194336,670.5487060546875,29.489999771118164,87.43987274169922,78.49020385742188,27.46999931335449,56.779022343128695,56.96778762717139,55.80538050561314,68219000,0.0015934973343929,0.0008846346595403,0.0116237816222057,0.0307944210189605,0.0835088594059507,0.0113967556478166,0.009164742494036,0.0117007690716884,0.9740175713214512,-0.1990988262199775,0.0892316884208839,0.0001767882283396,0.012184850337273,0.0273686288375967,0.1390951267487146,0.2065275699476392,0.256076246676012,0.0023113488912182,0.0040102359308043,0.003800241922,0.0021789981506136,0.0015925077043867,-0.0082399052426716,0.0001767882283396,0.012184850337273,0.0206823756399917,-0.0101487631770586,67.67511503550418,1.6264280560258868,1.7220745039996024,-0.0956464479737155,0.0806381974484119,0.8394003053590783,0.021665562710678,0.5081598724529114,0.0012986191145461,0.1398202474296254,0.0009934645952005,-0.0131071350708364,-0.0198399468125016,-0.0077330074389293,-0.0208266651170055,29.489999771118164,0.2416842008891859,0.4848942026591474,0.4378351818208903,3.2834062602867684,1.6727349848407589,0.2511667438669476,-0.0037166387016878,-0.0227466053826143,0.0145650109189778,0.0092569829163666,-0.0227466053826143,-0.0113470713135616,-0.0079176669102545,0.0140272852944336,0.0144017500275923,0.0144017500275923,-3.3091863684659675,1.6219381752387978,0.0838161120653324,0.0479223696096613,0.6427592324838872,0.0340224735429539,0.0569330399832139,0.0384114349352175,0.0321006026846195,0.0351703940801115,1.1705314609933666,1.4367439066444614,0.0314637284347074,108.7699966430664,0.3272727357361971,0.4183073827148507,3.7182345610647984,163.47300720214844,0.0677205440613728,0.1602573120619199,2.982316322754486,373.3299865722656,-0.0595511362968064,0.0623469703128811,-1.475201110743761,49.63924789428711,-0.0664669553792556,-0.0126732404326059,-2.0106709217582965,1.0,0.0,0.0,0.0,0.0,0.0,0.0,1.0,0.0514678582549095,0.1311056762933731,0.8174265027046204,-0.0796378180384635,0.0989731341895095,0.0629118024627151,0.8381150581898282,0.0360613317267943,0.4108725786209106,0.0553117096424102,-0.0923346281051635,0.1214791163802146,-0.0094185024499893,0.0269692800939083,-0.0124748311936855,-0.0859113782644271,0.060461901128292,0.0760753378272056,0.1604837477207183,-0.0187243670225143,0.0361374542117118,-0.1347795575857162,0.018701285123825,0.0366362407803535,0.0063364468514919,-0.0076624006032943,-0.0392786785960197,-0.0860993564128875,0.0626692771911621,0.0685499459505081,0.0776526778936386,-0.0544768497347831,-0.0028813630342483,-0.0149254165589809,-0.0635800957679748,0.1080934628844261,-0.0003471868112683,0.0150867756456136,0.0,0.0,0.0,1.0,0.1516267714829151,-0.0130746843536182,0.2610682913412654,0.2777292748913173,0.2246365493226435,-0.9171099290251732,0.4697044865842533,0.3961374553046353,5.0,-0.2294157336074038,0.59999999988,-0.0796378180384636,0.0360613317267943,-0.3573670929297802,-0.7499148945986109,0.0,0.0229030036257908,0.0,0.1156991497652578,0.0360613317267943,0.0360613317267943,0.0360613317267943,0.0360613317267943,1.9778374757655683,57.3254508972168,2026-03-13
2026-03-09,55.95441055297852,676.4227294921875,25.5,88.20100402832031,78.96296691894531,27.459999084472656,56.47103553982345,56.77902460600071,55.57687617991203,88747400,-0.004419263863718,0.0023136128214247,-0.0126227547909102,0.0212148296962639,0.0576525816856912,0.0057890686326389,0.0094279347848848,0.0112229197697516,0.5158254924370336,0.300919098784796,0.3656750036835834,-0.0017016133066405,0.0056065699360765,0.0199849873941591,0.1298876890044298,0.1984449610108958,0.2483687319611607,-0.0025406197165687,0.0028025953406076,0.0036239927918531,0.0021703528974772,0.0016168028420948,-0.0126227547909102,-0.0017016133066405,0.0056065699360765,0.0214844265931542,-0.009148495009988,71.66942820864955,1.5557870854977125,1.6888170202992243,-0.133029934801512,0.0765819906504466,0.7609619732317912,0.0111498358770954,0.3473866947103584,-0.0051904681375262,-0.7633806715334881,-0.0031534856024654,0.008760025013039,-0.0118155809235148,-0.0178823675371977,-0.0121829691599107,25.5,-0.1353000950181722,0.1893656420154019,0.2279392236331978,1.602939976083145,0.2608975483484305,0.2056737806112551,0.0087046248210984,-0.0042404279859805,0.0226950600550206,0.017611789037772,-0.0042404279859805,-0.0037933462723562,-0.0013703155797606,0.0136581369435473,0.0047566469494879,0.0047566469494879,-0.913563677445588,1.4036518530154434,0.0827210679259481,0.0304259510489286,0.6343965260873018,0.0188507978603635,0.0274179497390607,0.0236475803254947,-0.0008168251308289,-0.0084180228245013,1.172359891989552,0.5941027381969098,-0.0008071738673953,104.33000183105467,0.1965821643504015,0.3551111147666494,1.9157421647878916,161.17225646972656,0.0141640004969723,0.1052524627442665,0.6107330020431196,379.1199951171875,-0.0412462328621757,0.032715017964231,-0.8857829757417298,49.768672943115234,-0.0612206702493601,-0.0295087803524936,-1.579409047084019,3.0,2.0,1.0,0.6666666664444444,0.3333333332222222,0.3333333333333333,0.0,0.6666666666666666,0.0881314526001612,0.1038687340915203,0.8079997897148132,-0.015737281491359,0.2330240399446534,0.4184628219090989,0.348513129723583,-0.1854387819644454,0.20744455854098,-0.103895924364527,-0.1984206587076187,-0.0056149164835611,0.0722818523645401,-0.1769433456162611,-0.0008891592733561,-0.0028211983541647,0.0071263592690229,-0.0594912941257158,0.007404550909996,-0.0309305489063262,0.0425077999631563,0.0236929357051849,0.0214614570140838,0.0047569821278254,-0.0352704115211963,0.0189196870972712,0.0197429433465003,-0.0377757847309112,-0.0344393340249856,0.0282496685783068,-0.0344716633359591,0.0316109855969746,-0.0321375106771787,-0.1048050808409849,-0.0160030381133159,-0.0082701382537682,-0.0034780328472455,0.0161262154579162,0.0,0.0,0.0,1.0,0.0898138441614333,0.0161732629776901,0.2558225308441457,0.3209879407038296,-0.1854387819644454,-0.015737281491359,3.326588866551745,2.589087906033631,6.0,2.0647416024666354,0.4999999999166666,-0.0157372814913591,-0.1854387819644455,-0.3367252221951879,-0.6603121965356666,-0.0,0.0229030036257908,0.0,0.1697015004730863,-0.1854387819644454,-0.1854387819644454,-0.1854387819644454,-0.1854387819644454,2.7667678781321325,57.52415466308594,2026-03-16
2026-03-10,55.23908233642578,675.3356323242188,24.93000030517578,87.2619400024414,78.83493041992188,27.450000762939453,55.69609921987172,56.09350042686328,55.01057578967028,88817900,-0.0127841256745159,-0.015580719307688,-0.0162774271900227,0.0090743982752226,0.0365398968813954,0.006949327500991,0.0105374596603927,0.0116933707192393,0.5942962960424079,0.0007943894694379,0.3161084322950891,-0.0112391549402255,-0.0081347287939924,0.0051613787206674,0.1117961119082786,0.1807232013463606,0.2302835391440694,-0.0032822719766345,0.0017944072039497,0.0032354095640235,0.0019246142577043,0.0016454449689666,-0.0252455095818205,-0.0112391549402255,-0.0081347287939924,0.0196043198291674,-0.0082055456279221,57.29535810495521,1.425648608857486,1.636183338010877,-0.210534729153391,0.0717469046710038,0.5719386953950826,0.027196026941244,0.0867354093850805,-0.0075905525719532,-1.8396202845631529,-0.014639434908804,-0.0016071269053671,-0.0046301922901675,-0.0241660626150538,-0.0135702445359022,24.93000030517578,-0.0223529292087928,0.0577004933373082,0.1790021383412179,1.2708014371305467,-0.0112103342273368,0.0496842233758223,-0.0106468632213913,-0.0128593452794967,0.0120377272077321,0.0065979563912841,-0.0128593452794967,-0.0046701186288925,-0.0009985130585939,0.0125415029484752,-0.0003641049477987,-0.0003641049477987,-1.3599089363171089,1.2373111740730802,0.0817950063530874,0.0158594090923964,0.6330260630795087,0.0154296724515641,0.0242288007434499,0.0241860800784341,-0.0117014146999829,-0.0034626087925573,1.3947875958469895,0.7674507315668001,-0.0116472348998551,105.86000061035156,0.1736142371611748,0.3568316478485682,1.5205335662675603,158.36354064941406,6.292241367678031e-05,0.0853983695148024,0.0025775542450585,382.260009765625,-0.0059808295391365,0.0219762619851291,-0.1160755870620846,49.65916061401367,-0.0396610934208433,-0.0440782067236481,-0.8887740647176354,1.0,1.0,0.0,0.999999999,0.0,1.0,0.0,0.0,0.0090939197689294,0.9713067412376404,0.0195992961525917,-0.9622128214687108,0.1508221634279188,0.6953707498274168,0.1538070596242632,-0.5445485863994979,-0.2425195872783661,-0.2504495680332184,-0.1721374690532684,-0.1223756596446037,-0.0551638007164001,0.0285733044147491,0.0854703560471534,0.0286330413073301,-0.1024906262755394,-0.1155512258410453,0.0357208177447319,-0.0147637575864791,0.0017422884702682,-0.1054005473852157,0.0593291819095611,-0.052389957010746,-0.0154277831315994,0.1823833882808685,0.0435202904045581,-0.2307485342025756,-0.1532456576824188,-0.0159805454313755,0.0195458158850669,0.0405982881784439,-0.0726044997572898,-0.0160106234252452,-0.0582857653498649,-0.0006487555801868,-0.0249795168638229,0.0035657510161399,0.0,0.0,0.0,3.0,-0.2313086788790495,-0.0550214107830396,-0.3525293069995108,-0.0389490457872545,-0.9633675691214484,-1.8250555135309696,3.6191078021791374,2.897172392669109,6.0,-0.2294157336074038,0.4999999999166666,-0.962212821468711,-0.544548586399498,-0.9232637756814558,-1.692280576717735,-0.0,0.0229030036257908,0.0,0.4176642350692129,-0.5445485863994979,-0.5445485863994979,-0.5445485863994979,-0.5445485863994979,5.101446515927964,58.13019180297852,2026-03-17
2026-03-11,56.61012649536133,674.4879760742188,24.229999542236328,86.13510131835938,78.65763854980469,27.549999237060547,55.26889123733204,56.66973838302696,55.17947530080109,48743700,0.0248201834814234,0.0072477013345959,0.0140594789417021,0.0384545757799026,0.0634565148549561,0.0140256355755185,0.0127305447741274,0.0127374033186332,1.1011376591854591,-0.4511950856752974,-0.2864874882035648,0.0104628765460723,0.0126717539165885,0.0269534961116588,0.1350753965100728,0.2073064240189117,0.2584347573494572,0.0027923122364255,0.0030762233055173,0.0037236181550669,0.002109454555759,0.0017875690550087,-0.0010519242802998,0.0104628765460723,0.0126717539165885,0.0263250265365152,0.024267453679681,63.63632132659733,1.4168126001358416,1.59230919043587,-0.1754965903000283,0.0699560245124869,0.8852919930698421,0.035778067804331,0.7924382782014248,0.0224042830365581,1.7696297310844704,-0.006708459686941,-0.0012551629285171,-0.0128442319093755,-0.0228138966711702,-0.0145497604078111,24.229999542236328,-0.0280786503959297,0.1456264765606689,0.1287091598092402,0.9383410080555794,-0.5907603091311721,-0.1783655567889613,-0.0129132893911194,-0.0225462229777956,-0.0124277749407057,-0.0063847984293335,-0.0225462229777956,-0.008258632345704,-0.006716490383763,0.0173559569674537,0.0051076027153518,0.0051076027153518,-1.851879048162168,1.4879426976358034,0.0839305198957796,0.0379929114053974,0.657224820414707,0.0502960781578134,0.064280502275887,0.0679137418715338,0.027253764523015,0.0374500593071689,1.894764531132591,1.7702662445358404,0.0269037108510776,108.0500030517578,0.180100545356735,0.3847238849429013,1.4351010610853694,164.03076171875,0.0243826809618825,0.1309573093578417,1.010535550145532,385.0199890136719,0.0046707668398329,0.0451139940079845,0.0879383878653695,49.61933517456055,-0.0400616047401614,-0.058023062389245,-0.8011682690577189,0.0,0.0,0.0,0.0,0.0,0.0,0.0,0.0,0.0,0.0,1.0,0.0,0.0,0.0,1.0,0.0,-0.1924879239842859,-0.198781953880456,-0.1366255997291508,-0.0971296254275731,-0.0437835376438888,0.0226786467430901,0.0678378665506739,0.0227260599461523,-0.0813468639833354,-0.0917130687281452,0.0283516318325758,-0.0117180021618902,0.0013828552752679,-0.0836564698986577,0.047089602887825,-0.0415819364357134,-0.012245039586319,0.1447577912092876,0.0345420773850786,-0.1831452329666443,-0.1216311591073151,-0.0126837673143955,0.015513524348766,0.0322228826812849,-0.0576262296461734,-0.0127076402339505,-0.0462614426155736,-0.0005149176452294,-0.0198262556736449,0.0028301384570386,0.0,0.0,1.0,1.0,-0.2433291227879809,-0.0550214107830396,-0.3259833676533563,-0.0389490457872545,-0.0360613317267943,0.0796378180384635,0.0,0.0,6.0,-1.3764944016444234,0.4999999999166666,0.0,0.0,0.0389490457872552,0.0747510470266453,0.0,0.0229030036257908,0.0,0.0,-0.4322084994491795,-0.474057078632191,-0.4932105410434838,-0.5199576456448466,2.512910089070106,58.05071258544922,2026-03-18
2026-03-12,57.13668441772461,664.2459106445312,27.290000915527344,85.96705627441406,78.15531921386719,27.68000030517578,56.75915383553338,57.84207848431341,56.689608528817374,69358700,0.0093014793458627,0.0211292345511655,0.0182365708589991,0.0446866370224179,0.0460167244914491,0.0143136725883306,0.0128423555516887,0.0116494506761826,1.2286992543687671,0.422926449982254,0.0064298958232666,0.0161495443675461,0.017641957558095,0.0341479129112187,0.1409419166274672,0.215657644298209,0.2676859835837328,0.003614455801532,0.0022494677256234,0.0040419165582919,0.0022125779650806,0.0018179815080758,0.0,0.0161495443675461,0.017641957558095,0.0201704030823762,0.0066514483863724,69.25324301153852,1.4357484093300812,1.560997034214712,-0.1252486248846309,0.0763694804438809,0.9471408305090148,0.0506178227963002,0.8190485776627777,0.0022584011621409,0.6498317352608839,0.0084093736313255,-0.0151849488693635,-0.0223833945926679,-0.0374300074047894,-0.0291909919580736,27.290000915527344,0.1262897825465081,0.149052670127467,0.2433368638849709,1.7380115807372098,0.4729092112963396,0.0701961143344056,-0.0019509473068849,-0.0204977992248389,-0.009093698414453,-0.0084339685427966,-0.0204977992248389,-0.0137387579508126,-0.0091158861451531,0.0214022109056,0.0072780482631396,0.0072780482631396,-2.8132448674694523,1.7849521169131437,0.0860173672161319,0.0593066223638394,0.6646346506892072,0.059174003430507,0.0811375733783794,0.0807326230029739,0.041549995393892,0.0395449546240778,1.6429923039278025,1.4628373261612386,0.040619965451667,118.38999938964844,0.229259707099686,0.5006971771530144,1.5777244285204806,166.0426788330078,0.0176413234214261,0.1184087841629519,0.7529437228358598,372.4700012207031,-0.0162691904568311,-0.023592943013081,-0.2746076827607008,49.46004486083984,-0.0226244432575983,-0.0734800121881432,-0.413068544558629,2.0,0.0,2.0,0.0,0.9999999995,1.0,0.0,0.0,0.9219026565551758,0.0114866718649864,0.0666106231510638,0.9104159846901894,0.8542773576611802,0.0397681884407886,0.105954406309859,0.8145091692203916,-0.3245415091514587,0.2408753782510757,0.172632060945034,-0.2311848849058151,0.079780489206314,-0.0036833100020885,-0.0798629485070705,0.0953691937029361,0.0029943315312266,0.0926401689648628,-0.096183955669403,0.092134702950716,0.0644957870244979,-0.0356048345565795,0.1190996766090393,0.0049346722662448,-0.002022236585617,0.0848095342516899,-0.1955252215266227,0.0744571536779403,-0.0448136534541845,-0.0477534662932157,0.0264173801988363,-0.098634023219347,0.0144220534712076,0.0870563387870788,-0.0044785169884562,-0.0171777764335274,-0.1021586656570434,-0.0097529480699449,0.0,0.0,0.0,0.0,0.0899868609402981,0.0241166265166485,-0.0172656122595067,-0.0294343872616683,0.999947951184837,0.9261532661815484,0.2041837072298443,0.1634514792873913,7.0,0.9176629344296158,0.4285714285102041,0.9104159846901894,0.8145091692203915,0.9398503719518584,1.5228099174148555,0.0,0.0229030036257908,0.0,0.0959068154697977,0.8145091692203916,0.8145091692203916,0.8145091692203916,0.8145091692203916,3.1661796480842024,58.97467803955078,2026-03-19
2026-03-13,57.3254508972168,660.4862060546875,27.190000534057617,85.5420150756836,78.00757598876953,27.88999938964844,57.12674840564499,57.5539574360472,56.729343422501366,43374600,0.0033037702732647,0.0377697903829084,0.0199752627106777,0.0318312324244787,0.0689143744525624,0.0142710500426848,0.0122076542115951,0.0106026931953433,1.345983367977612,-0.3746336076079857,-0.3594339160089389,0.0154517496853878,0.0177982312559745,0.034105767584226,0.139852443283531,0.2166337884589222,0.2694432496270169,0.0039556749515311,0.0033321765050046,0.0042144927763408,0.0023513456198767,0.0017913612617657,0.0,0.0154517496853878,0.0177982312559745,0.0143847802440201,0.0034782741380773,68.88882694942914,1.4492806467001105,1.538653756711792,-0.0893731100116816,0.0778920248909171,0.9378595579199412,0.06111104032197,0.7528471059235543,-0.0092861598543713,0.2315015385610472,-0.0006912464451097,-0.0056601095010063,-0.0150063670381302,-0.0278597870840373,-0.0343003408606281,27.190000534057617,-0.0036643597696923,-0.0779925145782168,0.2210621037080116,1.5037654253363428,0.9973217755489024,0.0906538387972917,-0.0049442334907188,-0.0217047166985474,-0.0269218144953909,-0.0133548774119396,-0.0217047166985474,-0.0140178750689249,-0.0061488930456727,0.0299113540703264,0.0152894097849416,0.0152894097849416,-2.5093213503313603,2.219083667911673,0.0867928056206374,0.0637094717078308,0.6701437983018976,0.0628650141290934,0.0687552164185876,0.0792735206583099,0.0355145744887899,0.0426047024049505,1.5574421304606405,1.6510977989390156,0.034981629748808,119.88999938964844,0.1022341003013249,0.5696517897463451,0.61515338804776,167.2179412841797,0.0229085776675064,0.1608241274589457,0.9520890597642708,371.1300048828125,-0.0058928609235284,-0.0073553010700905,-0.0922875175597934,48.97221374511719,-0.0134376360937307,-0.0689002819313837,-0.2303061403842997,2.0,0.0,0.0,0.0,0.0,0.5,0.0,0.5,0.4534294288605451,0.2233630972914397,0.3232075348496437,0.2300663315691054,0.2628364773232189,0.222838582467676,0.5143249170959698,0.0399978948555428,0.0308163315057754,-0.0998801887035369,-0.1634255647659301,-0.1090144347399473,-0.0670089051127433,-0.0793109573423862,0.0390509935095906,0.1099418252706527,0.0041805645450949,0.1239225007593631,-0.0094696953892707,-0.0344149097800254,-0.0311526656150817,0.0268528759479522,0.0681192278861999,0.0276737175881862,-0.0076593793928623,-0.1189057528972625,0.061967859044671,-0.0098012536764144,-0.0183764286339283,0.0076161157339811,-0.055998757481575,0.0256574712693691,-0.0288507174700498,-0.0899768229573965,-0.0021487399935722,-0.0747728012502193,-0.0099633261561393,-0.0660426467657089,0.0,0.0,0.0,2.0,0.2848356880253117,0.0249039391423982,0.3801607720864319,0.0325064426598454,0.5845464812550407,1.1922791530378165,1.0266666728414575,0.8094741731777243,8.0,0.9176629344296158,0.374999999953125,0.2300663315691054,0.0399978948555428,0.1975598889092607,0.3093820133354883,0.0,0.0229030036257908,0.0,0.1900684367135625,0.0399978948555428,0.0399978948555428,0.0399978948555428,0.0399978948555428,2.7520806270103653,58.92500305175781,2026-03-20
2026-03-16,57.52415466308594,667.2078857421875,23.51000022888184,86.20428466796875,78.25381469726562,27.729999542236328,57.385060262950034,57.7228533691246,56.89824312724648,39474300,0.0034662399119269,0.0161460188187267,0.0280539834946731,0.0150771101492013,0.0653174370883136,0.0135177269632252,0.0107022379007139,0.0105714626258241,1.27869966181447,-0.0899212903404296,-0.4131701667220925,0.0133361560533751,0.0197791664143076,0.0343996180195924,0.1383835943439917,0.2177620789742742,0.271314065478291,0.0055335357562642,0.003163640887158,0.0047890580448906,0.0023897757505522,0.0018725515852853,0.0,0.0133361560533751,0.0197791664143076,0.0143350258114664,0.002423878262017,70.28983531388855,1.459217820871885,1.5227665695438106,-0.0635487486719257,0.0805314127877507,0.9271577615340784,0.0647818323270463,0.7058625940996615,-0.0019157663609819,0.2564217834059693,-0.0022043284705472,0.0101768661114831,-0.0136229067241987,-0.018657787648673,-0.0242866465513654,23.51000022888184,-0.1353438849905975,-0.0780392067105162,0.048944814029467,0.3364952502326968,-1.111591989995587,-0.0297152012776323,0.00774203871278,-0.0226382837967518,-0.0247438186631192,-0.0057716356306655,-0.0226382837967518,-0.0103388293904035,-0.0089808203687131,0.0146359172940688,0.0098325006105459,0.0098325006105459,-1.6370237338361764,1.4975863627824524,0.0862162391847292,0.0522610091100197,0.667300411860623,0.0536417236773603,0.0414011539478098,0.0430117986991063,0.0422524919759248,0.0518664343518067,1.201670514206182,1.4799087626903311,0.0416768902188718,115.02999877929688,0.1025591561434944,0.509183901036885,0.5817664421762176,166.7000274658203,0.0342972861283483,0.1317195261900514,1.4289182391474962,372.5700073242188,-0.0172768196806505,-0.0229466060839558,-0.255605516993475,49.1812858581543,-0.0118023457372936,-0.0733445870574218,-0.1941924657001101,2.0,1.0,0.0,0.49999999975,0.0,0.5,0.0,0.5,0.0509160254150628,0.4961901754140854,0.4528937852010131,-0.4452741499990225,0.0473050931796847,0.4804356238614956,0.4722592849736806,-0.4331305306818108,0.1334123015403747,0.0851807445287704,0.0641743019223213,0.0366545291617512,-0.0646186918020248,-0.0014972891658544,-0.0737329283729195,0.0699031129479408,-0.0310985893011093,0.0969065017998218,-0.0483619794249534,-0.1083784326910972,-0.0640268139541149,0.0095805302262306,-0.0093879476189613,0.0715704411268234,-0.0465454403311014,0.053383370861411,-0.1451000720262527,-0.0042675137519836,0.0656151082366705,0.0718191154301166,0.0382019765675067,-0.0283756740391254,0.0025191670283675,0.0694383550435304,0.0542415892705321,0.0326052643358707,0.0166311245411634,-0.0119058503769338,0.0,0.0,0.0,2.0,0.140458844464708,-0.0246344106010747,0.2317360554200911,-0.0534009310416873,-0.4331305306818108,-0.4452741499990225,2.1385570904249693,1.670019576767541,7.0,1.0730304839116842,0.2857142856734694,-0.4452741499990225,-0.4331305306818109,-0.3918732189573345,-0.7142889753704518,-0.0,0.0229030036257908,0.0,0.0121436193172117,-0.4331305306818108,-0.4331305306818108,-0.4331305306818108,-0.4331305306818108,3.5953880356304606,59.630001068115234,2026-03-23
2026-03-17,58.13019180297852,668.9630126953125,22.3700008392334,86.44152069091797,78.60839080810547,27.68000030517578,57.85201058246843,58.66668740533501,57.60363340988874,40137700,0.0105353506443004,0.017388257568297,0.0523381154115638,0.0352087583586664,0.088558099650998,0.0087683322812544,0.0103238278856218,0.0101312606854427,0.8654728851642819,0.0168058711617431,-0.3986765481726413,0.0136867337221204,0.0269235933390168,0.040871662816122,0.1450829567303906,0.2275157365828015,0.2821180020450213,0.0102028930318559,0.0042426988076592,0.004598738033601,0.0023348024398087,0.0018877365337822,0.0,0.0136867337221204,0.0269235933390168,0.0182874675357908,0.0048084970204023,74.99997362899798,1.4987189363440834,1.5179570429038654,-0.0192381065597819,0.0807657751188562,1.0060517620981737,0.0387181554573975,0.8534965330975104,0.0047392647882014,1.2015226048516645,0.0097033466598436,0.0026305548699752,-0.0094362259651166,-0.017661283694514,-0.0217525083176617,22.3700008392334,-0.0484899778200749,-0.1026875023908802,-0.0065283680370842,-0.0456273281095641,-1.1470820130485495,-0.1802858157287413,0.0027520212465421,-0.0094018000459362,-0.0236920950520508,-0.0031514886906118,-0.0094018000459362,-0.0038692381020517,-0.0028735943649562,0.0080116980348889,0.0083788537648004,0.0083788537648004,-0.7166404180780848,1.203839372008299,0.0868959728711557,0.0550976444272255,0.6724799765014546,0.0560386147454194,0.0499316631398529,0.0586474720517633,0.0623628109526495,0.0623258910225794,1.1810242011215604,0.9276033289287986,0.0617743413766804,118.83999633789062,0.1226147331636213,0.569259092433541,0.654740159989478,169.39918518066406,0.0696855127512003,0.1697387677948831,2.699218137792112,385.6300048828125,0.0088159761185946,0.0267586630540899,0.130440892552728,49.30075454711914,-0.0072173202781319,-0.0603415457402973,-0.1173367640279676,1.0,0.0,1.0,0.0,0.999999999,1.0,0.0,0.0,0.0322639010846614,0.0351341515779495,0.9326019287109376,-0.002870250493288,0.3143308732099471,0.1471815526770413,0.5384875827156094,0.1671493205329058,-0.1767224073410034,-0.1774432063102722,-0.0884678959846496,0.0728520229458808,-0.159110814332962,0.0243713781237602,0.018019925802946,0.083033487200737,-0.0798409134149551,0.099530316889286,0.0955883786082267,0.0575600117444992,-0.1317295134067535,0.042682871222496,0.1536250412464141,-0.0892138183116912,-0.0309988744556903,-0.0257641449570655,0.1100800633430481,-0.0230338722467422,0.0772019922733306,-0.0340176075696945,-0.0142391249537467,-0.0127570927143096,-0.0061549171805381,0.1282201558351516,-0.1518978029489517,0.0502210706472396,0.1073599085211753,-0.0321964547038078,0.0,0.0,0.0,2.0,-0.0753277717644538,0.1177051707854059,-0.072692689641068,0.1384675831533972,-0.6473598486874859,-0.9132862351834774,0.7041137984811684,0.8266546427585791,7.0,-0.1893583206902971,0.1428571428367347,-0.0028702504932881,0.1671493205329058,-0.1413378336466846,-0.1619307538480343,0.0,0.0229030036257908,0.0,0.1700195710261938,0.1671493205329058,0.1671493205329058,0.1671493205329058,0.1671493205329058,4.556228863893866,60.84000015258789,2026-03-24
2026-03-18,58.05071258544922,659.6285400390625,25.09000015258789,85.95716857910156,78.2045669555664,27.850000381469727,58.3587016412086,58.58720818324884,58.05071258544922,42908000,-0.0013672622619013,0.0126516525710858,0.0254474981645895,0.0398647556708557,0.0666301909626467,0.0048709084319139,0.0099643179163402,0.0095706653105344,0.5089414126321159,0.0690198989977004,-0.3492332469799967,0.0072401321232209,0.0215034978917894,0.0360847547393554,0.1380705002439763,0.2229207430956072,0.2777505985435842,0.0050258201781402,0.0032252162290178,0.0048196302504209,0.0022157045404999,0.0019254659394159,-0.0013672622619013,0.0072401321232209,0.0215034978917894,0.00924184344869,-0.0052775172698821,73.53758896499797,1.5062474631778642,1.5156151269586653,-0.0093676637808011,0.0840430980395218,0.929360120951114,0.0305387232804194,0.7370803801042701,-0.0055844797855965,-0.2806995861887871,0.0034918076558306,-0.0139536453871201,-0.0220306907791654,-0.0362237617682391,-0.0350966394163482,25.09000015258789,0.1215913818198901,0.0354932161204732,0.1008973070794969,0.7197342275826697,-1.7436713993227497e-07,-0.0772342898206018,-0.0056032345098169,-0.0020657401748465,-0.0254756790116515,-0.0086818813638477,-0.0020657401748465,-0.0124378488116222,-0.0057600457195444,0.0160525551443648,0.0108893340369176,0.0108893340369176,-1.4861861332983857,1.6341944910411648,0.0880051560261651,0.0630883709846386,0.675344634369016,0.0557031214383065,0.077124601844142,0.0660527557933896,0.0485477289482443,0.0275701911910075,1.1058927812637196,0.4488368524859816,0.0474781889437549,121.66999816894533,0.1260527046043977,0.5323677056767979,0.6501112668016088,172.66604614257812,0.0526442987482698,0.1709557122968417,1.9201024879096775,383.3800048828125,-0.0042594778911625,-0.0044921724560601,-0.0645999266269682,48.265357971191406,-0.0272872902993531,-0.0856280965581605,-0.4418523393339836,3.0,0.0,0.0,0.0,0.0,0.3333333333333333,0.6666666666666666,0.0,0.284468517328302,0.0420507130523522,0.673480768998464,0.2424178042759498,0.1945568095484124,0.1842816922172894,0.621161519863893,0.0102751173311229,0.1312356988588968,-0.095807413260142,0.3880131455759207,-0.0420380691066384,0.0303535560766855,0.0436688192809621,0.0288966055959463,-0.0147071219980716,0.0381396810213724,0.0236181567112604,0.0468188822269439,-0.0335987557967503,-0.0050804540514945,0.00784832239151,-0.001543400188287,0.0134414763500293,-0.0118983462452888,-0.0568388054768244,0.075028721243143,-0.0371445268392562,-0.0701328665018081,0.0247551538050174,-0.055766224861145,-0.0089112495382626,-0.0301756635308265,-0.0267607979476451,-0.0064011787374814,0.0194617062807083,0.0653318902477622,0.0517231294264396,0.0,0.0,0.0,1.0,-0.0852353642725938,0.1197601942516305,-0.0685755320721198,0.1869511440085872,-0.0297227775244199,0.0123514727068444,0.8101751203442338,0.8575184929571251,10.0,1.9720265921443167,0.09999999999,0.2424178042759498,0.0102751173311229,0.0554666602673632,0.2009620405489375,0.0068500782207486,0.0065075743097111,0.6666666666666666,0.2321426869448269,0.0102751173311229,0.0102751173311229,0.0102751173311229,0.0102751173311229,4.248273251209655,60.56999969482422,2026-03-25
2026-03-19,58.97467803955078,658.0029907226562,24.059999465942383,86.4810562133789,78.46065521240234,27.57999992370605,58.48785710071508,59.33234178401211,58.14013056578601,69231400,0.0159165221743231,0.025215900780471,0.0321683632950882,0.0509915747907361,0.0757520818185859,0.0068224819904525,0.0106641304215598,0.0099479147212111,0.685820244325699,0.613484664864361,0.0446801872781108,0.016786603864719,0.0325633532526383,0.0486891761771162,0.1503579181298873,0.2393224247828893,0.295385038688984,0.0063323592961684,0.0036510013979985,0.0050828166265285,0.0022729119835227,0.0019392279947584,0.0,0.016786603864719,0.0325633532526383,0.0202156460680727,0.0083234531570784,73.75691091188239,1.5686873142930295,1.526229564425538,0.0424577498674914,0.0932960920634759,1.0218779811697742,0.0443059809725836,0.8788789571120549,0.0075112219141661,2.3329515363536992,0.0080266864135119,-0.0024643404851918,-0.009398507121884,-0.0360564972600084,-0.0369877067732208,24.059999465942383,-0.0410522391543018,-0.1183584221775224,0.0469062482834681,0.3424596841416188,-0.2107547921500944,0.0233942676182909,0.006094752106629,0.0059790338443614,-0.0205207485254554,-0.0027466514386736,0.0059790338443614,-0.0052447153357987,0.0039067846130809,0.0036390241315698,-0.0036127305045956,-0.0036127305045956,-0.813451509839578,0.569614748282886,0.0896267629038911,0.0766196150332756,0.6819375320074688,0.0609484100014017,0.0852547283289786,0.0666081282882944,0.0419612434624978,0.0260336732373476,1.1870945745878934,0.7555931982757793,0.0415668704169722,117.36000061035156,-0.0087000488606044,0.4454981781168035,-0.0449860514779102,174.33932495117188,0.0499669493197478,0.1564481627300573,1.7833923683344792,392.6199951171875,0.0540983000790571,0.0023743079220419,0.8306361025286332,47.52863693237305,-0.0390498620432104,-0.0963467431093916,-0.6157183391116434,1.0,0.0,1.0,0.0,0.999999999,1.0,0.0,0.0,0.9045004844665528,0.0316058360040187,0.0638936311006546,0.872894648462534,0.3505178948260254,0.0277730061623555,0.6217091109474534,0.3227448886636698,-0.1750043630599975,-0.1094129011034965,-0.1135038882493972,-0.0389954000711441,-0.0487832799553871,0.1048752069473266,0.0135471802204847,-0.0851421803236007,0.0414579212665557,0.0377679020166397,0.227906048297882,-0.068406656384468,0.0593517497181892,-0.0963975936174392,-0.1172835826873779,0.024833470582962,0.1329795718193054,-0.025623619556427,-0.0075931511819362,-0.0215861797332763,-0.0842244550585746,-0.028601411730051,-0.143014907836914,-0.0998631343245506,-0.0910485535860061,-0.1579663902521133,-0.0120273008942604,-0.044118084013462,0.1546282768249511,0.1276446133852005,0.0,0.0,0.0,3.0,0.1667231088425663,0.0214073381402861,0.3708140674150657,0.1794468767630561,0.7558754193454806,1.3181687984615564,0.1218635951023304,0.1306952126381487,9.0,-0.2817180845920452,0.1111111110987654,0.8728946484625342,0.3227448886636699,0.6934477716994787,1.3886823076460248,0.0,-0.0003425039110374,0.6666666666666666,0.5501497597988642,0.3227448886636698,0.3227448886636698,0.3227448886636698,0.3227448886636698,4.225416662945998,61.52000045776367,2026-03-26
2026-03-20,58.92500305175781,648.5700073242188,26.780000686645508,84.84020233154297,77.7317886352539,27.68000030517578,59.17338022966787,59.92844518294305,58.89519521325283,73003400,-0.0008423104533042,0.0136729507357065,0.0279030017122581,0.0484356342125549,0.0807216025437771,0.0075061702200135,0.0107787167123441,0.0097772977202966,0.7677141135548524,0.0544839480351402,0.0834753658859477,0.0103574280530813,0.0267996626647777,0.0437216125374844,0.1438104408271656,0.2353332056165462,0.2916787583399358,0.0055041612540207,0.0038814484263227,0.0048971159640391,0.002189445850671,0.0018760413110546,-0.0008423104533042,0.0103574280530813,0.0267996626647777,0.0175350006988144,-0.0041974478548637,68.39544970845027,1.5957679699662322,1.540137245533677,0.0556307244325551,0.0975449868533414,0.9482199849308476,0.042508656963961,0.7436545586905402,-0.0053999606985398,-0.112215726049315,0.0121311349552053,-0.0143357758725042,-0.018041555783047,-0.0566972132890812,-0.0499962113553835,26.780000686645508,0.1130507598120842,-0.0150790672805817,0.1460852323505135,1.095158769438664,1.4474970557761846,0.1971390112635882,-0.0189735643120196,-0.0082043045574703,-0.0368481212208035,-0.0214991842024491,-0.0082043045574703,-0.0096625462146286,-0.0035353919157201,0.0076447396094108,-0.0075295478332135,-0.0075295478332135,-2.115601368418696,0.8568822553080749,0.0908537280267746,0.0838379533047308,0.6945410481399799,0.0742428171002294,0.0839649536112645,0.080561760981614,0.0467886984076428,0.0364059921167716,1.1791021962452528,0.7058354302195761,0.0459445574953051,121.43000030517578,0.0128451157174691,0.5019171626087755,0.0659235349577178,176.41099548339844,0.0549764823596024,0.1663373336525275,1.8907478780231184,386.9700012207031,0.0426804519426884,-0.0066229923067968,0.6584659100641159,46.77199935913086,-0.0449278114613657,-0.1129153701225444,-0.6875288342752585,2.0,0.0,1.0,0.0,0.49999999975,0.5,0.0,0.5,0.0978006720542907,0.0503310095518827,0.8518683314323425,0.047469662502408,0.2106679723028287,0.1270324570146997,0.6622995573116459,0.083635515288129,0.0720991641283035,0.1558752059936523,-0.0697711780667305,-0.2160704284906387,0.021331138908863,-0.0627668909728527,0.0239114910364151,0.0050325207412242,-0.0548250349238514,0.0018883645534515,0.0162726826965808,-0.0013200156390666,0.1113693863153457,-0.0027871131896972,0.1215004473924636,-0.0082691824063658,-0.063527837395668,-0.0750410556793212,0.0471565704792737,0.0202620178461074,-0.0350767336785793,-0.0835015717893838,0.0027828067541122,0.0350467860698699,-0.0050885351374745,-0.1013915613293647,0.0078175328671932,-0.062727341428399,-0.0169973652809858,0.017748724669218,0.0,0.0,0.0,1.0,0.1388851737609741,0.0301348622268034,0.387594038413631,0.1429275429497166,-0.0835138052447767,0.050339912995696,0.5421451686308725,0.6570388285302564,9.0,0.8451542537761357,0.1111111110987654,0.047469662502408,0.0836355152881289,-0.095457880447308,-0.1467450051993729,0.0,-0.0003425039110374,0.6666666666666666,0.036165852785721,0.083635515288129,0.083635515288129,0.083635515288129,0.083635515288129,5.986061757590056,62.560001373291016,2026-03-27
2026-03-23,59.630001068115234,655.3800048828125,26.149999618530277,85.39373779296875,78.24397277832031,27.559999465942383,57.88999938964844,59.84000015258789,57.65999984741211,71027200,0.0119643271929603,0.0272053246605947,0.0366080373951265,0.065689022166655,0.0882974332810986,0.007871933330845,0.0104633997878724,0.0099402083754923,0.7919283219781345,-0.027069972083492,0.0334294806437487,0.0151149430631822,0.0324717382715395,0.0517028090134876,0.151750048208948,0.2468126276512277,0.3042838094011801,0.0071907760712609,0.0042307243625386,0.0049863686844281,0.0024430765161582,0.0020339837812067,0.0,0.0151149430631822,0.0324717382715395,0.0365587836009858,0.0300570339749897,77.51435419698004,1.6550387759157346,1.5631175516100886,0.0919212243056459,0.1050691275770398,0.9920837376857212,0.0447607985867402,0.8376826048778263,0.0028958856394287,1.5198713162633906,0.0027286789823552,0.0105000192449378,-0.017727429654429,-0.0369585970294787,-0.0393009882405664,26.149999618530277,-0.0235250579522725,0.1122926143745937,0.1069485703205492,0.8086690429134348,0.7203232263603153,0.0422478859902697,0.0065244476818036,-0.0094026286294465,-0.0341289630108915,-0.0150237332717425,-0.0094026286294465,-0.0091054600489244,-0.000125769190721,0.0036416746104799,-0.0061305473891196,-0.0061305473891196,-0.9311961471133988,0.3205781703365637,0.0909853834780595,0.078670965105682,0.6982947767514764,0.0735270937292345,0.0999058131056718,0.1007228886612492,0.0553160789478628,0.0464473936175646,1.1120700004975843,0.732989459555034,0.0543354670495556,110.55999755859376,-0.0388594389997302,0.3666254075808266,-0.2062074412352913,174.8699951171875,0.0490099958324381,0.1744785688518677,1.650023245154611,398.8500061035156,0.0705370756171133,0.016048958110959,1.1460183779056206,47.54999923706055,-0.0331688485290646,-0.0981597098297536,-0.5057718036188146,1.0,1.0,0.0,0.999999999,0.0,1.0,0.0,0.0,0.0934960395097732,0.0122335823252797,0.8942703008651733,0.0812624571844935,0.0385991052605482,0.23939641988108,0.7220044771545369,-0.2007973146205317,-0.1009070873260498,0.3005204498767853,0.0648118406534195,0.135278433561325,-0.022794097661972,0.0308437310159206,-0.0937324687838554,-0.1375845670700073,0.0761881992220878,-0.1002632603049278,0.0946677476167678,0.0079016536474227,-0.0311270505189895,0.0326137840747833,-0.0252156630158424,0.0973649695515632,-0.0056703425943851,-0.0456013493239879,0.0452608503401279,0.0644082427024841,0.079977661371231,-0.0857567489147186,0.0091068446636199,0.0003596693277359,0.065673142671585,-0.0590836741030216,-0.0880144909024238,0.1483941078186035,0.0217302255332469,-0.0124222720041871,0.0,0.0,0.0,2.0,0.0685276964437558,0.0766015054390592,0.3338755893831455,0.2482348643864198,-0.2110724319516546,-0.1611553470914563,1.106228096328425,1.6494965033462714,8.0,-0.2817180845920452,0.124999999984375,0.0812624571844935,-0.2007973146205318,-0.1669724072019257,-0.4453807895824688,-0.0,-0.0003425039110374,0.6666666666666666,0.2820597718050252,-0.2007973146205317,-0.2007973146205317,-0.2007973146205317,-0.2007973146205317,3.833017972517004,61.959999084472656,2026-03-30
2026-03-24,60.84000015258789,653.1799926757812,26.950000762939453,85.01812744140625,77.97802734375,27.649999618530277,59.79999923706055,61.470001220703125,59.77000045776367,51207500,0.0202917837128742,0.0316292038387415,0.0466161948818915,0.1013941140812317,0.1113886029303907,0.0098526087779595,0.0088117074419935,0.0104732391021717,0.9407412302059708,-0.2790438029374662,-0.2594067777061156,0.0262451774553829,0.0433046868364392,0.0673045449203677,0.1688157365631377,0.2683919872909446,0.3276749447990059,0.0091124577277877,0.0052805113557338,0.0053699391683329,0.0026995500187205,0.0021393101507419,0.0,0.0262451774553829,0.0433046868364392,0.0279421557967754,0.0173913198795295,84.82240015935935,1.7791393197837737,1.6063219052448257,0.1728174145389478,0.1178696422716933,1.0710083073403114,0.0698455543877022,0.8757601709294166,0.009748715766627,2.059533886977565,0.0183408008182208,-0.0033568497522664,-0.02359326258703,-0.0471173649058354,-0.041698993551216,26.950000762939453,0.0305927784351587,0.2047384779563115,0.1232208976884796,0.9681216746819046,0.939021412960824,0.1201164323003394,-0.0043985702145178,-0.0164665456846974,-0.0400889525642602,-0.0190963973975842,-0.0164665456846974,-0.0108695862558322,-0.0080190353456576,0.0072859326059051,-0.0010838398235095,-0.0010838398235095,-1.3493205515707405,0.6121923767491623,0.0931443106567825,0.0956383659738853,0.7156120933681853,0.0919631967197376,0.1387530218495629,0.1304622907418959,0.0719059535116937,0.0641388864708263,0.9380111126741828,0.96575805534242,0.0702094574689216,114.54000091552734,-0.0361830659278831,0.4182763482635239,-0.1988900646125445,180.2400054931641,0.0639957051796811,0.2099785819551871,1.9294924903905373,406.7000122070313,0.0546378836123544,0.0144674941353191,0.965005778649588,48.45000076293945,-0.0172564049373034,-0.0879785708433382,-0.2706186344150466,1.0,0.0,0.0,0.0,0.0,1.0,0.0,0.0,0.0178975891321897,0.0798957273364067,0.9022067189216614,-0.0619981382042169,0.0307847658654236,0.0276861200435631,0.9415291246269304,0.0030986458218605,-0.1963647902011871,0.1608945727348327,-0.078354924917221,-0.0670690909028053,0.1353027820587158,0.0001388024538755,-0.1119285374879837,-0.1606276929378509,-0.0429115667939186,-0.0429062023758888,0.0016913190484046,-0.0762305110692977,-0.0222423896193504,-0.0517647415399551,0.0374981462955474,0.0355208441615104,-0.0777745842933654,-0.0361224450170993,-0.0018272083252668,0.0634159371256828,0.0515254884958267,-0.0120030604302883,0.0669799894094467,-0.1182962954044342,-0.0434363111853599,0.040008820593357,-0.064253345131874,0.110023520886898,0.0410534814000129,-0.0634228736162185,0.0,0.0,0.0,1.0,-0.0380210511701805,0.0437913704968501,0.0222446604942286,0.236409286844234,-0.3196462428418093,-0.9348927866667508,0.1850189620384118,0.2283693826084814,8.0,-0.2817180845920452,0.124999999984375,-0.061998138204217,0.0030986458218605,-0.2984074250484504,-0.6633607306625979,0.0,-0.0003425039110374,0.6666666666666666,0.0650967840260774,0.0030986458218605,0.0030986458218605,0.0030986458218605,0.0030986458218605,0.6879604106451183,61.2599983215332,2026-03-31
2026-03-25,60.56999969482422,656.8200073242188,25.32999992370605,85.83855438232422,78.22425842285156,27.700000762939453,60.31999969482422,61.0,60.2599983215332,42680700,-0.0044378773354126,0.0279167850296333,0.0433980393551012,0.0699499090465265,0.1110943789046561,0.010731835340286,0.0080743388278266,0.0104860102696685,1.023443048485807,-0.1665146707025337,-0.3856023866105551,0.0130806202811031,0.0316690560495656,0.0569533156067685,0.1574555594438969,0.2591393351151858,0.3188814181099206,0.0084965465024193,0.0052672728279314,0.0053597892525867,0.002662485402515,0.0020238935226186,-0.0044378773354126,0.0130806202811031,0.0316690560495656,0.0122172970479646,0.004144562355186,81.02489418735517,1.8345555006019936,1.6519686243162592,0.1825868762857343,0.1222665220272915,0.965812837908775,0.0593654331847629,0.7203406861429336,-0.0137434723452904,-0.4135245073346303,0.0031321309621094,0.0055727589473859,-0.0042577489365112,-0.0498250871473929,-0.0356132090911412,25.32999992370605,-0.0601113466928415,0.0095655547891022,0.0396699899751364,0.3567205269406089,-0.4413141683851125,-0.0541449113428339,0.009650023655054,-0.0013799221023454,-0.030933556126415,-0.0095786971008887,-0.0013799221023454,-0.0055097017269176,0.0002517943395343,0.0054447016345875,-0.0053859826382651,-0.0053859826382651,-0.7484590151235151,0.7593242600373349,0.0922170442730221,0.0762768883404712,0.7056269776520925,0.0693676479513516,0.0987307642980446,0.0736462710079084,0.0478595622920634,0.0448398369395051,0.824092700732393,1.1299393977475354,0.0476557882916124,113.38999938964844,-0.0680529210479616,0.4221747725511371,-0.400731222231139,181.6199951171875,0.05185703370549,0.2288559140091342,1.414809903238594,409.1099853515625,0.0671135169832732,0.0278370640560923,1.26826152873083,49.40999984741211,0.0237155990203972,-0.0646488555781296,0.3920673516657317,1.0,1.0,0.0,0.999999999,0.0,1.0,0.0,0.0,0.0080959647893905,0.9707731604576112,0.0211308822035789,-0.9626771956682204,0.0339053027772915,0.5301212536980158,0.4359734498775981,-0.4962159509207242,-0.0749735832214355,0.029247211292386,0.0112433787435293,0.0282005984336137,-0.1065935790538787,-0.0859045758843422,-0.1333550214767456,-0.1101230978965759,0.0169506575912237,0.1094269379973411,0.0465138629078865,-0.1004859954118728,-0.196009874343872,-0.0221030265092849,-0.1091398000717163,-0.0899424031376838,-0.1664002835750579,-0.1853413879871368,-0.1552484631538391,0.0354479402303695,-0.0909948945045471,-0.0405875071883201,0.055944912135601,0.0901786535978317,-0.0165226608514785,0.1358301192522049,0.0408679246902465,0.023129366338253,-0.0070660458877682,0.1445331126451492,0.0,0.0,0.0,1.0,-0.2313048732397983,-0.0575068431535192,-0.3144709588959808,-0.0046097131445999,-0.5798514662088532,-1.0101468581706283,2.615925755133012,2.7842231949290834,6.0,-0.2817180845920452,0.3333333332777777,-0.9626771956682209,-0.4962159509207243,-0.95806748252362,-1.8829030896330028,-0.0,-0.0003425039110374,0.0,0.4664612447474962,-0.4962159509207242,-0.4962159509207242,-0.4962159509207242,-0.4962159509207242,-2.677085524163594,58.970001220703125,2026-04-01
2026-03-26,61.52000045776367,645.0900268554688,27.440000534057617,85.11697387695312,77.7317886352539,27.809999465942383,60.66999816894531,61.86000061035156,60.59000015258789,54967600,0.0156843448526653,0.0316954445043442,0.0431595814140077,0.0767163178036858,0.1248311490734934,0.0106925772662718,0.0085322009510529,0.0107223700133119,0.9972213471252646,0.2878795333722268,-0.2132228982315135,0.0202829254324978,0.0400848779378211,0.0671738893327882,0.1692083960740431,0.2749218100321244,0.336506466562559,0.0084508333258919,0.0058816467339672,0.0054615439957864,0.0028765482087186,0.002092124231349,0.0,0.0202829254324978,0.0400848779378211,0.0206437003952167,0.0140102573672639,83.0552085319431,1.932849657539052,1.7081448309608178,0.2247048265782338,0.1301938326327065,1.0159529293702756,0.0679147576115016,0.798652695611812,0.0051191966845505,1.466844054079954,0.0074874695506638,-0.0178587441581387,-0.0196244759510982,-0.0615815949451695,-0.0518873225199957,27.440000534057617,0.0833004586145631,0.1404821755253869,0.1062731949392374,1.0848009594850054,1.1177216734289797,0.0493308196690462,-0.0084062518359429,-0.0157731923747568,-0.042911941686222,-0.01765539819172,-0.0157731923747568,-0.0054190883342734,-0.0092895805569722,0.0046965014210023,0.0083393597850822,0.0083393597850822,-1.6516362557946012,1.2210968701531857,0.0953665347418975,0.1028634041573475,0.7227700616647659,0.0864741706413958,0.1086893011067677,0.0874697262853718,0.0640408249951109,0.0598772288380953,0.8359038421884549,0.8722165632893166,0.062784057365106,117.26000213623048,-0.0008520660668117,0.4699762701622563,-0.0055258847495222,185.32000732421875,0.0629845410731186,0.2421711340362238,1.5823423141201716,413.25,0.0525444581003953,0.0448798988621996,1.1338763262691125,49.09000015258789,0.0328509993340742,-0.0696545482293783,0.5818980205706911,1.0,1.0,0.0,0.999999999,0.0,1.0,0.0,0.0,0.8654675483703613,0.0365331433713436,0.0979993119835853,0.8289344049990177,0.2929945715225139,0.5410769867338007,0.1659284781295353,-0.2480824152112867,-0.1012199819087982,-0.3516805768013,-0.1643487066030502,-0.2584908604621887,0.0965914726257324,-0.0454884506762027,-0.0290256068110466,0.0194387212395668,-0.0398197509348392,-0.0595529526472091,0.0065210238099098,0.0155293643474578,0.1784923672676086,-0.0389219224452972,0.0757657438516616,-0.0351781621575355,0.0249260440468788,0.0295391976833343,-0.0753717124462127,0.0720328167080879,-0.1323563456535339,-0.0735954493284225,-0.0223980322480201,-0.0799147486686706,-0.0135696716606616,-0.0754423290491104,0.1349592357873916,0.0060981903225183,-0.0879264697432518,0.0847179740667343,0.0,0.0,0.0,1.0,-0.2470665734367166,-0.1716723039285105,-0.0652469762911394,-0.0134017618373032,-0.047285100590755,0.7476719478145242,2.1404854528247674,1.846284368038037,6.0,-0.3560344970356209,0.4999999999166666,0.8289344049990177,-0.2480824152112867,0.8423361668363217,1.6401127281078356,-0.0,-0.0003425039110374,0.0,1.0770168202103043,-0.2480824152112867,-0.2480824152112867,-0.2480824152112867,-0.2480824152112867,-3.759655262303987,59.25,2026-04-02
2026-03-27,62.560001373291016,634.0900268554688,31.049999237060547,84.65238952636719,77.53480529785156,27.84000015258789,61.52999877929688,62.790000915527344,61.2599983215332,59553200,0.0169050862774513,0.0282708944179705,0.0616885555074191,0.0913128530896276,0.1260506861641446,0.0097025742881116,0.0088747671786075,0.0107783036146784,0.9001948483528799,0.0834236895916866,-0.147880809024738,0.0251704380268102,0.0483895987012181,0.0786627868761362,0.182273613504337,0.2922861831458834,0.3559551728876766,0.0119721235151801,0.0059358271529875,0.0056144226160508,0.0029720780018295,0.0020875819091063,0.0,0.0251704380268102,0.0483895987012181,0.0244565626663708,0.0167398442130427,87.38495962306222,2.0707970084287908,1.7806752664544123,0.2901217419743782,0.1451884912752386,1.0417976740801906,0.0717183121440546,0.8509624986189385,0.0074814548047944,1.742329822285931,0.0093550802737404,-0.0170518835233279,-0.0223260099992744,-0.0731326317739096,-0.066887596649214,31.049999237060547,0.1315597169366786,0.159447290550085,0.2242000943202637,2.2580594271198766,1.6658163436957707,0.152133519779311,-0.0054581868859382,-0.0022137241545209,-0.0539003267823382,-0.0227208184810185,-0.0022137241545209,-0.0060605740522693,-0.0025341413192826,-0.0017927299445945,0.0057803412445118,0.0057803412445118,-1.8242419751551533,1.399295039427893,0.098661071336406,0.1295644755038125,0.7390222735981372,0.1011304200714511,0.1367425056823665,0.1027816350323218,0.0859331089565258,0.0640440555346304,0.7962908158383396,0.7532047100180276,0.0840145655066936,124.1999969482422,0.0228114686329976,0.5155582864351316,0.17016623562205,188.17999267578125,0.0667135127271041,0.2290937054384212,1.619237357932742,416.2000122070313,0.0755355993852795,0.0484419752807387,1.8720316760605136,48.90999984741211,0.0457111202765778,-0.0801814490180945,0.901831359128446,0.0,0.0,0.0,0.0,0.0,0.0,0.0,0.0,0.0,0.0,1.0,0.0,0.0,0.0,1.0,0.0,-0.0803383528811142,-0.2791290587855835,-0.1304436548756474,-0.2051643319109217,0.0766647026286226,-0.0361042072279039,-0.0230376393929353,0.0154285232723024,-0.0316049572615377,-0.0472672098399961,0.0051757400278802,0.012325664650776,0.1416694857844481,-0.0308923503171447,0.0601353107466404,-0.0279209258075899,0.0197838142707105,0.0234452767384107,-0.0598225678128813,0.0571724845093256,-0.1050513011625432,-0.0584127468420051,-0.0177773299762624,-0.063428378052211,-0.0107702555344987,-0.0598786162477444,0.1071172164308649,0.0048401368665339,-0.0697872852831439,0.0672407005770743,0.0,0.0,1.0,1.0,-0.2480994553773368,-0.1883994069861363,-0.0445809302230671,-0.0228956943377848,-0.0030986458218605,0.0619981382042169,0.0,0.0,4.0,-1.5428161538210237,0.7499999998125,0.0,0.0,0.0228956943377855,0.0559202725214334,0.0,-0.0003425039110374,0.0,0.0,-0.1969031434406041,-0.2159682863060485,-0.2246941141446065,-0.2368794112423149,-4.712915717959758,59.68000030517578,2026-04-06
2026-03-30,61.959999084472656,631.969970703125,30.61000061035156,85.77925109863281,77.62344360351562,27.979999542236328,63.130001068115234,63.459999084472656,61.77999877929688,49750100,-0.0095908292143119,0.0229486444882254,0.039074257498266,0.0771127267730762,0.0933524739977404,0.0137232683960678,0.0105508387658578,0.0107853717316274,1.2723963035440826,-0.1646108017705178,-0.2415470975056707,0.0076435018819069,0.0306730080500148,0.0634673108214456,0.1645011617504412,0.2759494903924904,0.3400231996402889,0.007666035945034,0.0044624320139976,0.0055467381723015,0.0028506302101053,0.0019676120561124,-0.009590829214312,0.0076435018819069,0.0306730080500148,0.0271142725952169,-0.0185332165982412,88.54076704930756,2.107413160491617,1.8460228452618537,0.2613903152297638,0.1549154786429603,0.9096899249668988,0.0528038336716665,0.6447527830921175,-0.0172403773770537,-0.6988734927159584,0.0109101539629344,-0.0033434623831846,-0.035719787001853,-0.0767565146104929,-0.0689091666700699,30.61000061035156,-0.0141706485513793,0.1705545337240031,0.1854233005052501,1.8416567635933656,0.9473665847804472,0.2084485077990077,0.013311633358142,0.0045145383681262,-0.0315812013406129,-0.0097568157969536,0.0045145383681262,-0.0080554679179368,-0.0079306961644542,0.0090155068203019,0.0152394805672244,0.0152394805672244,-1.4759946802100707,1.9962143244890331,0.0980426317021621,0.1127672365956484,0.7223191889752952,0.0696658098658995,0.1371712873266637,0.0824497874372116,0.0775646368056945,0.0344043991501443,1.055839590084539,1.3664394385987106,0.0747940445001191,129.8300018310547,0.1742945432162148,0.4890468883551588,1.5267607633042308,185.47999572753903,0.0606736484623411,0.1671185761088791,1.4865683840432955,401.8999938964844,0.0076469543595223,0.0163619384987014,0.2370772757096629,49.09000015258789,0.032386980867227,-0.074022377623384,0.7977315243602964,1.0,0.0,1.0,0.0,0.999999999,1.0,0.0,0.0,0.9053024649620056,0.0195136331021785,0.0751839205622673,0.885788831859827,0.6378883210927571,0.2338089076940982,0.1283027770086578,0.4040794133986588,-0.1937642097473144,-0.250760555267334,-0.1609584391117096,-0.0079214535653591,-0.0884309858083725,0.0421862304210662,0.0091878846287727,-0.0603597648441791,-0.0417867600917816,0.0584160313010215,0.0478636771440506,0.0191537290811538,-0.0453051142394542,-0.0284255146980285,-0.0858346670866012,0.065162107348442,0.043503813445568,-0.0197587385773658,0.0482676364481449,0.0337877571582794,-0.0077238604426383,-0.0299425199627876,0.0387699194252491,0.0355740338563919,-0.0862352848052978,-0.0610075257718563,0.0254153404384851,0.0198281444609165,0.0130279464647173,-0.0136328916996717,0.0,0.0,0.0,0.0,0.0519989993957908,-0.0674240613822982,0.571574412286282,0.1380095805972819,0.900295364319383,1.848466027528048,1.135899885067181,0.8772045015956378,4.0,-0.3015113442141273,0.499999999875,0.8857888318598272,0.4040794133986588,0.7477792512625461,1.3024970669509908,0.0,-0.0003425039110374,0.0,0.4817094184611682,0.4040794133986588,0.4040794133986588,0.4040794133986588,0.4040794133986588,-2.9481323667348205,60.15999984741211,2026-04-07
2026-03-31,61.2599983215332,650.3400268554688,25.25,85.6902847290039,78.36215209960938,27.780000686645508,62.040000915527344,62.83000183105469,60.040000915527344,94766900,-0.0112976238425231,-0.0042263025730789,0.0069033229436545,0.0538413244732201,0.0909457690149746,0.0137889915674526,0.012012074666902,0.0109405054999899,1.2603613523254429,0.9048584826965173,0.5139935958707857,-0.0050995788146479,0.0137509870599283,0.0468645920329608,0.1456369315837971,0.2578256534071992,0.3221231369386583,0.0013759208212902,0.0043522499010748,0.0050105988313752,0.0027429003470819,0.0018934495398286,-0.020780099476034,-0.0050995788146479,0.0137509870599283,0.0455436009136592,-0.0125725754752353,78.88769656040618,2.0562444078221134,1.8880671577739057,0.1681772500482077,0.1567964536077639,0.7988880867815775,0.0485127074195224,0.3948815869922809,-0.0098888563181635,-0.8193219183531907,-0.0043620597548086,0.0290679256989148,-0.0043479069355423,-0.0414709420124864,-0.041115094963389,25.25,-0.1751061909008567,-0.0630798038891793,-0.0253223243206828,-0.2572647597998005,-0.9633009201053973,-0.0798105135362319,-0.0010371548887342,0.007906046719988,-0.0306385147040204,-0.0108363295375805,0.007906046719988,-0.0031324735942909,0.004926064032962,0.0036127305045956,0.0047016661811492,0.0047016661811492,0.1204652480049927,0.7218377277787066,0.0941968751604268,0.0622264357872579,0.7149001606806227,0.0524701881548712,0.0840188796792269,0.0630802189826633,0.0113003628050107,-0.0009948583795053,0.8159392085896925,0.713424651353003,0.0112512298791969,127.25,0.1109655926565447,0.4107539279964447,1.0953466893760275,181.8300018310547,0.0088215506515334,0.1482532044178666,0.2156446290518525,404.2099914550781,-0.0061224998210366,0.0510973424725238,-0.2222336642081842,49.970001220703125,0.0313725579737524,-0.0336498696172675,0.94571954877954,1.0,0.0,0.0,0.0,0.0,1.0,0.0,0.0,0.9440742135047911,0.018381230533123,0.0375446267426013,0.9256929829716682,0.4004041238506418,0.4527179964167209,0.146877853691795,-0.0523138725660791,-0.2020526230335235,-0.1911206841468811,-0.0466478951275348,0.2865716516971588,0.1997705996036529,-0.4637377858161926,0.0377500467002391,0.1201920807361602,-0.1079746708273887,0.0966858193278312,0.0420647338032722,0.0026249438524246,-0.0046354085206985,-0.0289519876241683,0.1359744668006897,-0.1134004220366478,-0.0103699564933776,0.0734181851148605,-0.0039417669177055,-0.0208130031824111,0.0131460316479206,-0.0126081928610801,-0.0059146583080291,0.0114929527044296,-0.0150406062602996,0.0105273984372615,-0.028071878477931,0.0335625298321247,0.0183774773031473,0.0462186634540557,0.0,0.0,0.0,1.0,0.1172551802775267,-0.0785065650598861,0.6038272716104989,0.3355478048324589,0.1957685426452076,0.0967585779726505,1.915135931038649,1.2877951838332609,4.0,-0.3015113442141273,0.499999999875,0.925692982971668,-0.0523138725660791,0.59014517813921,1.0264684141210167,-0.0,-0.0003425039110374,0.0,0.9780068555377474,-0.0523138725660791,-0.0523138725660791,-0.0523138725660791,-0.0523138725660791,-5.382237900446066,58.04999923706055,2026-04-08
2026-04-01,58.970001220703125,655.239990234375,24.540000915527344,85.6059341430664,78.55416107177734,27.729999542236328,59.720001220703125,60.619998931884766,58.36000061035156,96652900,-0.0373816056737489,-0.0573849116653085,-0.0264156922929259,0.0158359578084548,0.0563320100681585,0.0224548794305798,0.0180978888659408,0.014265299976995,1.574090828282678,0.0199014634856684,0.5128016904053843,-0.0372873423357796,-0.0256269367575353,0.0050305842072591,0.0985706447189813,0.2076760801796451,0.2704667097415185,-0.0053541710483271,0.0027401269671644,0.0039289488666879,0.0024739785301086,0.0016165176087347,-0.0573849116653086,-0.0372873423357796,-0.0256269367575353,0.0383245425597814,-0.0125586065751786,59.34257340130999,1.81004411312513,1.8724625488441504,-0.0624184357190205,0.150364861830365,0.533455849631507,0.0893676676705535,0.0827647368706498,-0.0182533017853127,-1.6647430294414427,-0.0390917845264604,0.00753446378289,-0.002405555665517,-0.0410148753010045,-0.0331632216545028,24.540000915527344,-0.0281187756226795,-0.0311882751898218,-0.0588866665930074,-0.6620334853253707,-1.0836177794226989,-0.2096617868435571,-0.0009843658030108,-0.0027099738681726,-0.028551166911797,-0.0117661795096726,-0.0027099738681726,0.0044702519279924,0.0042173956721001,-0.0043088272025031,0.0010829883924412,0.0010829883924412,0.6689084731418903,0.3417531326095657,0.0899975613509333,0.0101484245574969,0.6888541292260328,0.0100100660368955,0.0226396431156354,0.0200038530988535,-0.0240680336220461,-0.0237701348690915,1.2510377540579298,1.1511360723095336,-0.0240101366274089,124.08999633789062,0.0943645560087991,0.355286147298981,1.1130521092990324,174.85000610351562,-0.0372755709485822,0.0919495595931674,-0.8513318770696066,396.1600036621094,-0.0316540347415983,0.0337395097072461,-1.2584116485489982,50.459999084472656,0.0212507435803106,-0.0237980743684842,0.7577610228020378,1.0,1.0,0.0,0.999999999,0.0,1.0,0.0,0.0,0.0076318737119436,0.9748328328132628,0.0175352450460195,-0.9672009591013192,0.191053413417099,0.3541158660713874,0.4548307143425579,-0.1630624526542883,-0.1530642807483673,0.0812466740608215,-0.0670041739940643,-0.0881471037864685,-0.0513309985399246,0.0195914804935455,0.0184720270335674,-0.1082863807678222,-0.134907528758049,-0.0397258140146732,0.0098117068409919,-0.1177074760198593,-0.1516944468021392,-0.0037425011396408,-0.0549588426947593,0.0212620608508586,0.0941249132156372,0.0683802366256713,-0.0271132960915565,-0.2559277713298797,-0.0329766124486923,0.0768172889947891,0.1259646117687225,-0.1047704368829727,-0.0355111956596374,0.038225270807743,0.1134316250681877,0.0391010232269763,-0.0138363866135478,0.1915107667446136,0.0,0.0,0.0,1.0,0.0629010293927639,-0.0118758654065989,0.2814269519100591,0.3346430521458391,-0.1630624526542883,-0.9672009591013192,1.3976074898178157,1.1194014091422588,4.0,-0.3841106393068846,0.499999999875,-0.9672009591013192,-0.1630624526542884,-1.3018440112471577,-2.124720356363014,-0.0,-0.0003425039110374,0.0,0.8041385064470309,-0.1630624526542883,-0.1630624526542883,-0.1630624526542883,-0.1630624526542883,-2.8204781853673566,57.33000183105469,2026-04-09
2026-04-02,59.25,655.8300170898438,23.8700008392334,86.13191223144531,78.74220275878906,27.86000061035156,60.52999877929688,61.0099983215332,58.97999954223633,60400500,0.0047481562404745,-0.04373788128657,-0.0368985767372048,0.0046684775500525,0.055898105362941,0.0203541975773709,0.0174578345293974,0.0142620643772406,1.4271563787564814,-0.3750782439016314,-0.0359232917328632,-0.0254934210526315,-0.0214456251272134,0.0071107272098345,0.0990414586119108,0.2101011968673718,0.2742073763384074,-0.0075193105246079,0.0027195844747461,0.0044582294407407,0.0026275655443675,0.0016549801295067,-0.0529092279512667,-0.0254934210526315,-0.0214456251272134,0.034261582772943,-0.0211465191658763,59.71713903254077,1.6188609459631351,1.821742228267948,-0.2028812823048125,0.1444080660562582,0.549240512694522,0.1061139379437182,0.2597542646456774,0.0193274500026645,0.2332765017706651,-0.0328085609757129,0.0009004744280911,0.0166488238652948,-0.0347696466667223,-0.0314805083629951,23.8700008392334,-0.0273023655785608,-0.1301020271626181,-0.0847918786958604,-0.956041927995074,-0.918921513252711,-0.2201894686940601,0.0061441778965916,0.011924041801103,-0.0186194427971446,-0.0057845839826675,0.011924041801103,0.0035883914762697,0.0129987247337943,0.0101523091885449,0.0017979556047964,0.0017979556047964,1.1599641092167137,1.0800017773043538,0.0903435317933659,0.0096360671689412,0.687898346443176,0.0050317620208468,0.007997264056534,0.0087409977540904,-0.0526704987459806,-0.0482473155311239,1.207605963330834,1.20255209476636,-0.0535474006024997,137.9199981689453,0.1761896269515026,0.432042380491564,2.520763264829901,177.72000122070312,-0.0410101759289236,0.0892092232659242,-0.8848403073190765,399.0499877929688,-0.034361796024274,0.0539312327254051,-1.3370577415795704,50.40999984741211,0.0268893805402572,-0.0038524670797845,0.9089408657469128,1.0,0.0,1.0,0.0,0.999999999,1.0,0.0,0.0,0.0677029117941856,0.0110184717923402,0.9212785363197328,0.0566844400018453,0.3064684619783026,0.0176323741922083,0.6758992018735712,0.2888360877860942,-0.0703223943710327,0.4669897556304931,0.053363874554634,-0.0984147861599922,-0.0201109200716018,-0.0204871073365211,-0.0198248587548732,-0.0908478796482086,-0.1132238581776619,-0.0287044867873191,0.1275260597467422,0.008148118853569,0.1381000280380249,-0.017256423830986,0.1463611423969268,0.0043234378099441,-0.0629748776555061,-0.0088985413312911,-0.0502450242638587,0.0332957059144973,0.0538845770061016,-0.113638699054718,0.0208176374435424,0.0343982428312301,-0.0361749678850173,-0.1207371354103088,0.0432221069931983,-0.0944625660777092,0.0569671206176281,-0.0794809907674789,0.0,0.0,0.0,1.0,0.0244865875219091,0.0955078351928772,0.0050588212907318,0.1801930591464046,-0.1152433256125646,-0.8291043918579818,0.0698702460745269,0.0833071352125741,4.0,-0.3841106393068846,0.2499999999375,0.0566844400018453,0.2888360877860942,-0.1235086191445586,-0.1270955472649863,0.0,-0.0003425039110374,0.0,0.2321516477842489,0.2888360877860942,0.2888360877860942,0.2888360877860942,0.2888360877860942,-3.9767722283561846,56.93999862670898,2026-04-10
2026-04-06,59.68000030517578,658.9299926757812,24.170000076293945,85.99297332763672,78.88076782226562,27.82999992370605,59.11000061035156,59.68999862670898,58.88999938964844,25474200,0.0072573891168907,-0.0257916758022835,-0.0460358216894926,0.0128128504763047,0.0618690832277499,0.0177773619893297,0.0175707887192982,0.0142926180441297,1.2438141627115775,-0.5782452132018775,-0.579035525642499,-0.009032935094494,-0.0155713885599315,0.0114307173966226,0.1019610021925541,0.2152216190996574,0.2811502249804571,-0.0094258314359195,0.0030015320712031,0.0047660368080875,0.0029325725671834,0.0016446766875183,-0.0460358216894925,-0.009032935094494,-0.0155713885599315,0.0134048128848814,0.0096430331405613,60.63653350437852,1.4849270251412534,1.754379187642609,-0.2694521625013555,0.1381566627321543,0.5827373589559226,0.0872598072454945,0.3964822937428562,0.0158546143843186,0.4082376627651002,-0.0537642238857182,0.004726797348638,0.0391741941495231,-0.0173271729167405,-0.0262129109309117,24.170000076293945,0.0125680446800595,-0.2215780782549842,-0.0637407823428229,-0.7466312070338057,-0.5422702813450223,-0.0427722742061803,-0.0016130943828954,0.0158363373883494,-0.0165473641337139,-0.0073563669429612,0.0158363373883494,0.0147813295845171,0.0173594622343284,0.005419061303342,-0.0003592036216604,-0.0003592036216604,1.383487495916327,0.8005492207677549,0.0905710788225428,0.0083729064418975,0.6940101963656096,0.0101792448288902,-0.0031110358415725,-0.0007643202310244,-0.0819978174195839,-0.0609076056847024,1.289717042730312,1.412484665345066,-0.0852100158390157,138.94000244140625,0.11867959625882,0.2773743378639981,1.48746261924952,179.05999755859375,-0.0484642123081623,0.0953490158602798,-1.0028158762078938,399.5899963378906,-0.0399087346995998,0.0703399424373372,-1.5106767372836123,50.220001220703125,0.02678391693678,0.0116994787602906,0.833402804203614,1.0,0.0,0.0,0.0,0.0,1.0,0.0,0.0,0.0584871396422386,0.0192753635346889,0.922237515449524,0.0392117761075496,0.0549654440126485,0.0527067674414353,0.8923277959269302,0.0022586765712132,-0.1959474980831146,-0.2782608866691589,-0.0818018466234207,-0.0658104047179222,-0.0548415854573249,0.0083653023466467,-0.0159453116357326,-0.0482718981802463,-0.1249203756451606,-0.0491109825670719,0.0755511671304702,0.0204918831586837,0.1052867248654365,-0.0269557386636734,0.0079070031642913,-0.0231690742075443,0.0238913372159004,0.0880678445100784,0.0069698728621006,-0.0108842253684997,-0.0611620917916297,0.0557203032076358,-0.0407865419983863,0.0508253723382949,-0.0039757005870342,-0.1117621064186096,0.0135328937321901,0.0050851851701736,-0.0142455818131566,0.0012768353335559,0.0,0.0,0.0,1.0,0.0426774372343398,0.0959595705071198,-0.290434914330641,0.1880354143679146,0.0545725491372923,-0.8864812068641187,0.2151944231816717,0.2372080348188586,5.0,-0.3841106393068846,0.19999999996,0.0392117761075497,0.0022586765712132,-0.1488236382603643,-0.1886966365589096,0.0,-0.0003425039110374,0.0,0.0369530995363363,0.0022586765712132,0.0022586765712132,0.0022586765712132,0.0022586765712132,-4.401771764497153,57.11000061035156,2026-04-13
2026-04-07,60.15999984741211,659.219970703125,25.780000686645508,85.98304748535156,78.90056610107422,27.75,59.810001373291016,60.77000045776367,59.790000915527344,38811700,0.0080428877309288,0.020179728710794,-0.0290509887614189,0.0088881229214041,0.0751609971916633,0.019371234949952,0.0173515641223785,0.0142188446861085,1.3623633997854911,0.5235689442651781,-0.3310301047397914,0.0049445394352041,-0.0085205299862257,0.0159449925226764,0.1060883958380607,0.2213452961476765,0.2890344955418087,-0.0058962647334696,0.0036235207597723,0.0043832190889073,0.0028866615413359,0.0017175469391006,-0.0383631949040133,0.0049445394352041,-0.0085205299862257,0.0162898860492348,0.0058518385902828,60.14080824282046,1.4013613580644275,1.6837756217269728,-0.2824142636625453,0.1297072568564204,0.6229306124354071,0.0601967205792216,0.5821396811591556,0.0013163114939975,0.4151974479949883,-0.0362559891745406,0.0004400741058487,0.0431191374009145,-0.0254319644196124,-0.0251021341689438,25.780000686645508,0.0666115269039928,-0.1577915657431469,-0.0019163981696617,-0.0224724572331927,1.34859744714143,0.0505297361392342,-0.0001154262017123,0.0023758238048081,-0.0251466133226395,-0.0075195287858087,0.0023758238048081,0.0083916153467074,0.0164527936184055,0.0068940688584704,-0.0082201410292783,-0.0082201410292783,1.4538190686573336,0.1598840273102272,0.0912593709551083,0.011229571669411,0.6996728030331936,0.0136062125389939,0.0030113350801541,0.0019734162814848,-0.0691868489175224,-0.0313523249662363,1.3079785318961965,1.6358273158091208,-0.0721701261623335,138.0800018310547,0.0635446343961048,0.3234927576695781,0.7756197544478105,180.33999633789065,-0.0277118800304418,0.1189270429539739,-0.5809568945419007,407.7799987792969,0.0146305174722818,0.075596127957457,0.5054142806512625,50.08000183105469,0.0201670742593103,0.0062555191755926,0.578177683596879,2.0,0.0,2.0,0.0,0.9999999995,0.5,0.0,0.5,0.5716621726751326,0.0891736773774027,0.3391641099005937,0.4824884952977299,0.4717422140967844,0.1749407445848753,0.3533170482012854,0.2968014695119089,0.19538514316082,-0.2066059596836567,-0.121857738122344,-0.115068431943655,0.0751401036977768,-0.0229539386928081,-0.0407588351517915,0.0629522297531366,0.0837357137352228,0.0242753103375434,0.0045971721410751,0.1233291067183017,0.1234676949679851,0.0138432309031486,0.117743007838726,-0.0114323962479829,-0.0898172613233327,-0.07305708527565,0.0289167892187833,0.0558617711067199,-0.0469766082242131,0.0412268433719873,-0.0069385282695293,0.0111264809966087,0.0421590413898229,-0.0740000028163194,-0.0271140672266483,-0.0573192257434129,-0.0610869657248258,0.006140436977148,0.0,0.0,0.0,1.0,0.1959654112897389,0.0745039817297698,0.1927949038023753,0.1073753470554952,0.4598639221661972,1.4496894543990493,0.7335635236450679,0.8313775196291945,6.0,1.074172309520688,0.1666666666388888,0.4824884952977298,0.296801469511909,0.3751131482422353,0.6394086877753136,0.0,-0.0003425039110374,0.0,0.185687025785821,0.2968014695119089,0.2968014695119089,0.2968014695119089,0.2968014695119089,-7.254922871118855,55.95000076293945,2026-04-14
2026-04-08,58.04999923706055,676.010009765625,21.040000915527344,86.26092529296875,79.36573791503906,27.530000686645508,56.68000030517578,58.18999862670898,56.18000030517578,88023600,-0.0350731485323021,-0.0202531774335772,-0.0523995947179829,-0.0458580030987831,0.0508863793847131,0.023548505364605,0.0192490044876062,0.0163019540311596,1.444520324071215,1.2679655876964937,0.5182399968125508,-0.0197899578297592,-0.0388754713557182,-0.0220086123178705,0.0634871075034206,0.1754249786819199,0.2418358209553444,-0.0107644758008921,0.0024816989450104,0.0037452602275785,0.0025901013226021,0.0014882010945988,-0.0720908254032734,-0.0197899578297592,-0.0388754713557182,0.0346252945383325,0.0241707643702969,49.99703725485661,1.1516006145652042,1.5773406202946192,-0.4257400057294149,0.1148690505927525,0.3084025923057539,0.0536896890698327,0.1314011466145959,-0.0283220893877764,-1.4894001338878715,-0.0728976692745569,0.0254695546383276,0.0394716330690516,0.0009985811633916,0.0001266756617206,21.040000915527344,-0.1838634462711076,-0.166732637008818,-0.1792470977414154,-1.8795504373567324,-1.626485890228195,-0.1185588531297656,0.0032317743525493,0.0066593379374277,-0.0114713781225199,-0.0043049855158522,0.0066593379374277,0.017796174365525,0.0128070221215208,-0.0043399252636642,-0.0089992798351578,-0.0089992798351578,2.226448031165079,-1.6453459430899326,0.0858715084073779,-0.0506166480694549,0.672958225754069,-0.0279065619920803,-0.0780810142683141,-0.0596047328006384,-0.0883826213860052,-0.0586682410123151,1.260152972946965,2.288584801643833,-0.0918712277870346,124.58000183105467,-0.020982303881692,0.1768373428374283,-0.2102876529759198,171.69000244140625,-0.0557663712673219,0.084151072509135,-1.166759021005692,410.3999938964844,0.0153138283868823,0.0736147737455268,0.4944542090447489,51.75,0.0356213475247906,0.0421038003891733,0.8568200301813299,2.0,1.0,1.0,0.49999999975,0.49999999975,0.5,0.5,0.0,0.3289729608222842,0.0313150049187242,0.6397120505571365,0.29765795590356,0.2995901822743539,0.3325747288839696,0.3678350802763552,-0.0329845466096157,0.0650244802236557,-0.118425877764821,0.3390355017036199,-0.1421342454850673,0.0748236291110515,0.0275189969688653,0.016590604558587,-0.0282430630177259,0.0196041204035282,0.0647798888385295,0.0363377444446086,0.0124342888593673,-0.0193067528307437,0.0131704285740852,-0.0007129125297069,-0.0203668307512998,0.0835606455802917,-0.052629655227065,0.0033062230795621,0.0208367593586444,-0.0433292053639888,-0.00695744715631,-0.0151733662933111,-0.060059618204832,-0.0385820791125297,0.0004923567175865,-0.0021056458353996,0.0244688540697097,0.0156608913093805,0.0661782445386052,0.0,0.0,0.0,2.0,0.0886918664911689,0.0783698469210625,0.2731194091029469,-0.0182316583581264,-0.3218206343957099,0.2409735159017146,1.2364771852536192,1.7842556916653354,7.0,0.9801960574470578,0.2857142856734694,0.29765795590356,-0.0329845466096157,0.3158896142616871,0.4622884966362223,-0.0164922733048078,-0.0160101635506049,0.5,0.3306425025131757,-0.0329845466096157,-0.0329845466096157,-0.0329845466096157,-0.0329845466096157,-4.024795865046232,55.7599983215332,2026-04-15
2026-04-09,57.33000183105469,679.9099731445312,19.489999771118164,86.04258728027344,79.4548110961914,27.479999542236328,58.20000076293945,59.02000045776367,57.11000061035156,55088500,-0.0124030562526897,-0.0393766498341872,-0.0278107403035404,-0.0534917926381696,0.0127163703785813,0.0185297581464067,0.019409618005498,0.0157485437422957,1.1766012955242482,-0.3741621565125717,-0.0549988004899593,-0.0265561586341988,-0.0456769705550698,-0.0347240390935865,0.0466881632082685,0.1579518852461172,0.2244276195698498,-0.0056409563707347,0.0006318098153744,0.0036555173463044,0.002490921772067,0.0015538662258664,-0.0835997350931835,-0.0265561586341988,-0.0456769705550698,0.0333158867331048,-0.014948435059794,43.05144939962377,0.8853597761358287,1.438944451462861,-0.5535846753270326,0.111141951437175,0.1875703670434924,0.0796830283295404,0.166727542979767,0.0007224936920392,-0.6693587409685751,-0.0585845891415485,0.0057690911710883,0.037650301077216,0.0080386860294687,0.0062278925315508,19.489999771118164,-0.0736692527073652,-0.2057865100246945,-0.232616760630258,-2.115251429302924,-1.3274976713003044,-0.1936284770543277,-0.0025311346006754,0.0051007344476527,-0.0010740573432891,-0.0068252090414451,0.0051007344476527,0.0157310877488658,0.0114653382090239,-0.0079422821170991,-0.0090155068203019,-0.0090155068203019,2.0668646671907607,-1.924049268215548,0.0843199895508339,-0.0679706851898118,0.6662979768879923,-0.0381576508529634,-0.0856355219845018,-0.0557362487683843,-0.0630858404925043,-0.0327444539867731,1.2704164563547848,1.793476775232129,-0.0654610413807564,126.95999908447266,0.0231283973831957,0.1750115270580476,0.2010604303784432,167.75999450683594,-0.0405491069441669,0.0227349598880735,-0.724164895758226,411.0400085449219,0.0375605935613425,0.0675809575443264,1.171590067688897,51.66999816894531,0.0239793719069842,0.0413279014555625,0.512074807932011,0.0,0.0,0.0,0.0,0.0,0.0,0.0,0.0,0.0,0.0,1.0,0.0,0.0,0.0,1.0,0.0,0.0516099641553582,-0.0939946814720671,0.2690926560294463,-0.1128120254018511,0.0593875537814808,0.0218418423687433,0.0131679715645447,-0.0224165339725711,0.0155598006757359,0.0514158318443324,0.0288412868787617,0.0098691016079181,-0.0153237798768063,0.0104533760866874,-0.000565839049809,-0.0161651642799358,0.0663221283486485,-0.0417721850360833,0.0026241509972692,0.0165381468627602,-0.034390413087871,-0.0055221294674698,-0.0120431088079504,-0.0476693505595794,-0.030622616485175,0.0003907837857202,-0.0016712522070929,0.0194209423453568,0.0124300576696351,0.0525257074989953,0.0,0.0,1.0,2.0,0.0879389743007645,0.1109823374519201,0.260048817067097,0.1752085334621373,-0.0022586765712132,-0.0392117761075496,0.0,0.0,6.0,-1.8203641066873928,0.1666666666388888,0.0,0.0,-0.1752085334621367,-0.4027048669428389,0.0,0.0004821097542029,0.5,0.0,-0.026179851993399,-0.0287147156310682,-0.0298748844193448,-0.0314950173889833,-1.3168480623502616,56.58000183105469,2026-04-16
2026-04-10,56.93999862670898,679.4600219726562,19.229999542236328,85.83418273925781,79.13809204101562,27.440000534057617,57.16999816894531,57.47999954223633,56.400001525878906,42561700,-0.0068027767641626,-0.0535239565969121,-0.0389873649500593,-0.074447363409873,-0.0034423731971855,0.0176332723840957,0.0179550688221855,0.0156999887683613,1.123139100359816,-0.2273941022173411,-0.2527107248319873,-0.0255339769912491,-0.0448873013740799,-0.0411318248798275,0.036337045330782,0.1471908052141399,0.2140922984220603,-0.0079535444567123,-0.0001724155898149,0.0033060488726892,0.0025350493542557,0.0015852565148189,-0.0898338015219641,-0.0255339769912491,-0.0448873013740799,0.0189672996558665,-0.0040230811545007,41.84803059779051,0.6355655898272801,1.2782686791357452,-0.6427030893084651,0.1121485578666863,0.1332380401295751,0.0975935993497267,0.2383642250989421,0.0110385421014747,-0.3857920543725241,-0.083434000283643,-0.0006617805145495,0.0360306851883167,0.0229043357050739,0.005870148685503,19.229999542236328,-0.0133401863486486,-0.1943863064039208,-0.2306461557592842,-1.8759416145063663,-0.9319220179837272,-0.2540729623720372,-0.0024221091857311,-0.0034566687825003,-0.0015456331868816,-0.0091629831109019,-0.0034566687825003,0.0180917412355017,0.0050276632905392,-0.0133045285505267,-0.0150753792926296,-0.0150753792926296,1.3185187814445738,-1.917393640240392,0.0838018379085744,-0.0725624487548306,0.6633720600530219,-0.042294115748379,-0.12126577593096,-0.0821810486656459,-0.0724091006288488,-0.0356539400290304,1.3341400548736797,1.663531068646162,-0.0750180501383761,124.81999969482422,-0.0949825888053901,0.0543120224539674,-0.6793669543951177,168.4600067138672,-0.0521044026740487,0.0145584731458743,-0.8231009139386638,409.7799987792969,0.026888889398726,0.1001691342559587,0.80245814735305,51.959999084472656,0.0307478524449968,0.0505449243053994,0.5962849701360284,2.0,2.0,0.0,0.9999999995,0.0,1.0,0.0,0.0,0.8093361258506775,0.0674285218119621,0.1232353746891021,0.7419076040387154,0.2060218332710278,0.4914667068196619,0.302511460339032,-0.2854448735486341,-0.1462402045726776,-0.0194251388311386,-0.0231520943343639,0.0447471141815185,0.058397427201271,-0.0121083613485097,-0.1900761276483535,-0.1408602893352508,0.0027289623394608,-0.1547556817531585,-0.1081907078623771,-0.1114495545625686,-0.0209520384669303,0.0349737554788589,-0.0549147576093673,-0.0310140717774629,-0.0536874011158943,0.0349635519087314,0.0720157176256179,-0.0484504252672195,-0.0183463953435421,0.1068199872970581,-0.2367408573627472,0.0391755402088165,0.3482506871223449,0.1403627097606659,0.0322938933968544,-0.1795815825462341,-0.0259266607463359,-0.0710344091057777,0.0,0.0,0.0,0.0,-0.1061431400527497,-0.0038738548150254,0.3465218533140922,0.3122531662695114,-0.5822463430605431,0.2594191087409854,2.329265726983228,2.336559234286561,7.0,0.9801960574470578,0.4285714285102041,0.7419076040387154,-0.2854448735486341,0.4296544377692046,0.772171665894678,-0.0,0.0004821097542029,0.5,1.0273524775873497,-0.2854448735486341,-0.2854448735486341,-0.2854448735486341,-0.2854448735486341,-3.4301293915299937,55.02000045776367,2026-04-17
2026-04-13,57.11000061035156,686.0999755859375,19.1200008392334,86.09220886230469,79.43501281738281,27.3799991607666,57.619998931884766,57.720001220703125,56.650001525878906,43100900,0.0029856337854359,-0.0161929136789525,-0.0430629973472257,-0.0871163785694263,-0.0037583705578091,0.0168056606358007,0.0163121214867124,0.0156965684665796,1.0706581888216076,0.0126686669000533,-0.243061690062187,-0.0139507479495194,-0.0331973269647544,-0.0380944974640474,0.0364876696130942,0.1477715618259458,0.2156665780945745,-0.0088035435289943,-0.0001882725489282,0.0029840246646067,0.0024917699131739,0.001621998587935,-0.0871163785694263,-0.0139507479495194,-0.0331973269647544,0.0187357675256314,-0.0088510644044977,39.17525874553519,0.4461763930974527,1.1118502219280868,-0.6656738288306341,0.1131554321138521,0.1633436260866518,0.0913559579825369,0.3472924124753173,0.0083832716784201,0.1776564261579383,-0.079878605363287,0.0097723977843517,0.0412334894634625,0.0387801732972592,0.0157595537294668,19.1200008392334,-0.0057201614987734,-0.2089366661613547,-0.2224955525383349,-1.6621762895054666,-0.6429099861600555,-0.091254752507021,0.0030060998405576,0.0011539958537063,0.0064318544066832,-0.0060700372352541,0.0011539958537063,0.0245078002354113,0.0070263640988639,-0.0165230240409509,-0.0161696286084476,-0.0161696286084476,1.6144821574888268,-1.9855937731666216,0.0832385988085467,-0.0769805071030464,0.663358524134198,-0.041844359744425,-0.1563177078756126,-0.1023835845915022,-0.0809582938540762,-0.0441660257902954,1.489542907506325,1.592688762796994,-0.0842964868106882,128.47000122070312,-0.0753562763547419,0.0715656174387762,-0.49586177752504,168.69000244140625,-0.0579135220517029,0.0088032488973468,-0.828368667873994,413.0799865722656,0.0337595794639662,0.1130331181460231,0.9284156307176092,52.18999862670898,0.0392273468363384,0.0657063390750358,0.6920211846258819,1.0,1.0,0.0,0.999999999,0.0,1.0,0.0,0.0,0.0244435593485832,0.9224283695220948,0.0531280450522899,-0.8979848101735115,0.0245861794952469,0.5457143210916641,0.4296995042681678,-0.5211281415964171,-0.1472923755645752,0.2388873100280761,0.051377210766077,0.0105629507452249,-0.0645655468106269,0.0269722118973732,-0.0023383470252156,0.0006365217268466,-0.0104245282709598,0.2786966562271118,-0.02106224745512,-0.0318025350570678,0.0174495503306388,0.006085067987442,-0.0129657089710235,-0.0052511636167764,-0.0165786147117614,0.026216272264719,0.0019392482936382,0.0046823024749755,0.0071084294468164,0.2471308410167694,0.1156576201319694,0.0941907912492752,-0.102441594004631,0.0837965905666351,0.1176106259226799,0.1043993160128593,-0.0890882313251495,-0.0920174941420555,0.0,0.0,0.0,2.0,-0.2688576717150169,-0.1085512184485515,-0.0520257353782649,0.1248138490132992,-0.4881435949868013,-1.1956427660770714,2.0548960910519987,1.766412751105673,7.0,-0.358057436506896,0.5714285713469388,-0.8979848101735116,-0.5211281415964172,-1.02279865918681,-1.7249040506379498,-0.0,0.0004821097542029,0.5,0.3768566685770944,-0.5211281415964171,-0.5211281415964171,-0.5211281415964171,-0.5211281415964171,-3.637414563127651,55.06999969482422,2026-04-20
2026-04-14,55.95000076293945,694.4600219726562,18.36000061035156,86.54872131347656,79.67254638671875,27.31999969482422,56.5,56.5,55.40999984741211,58830100,-0.0203116763266476,-0.0240711847905037,-0.0699800381507773,-0.0969980376103544,-0.02736509400905,0.0143723835304219,0.0167063495302603,0.0163034011651078,0.8815573206665667,0.3649390151945784,0.0159079201828942,-0.0197280721576358,-0.0430990133413082,-0.0563814781327266,0.0127852293593597,0.1219870343832432,0.1891934434226045,-0.0145098457422377,-0.001387324614853,0.0027988014604755,0.0022330284466355,0.001448338083557,-0.105658575211822,-0.0197280721576358,-0.0430990133413082,0.0194816825330571,-0.0097344997709831,28.90423763679749,0.200174312183968,0.9295150399792632,-0.729340727795295,0.1216360175816194,0.0364738236773173,0.0531506002063885,0.1288269167040451,-0.0122879480631464,-1.4132433128026871,-0.1017361460677568,0.0121848807523701,0.0534571961343102,0.0408450451693238,0.0280323233037411,18.36000061035156,-0.039748964201003,-0.2878200108092951,-0.2455001075460402,-1.6731758799616363,-1.105397242319551,-0.0579784081086098,0.0053025988902435,0.006578899500176,0.0039955861455664,-0.0007761567609667,0.006578899500176,0.0263979886497887,0.0097842173230493,-0.0235882722734083,-0.0154955064928209,-0.0154955064928209,1.7349379655921655,-1.9818783479355235,0.0805661938667254,-0.1038069431268922,0.6464566999238548,-0.0648496561950185,-0.1782534549717848,-0.1050262684548937,-0.117173469162339,-0.0760585560545421,1.6303110445586426,1.485517715162899,-0.1234372342850875,123.8499984741211,-0.1030562222496525,0.0766756479911539,-0.6345457050319729,163.4199981689453,-0.093822770946737,-0.0196762372912477,-1.2010114235960256,402.7999877929688,-0.0122124944853497,0.0811390607791013,-0.3565711544767898,52.0099983215332,0.0385382671707834,0.0575160330605692,0.6446782877251723,1.0,0.0,0.0,0.0,0.0,1.0,0.0,0.0,0.948999524116516,0.0219707079231739,0.0290297847241163,0.9270288161933422,0.3612991782871612,0.3363835699487333,0.3023172528063838,0.0249156083384278,-0.1523950099945068,0.2066726684570312,0.0045291874557733,-0.1541354656219482,-0.0247522071003913,-0.0034048939123749,0.1877264827489853,0.1451612412929535,-0.1493861973285675,-0.1074346899986267,0.0875599980354309,0.098905012011528,0.097583957016468,-0.1372013837099075,0.0477930903434753,-0.0430858880281448,-0.0006769150495529,0.1466256380081176,0.0633249282836914,-0.20510333776474,-0.2195010781288147,-0.0688224956393241,0.0290513783693313,0.034062460064888,0.0270365960896015,0.197785273194313,-0.0361403152346611,-0.0289050806313753,0.0371156223118305,0.0149126667529344,0.0,0.0,0.0,1.0,-0.260552468935541,-0.1629283906832477,0.2569838700195157,0.2137219131924216,0.0249156083384278,0.9270288161933422,1.2195529544518695,0.9858033388307136,6.0,-0.2948839118750117,0.6666666665555555,0.927028816193342,0.0249156083384278,0.7133069030009211,1.1841394928952045,0.0,0.0004821097542029,0.5,0.9021132078549144,0.0249156083384278,0.0249156083384278,0.0249156083384278,0.0249156083384278,-0.1430904040837913,55.869998931884766,2026-04-21
2026-04-15,55.7599983215332,699.9400024414062,18.170000076293945,86.1716079711914,79.6329574584961,27.290000915527344,55.59999847412109,56.209999084472656,55.27000045776367,39551500,-0.003395932775967,-0.0207235745281925,-0.0394487673664835,-0.0897812626623386,-0.0407738802837369,0.0088639461324612,0.0168258330218527,0.0160688932273043,0.5516214125922613,-0.3276995959551317,-0.3166588285540427,-0.0151542214229026,-0.0372928479267182,-0.0577025622460986,0.0068006242596163,0.11574169628597,0.1833817234536314,-0.0080495917300924,-0.0020814222454766,0.0027141249613629,0.0022238834775177,0.0014576374135846,-0.1086956985691653,-0.0151542214229026,-0.0372928479267182,0.0168579385761204,0.0028776951763151,29.10513081488321,-0.0100004395519803,0.7416119440730145,-0.7516123836249948,0.1321505635838661,0.0633574259448457,0.050392587776836,0.1992767767749241,0.0035119254000971,-0.3831174447702405,-0.1089727983283894,0.0078909948670389,0.0353988732860299,0.0463059827796528,0.0358847584988051,18.170000076293945,-0.0103486126220765,-0.1364068780584206,-0.2468081629065153,-1.5636808435312144,-1.222491821540295,-0.0551221784282534,-0.0043572375947561,-0.0010354319928055,-0.0031224892571206,-0.0051302709681446,-0.0010354319928055,0.0162170808845492,0.0033669383096153,-0.0176385802378226,-0.0087177539096315,-0.0087177539096315,1.494037401464617,-1.8398697330932663,0.0796639685216462,-0.110264206115453,0.6470808614848489,-0.0622239779602679,-0.1542822584510316,-0.0948654132784166,-0.0722887020486806,-0.0384531509964438,2.211939265292977,1.813309656238864,-0.0748476406525134,122.58999633789062,-0.0159737153950498,0.0315550329481486,-0.0943542801772008,164.25999450683594,-0.043275716867125,-0.0303377532090676,-0.5087697826553644,403.30999755859375,-0.0172758197936985,0.0458470358942997,-0.5085562303382017,51.380001068115234,-0.0071497378141983,0.0421747403279366,-0.1162867900753218,1.0,0.0,0.0,0.0,0.0,1.0,0.0,0.0,0.029876459389925,0.0268777571618556,0.943245768547058,0.0029987022280693,0.0426283399983064,0.0580005260616654,0.8993711393641491,-0.015372186063359,-0.1113181114196777,-0.1881757378578186,-0.0693052858114242,0.0763369873166084,-0.1557352244853973,0.0560493767261505,-0.0531031228601932,-0.1255232989788055,0.0648487731814384,0.016382373869419,-0.1314583122730255,-0.1080794185400009,-0.140268325805664,-0.0473608076572418,-0.0884468704462051,0.2137207090854644,-0.0003706999123096,0.1855838298797607,-0.0327152833342552,0.236153557896614,-0.3268276751041412,0.0507645569741725,0.049381535500288,0.1526772230863571,0.0956219956278801,0.0731970071792602,-0.1751313954591751,-0.0004897220060229,0.1025134101510047,-0.0458155870437622,0.0,0.0,0.0,1.0,-0.1705282397737826,-0.1594059185739964,0.0106809027493003,0.1547900624573235,0.2700726874852751,-0.7389089018106461,0.2453973009385745,0.2025773221556193,5.0,-0.2948839118750117,0.59999999988,0.0029987022280693,-0.015372186063359,-0.1517913602292534,-0.2875244654091549,-0.0,0.0004821097542029,0.0,0.0183708882914283,-0.015372186063359,-0.015372186063359,-0.015372186063359,-0.015372186063359,1.389163210736453,56.540000915527344,2026-04-22
2026-04-16,56.58000183105469,701.6599731445312,17.940000534057617,85.62577819824219,79.52408599853516,27.3700008392334,55.84000015258789,56.880001068115234,55.77000045776367,31282600,0.0147059457353824,-0.0092803147195346,-0.0130821555214697,-0.040529071395192,-0.0253349302513673,0.0128713714903085,0.0151196661885747,0.0164961149262406,0.7802667941872208,-0.2090666599244023,-0.4540397439296202,0.0019834561251783,-0.0190877117881644,-0.0426555055776142,0.0187587805945486,0.1296381537545106,0.1988559108425951,-0.0026336961247005,-0.0012830692603357,0.0029889224324497,0.0022395157898434,0.0015594368289149,-0.0955882258786105,0.0019834561251783,-0.0190877117881644,0.0196182498131755,0.0132521790194246,28.295277455324,-0.1091399173370959,0.5714615717909923,-0.6806014891280883,0.1371116196633796,0.1888994114259829,0.0421623686359068,0.5470432802840515,0.0177993839752272,1.1425312837815236,-0.0993259029989231,0.0024573116226043,0.0319895292893086,0.0637198522413533,0.0377666220143748,17.940000534057617,-0.0126582026015731,-0.0795279248467442,-0.24515598338104,-1.441941040968117,-1.0785424127087893,-0.0617154944237487,-0.0063342182628377,-0.0048442183714623,-0.0038552966126893,-0.0115431040182961,-0.0048442183714623,0.0123472125922339,0.0008718780069829,-0.012982283048891,-0.0040028640769758,-0.0040028640769758,1.2023559721380903,-1.2863458421728486,0.080637351418933,-0.0956720993072647,0.6607823370674629,-0.0413556650071806,-0.1040051507118223,-0.0407514319324908,-0.0436745563124245,-0.0082780377726654,1.947194293847512,2.427597449539543,-0.0450716848107783,125.83999633789062,-0.0088216978155208,0.0342730190819517,-0.0506670050863288,167.82000732421875,0.0003577302059363,-0.0280659627449729,0.0039708590119558,407.6300048828125,-0.0082960383204077,0.0632531683737978,-0.2595720127981385,51.75,0.0015483226996275,0.0721975796986422,0.0243908098403929,1.0,0.0,0.0,0.0,0.0,1.0,0.0,0.0,0.9444520473480223,0.015395775437355,0.0401522107422351,0.9290562719106674,0.4685617471007144,0.4166916327485307,0.1147466113955547,0.0518701143521837,-0.1589758992195129,-0.1899605393409729,-0.2167441248893737,-0.2256427258253097,0.0630328953266143,0.0052207391709089,0.0894102975726127,0.004099816083908,-0.0702615231275558,-0.0285022854804992,0.1260664761066436,0.0195007175207138,0.0708234086632728,-0.0585854947566986,-0.0028178989887237,0.0255995765328407,0.1043368726968765,-0.0476108752191066,0.0613435469567775,-0.1363459527492523,-0.1679556369781494,-0.0669332146644592,0.005046933889389,-0.0277453586459159,-0.0296491533517837,-0.1111530214548111,-0.0089346338063478,0.0826363116502761,-0.0582413002848625,-0.0708054825663566,0.0,0.0,0.0,1.0,0.0204711788757509,-0.1490318957035596,0.61969459677736,0.340601316839457,0.5729982559486008,1.827041082084179,1.717528864829185,1.1272558050104728,6.0,-0.1856953378322245,0.4999999999166666,0.9290562719106672,0.0518701143521836,0.588454955071211,0.9067292377392128,0.0,0.0008246136652403,0.0,0.8771861575584837,0.0518701143521837,0.0518701143521837,0.0518701143521837,0.0518701143521837,0.7044722800356285,56.97999954223633,2026-04-23
2026-04-17,55.02000045776367,710.1400146484375,17.479999542236328,86.4097900390625,79.82100677490234,27.36000061035156,54.40999984741211,55.15999984741211,53.40999984741211,90913300,-0.027571603443017,-0.0166219891419876,-0.0337196736082233,-0.0713923973373219,-0.0670572135914832,0.0172035091018315,0.0164332942762762,0.0169867398364738,1.0127610274062828,1.906193858566743,0.5572037499996789,-0.0189715414634885,-0.0390862363020868,-0.065925901107656,-0.0112842826785328,0.0964495495229311,0.1641633441575074,-0.0068602587830599,-0.003470570109622,0.0021250675042208,0.0018962110559716,0.0013814678896178,-0.1205243086638809,-0.0189715414634885,-0.0390862363020868,0.0318066155114519,0.011211185665544,18.31934825787077,-0.3100140916211629,0.3951664391085613,-0.7051805307297242,0.1509124214162102,0.0631512602542163,0.0569872767774604,0.1670916292846594,-0.0220309403956877,-1.6026731335532318,-0.1292524436919306,0.012085685130224,0.0451534920137155,0.0792352385336749,0.0496203347900401,17.479999542236328,-0.0256410801631814,-0.0910036423119168,-0.254186695302083,-1.3930554060532223,-1.2157922218657786,-0.0479303398072372,0.0091562594503393,0.0067060381008487,-0.0008240668816598,-0.0026307824790789,0.0067060381008487,0.0137004551348147,0.0086294060960274,-0.0179468768501829,-0.0029154490579095,-0.0029154490579095,1.4344620156343983,-1.2285675663223046,0.0774776795038115,-0.125147146867113,0.6367334121850229,-0.0732061686020961,-0.1424103312562673,-0.0743786266135175,-0.0754656289479285,-0.040156421218388,2.1595891612761475,4.293367040377723,-0.0788731656219389,116.04000091552734,-0.0703412818519735,-0.0112474411039479,-0.3822318016512104,159.69000244140625,-0.0520598594499462,-0.0840276427241446,-0.5260413083505965,400.6900024414063,-0.022182625713722,0.0205542443700812,-0.7206433198311015,51.880001068115234,-0.0015396077322358,0.091552470607007,-0.0236412567899814,0.0,0.0,0.0,0.0,0.0,0.0,0.0,0.0,0.0,0.0,1.0,0.0,0.0,0.0,1.0,0.0,-0.1261792548293226,-0.1507717799911534,-0.1720299259286593,-0.1790927501720343,0.0500292421750345,0.0041437034259762,0.0709650002117776,0.0032540261822359,-0.055766607862785,-0.0226222789776212,0.100059028394805,0.0154777297532578,0.0562125767080265,-0.0464993380034304,-0.0022365679095201,0.0203183973590859,0.0828122307390469,-0.0377887767039683,0.0486884054853246,-0.1082178544128847,-0.1333064774115517,-0.0531249276849879,0.004005754082615,-0.022021505750881,-0.023532548610294,-0.0882222115934055,-0.0070914235515736,0.0655884840222102,-0.0462261506700932,-0.0561983487554752,0.0,0.0,1.0,1.0,0.012165976096275,-0.0919429209938328,0.3106849913795793,0.1922197960317139,-0.0249156083384278,-0.9270288161933422,0.0,0.0,4.0,-1.7811967493063576,0.2499999999375,0.0,0.0,-0.1922197960317131,-0.3285810978059154,0.0,0.0008246136652403,0.0,0.0,0.0411693370441836,0.0451555572675278,0.0469799900368476,0.0495277431830558,3.3071178720630154,56.869998931884766,2026-04-24
2026-04-20,55.06999969482422,708.719970703125,18.8700008392334,86.38993835449219,79.7517318725586,27.31999969482422,55.09999847412109,55.720001220703125,54.79999923706055,35150000,0.0009087465766004,-0.0123744377237996,-0.0357205549592933,-0.0772453181430656,-0.0654222003781227,0.0169336125106958,0.0159250483918192,0.0170047189043235,0.995818373132416,-0.6133679010661806,-0.3777630573058981,-0.0108844118915452,-0.0304065430134401,-0.0620076552089615,-0.0123019451059465,0.0953194446413183,0.1636683135442613,-0.0072748291262553,-0.0033830201439972,0.0020855948222078,0.0019885082453864,0.0013007353251923,-0.1197250881401759,-0.0108844118915452,-0.0304065430134401,0.0167060466450128,-0.0005444424705558,19.64759610343168,-0.4598726754500504,0.2241586161968389,-0.6840312916468894,0.1622728830789086,0.1178803628033832,0.0467943116916485,0.26739882481298,0.0050335591512003,0.0536652484731892,-0.1221610818554875,-0.0019996675529057,0.0329689490192297,0.0927424375158276,0.0469639323776847,18.8700008392334,0.0795195270822781,-0.0130753132336172,-0.1810606458343477,-0.966466019036688,1.3747536448477438,0.0385250831040298,-0.000229738835858,0.003458262903484,0.0182665290789039,-0.0029227622855327,0.003458262903484,0.0110415260188063,0.0039871467749856,-0.0183255562443394,-0.0021913611315356,-0.0021913611315356,1.2192128879834394,-1.275430514359851,0.0777034681838991,-0.1160346812191587,0.6374584904650604,-0.0682801315175383,-0.142071959459105,-0.0814854107283998,-0.0664971624207499,-0.0390437941578301,1.940619407208466,2.728766551021785,-0.0686895039785231,121.31999969482422,-0.0556550280839156,-0.0009058767197159,-0.2986018762315157,161.11000061035156,-0.0449345054321613,-0.0867349273276268,-0.4258128639077113,398.989990234375,-0.0341096078142378,0.0310618109304459,-1.2122895672452028,52.22999954223633,0.0007664479130082,0.1166937539102646,0.0116198008278518,6.0,3.0,0.0,0.4999999999166666,0.0,0.1666666666666666,0.0,0.8333333333333334,0.173024150232474,0.0191223630681633,0.8078534950812658,0.1539017871643105,0.0773912775877876,0.2023342244638442,0.720274502457098,-0.1249429468760566,0.0839995592832565,0.0015453100204467,-0.0792270504559079,0.0007858760654926,0.0015629008412361,0.0502058106164137,-0.0512345831375569,-0.0104866214096546,-0.0560141478975613,0.0676233433187007,-0.0198723810414473,-0.1614279349644979,0.1105260873834292,0.0199630881349245,0.0710149332880973,0.0341972997412085,-0.0602978287885586,0.0094758933410048,0.0173653090993563,0.0305415255328019,0.0066873986894885,0.0038374612728754,-0.0540773185590902,0.0134803615510463,-0.0338944544394811,-0.0128419026732444,0.0181629822279016,0.0094192574421564,-0.0438786374094585,-0.0112590628365675,0.0,0.0,0.0,0.0,-0.0243576108412908,-0.0127058820497607,0.3609860196916597,0.4025971154992783,-0.1095707608126976,0.1509030849362412,0.7909531024747611,0.9982841732613305,9.0,3.894620289837965,0.3333333332962963,0.1539017871643106,-0.1249429468760566,-0.2486953283349669,-0.4106832331675474,-0.0,0.0008246136652403,0.0,0.2788447340403672,-0.1249429468760566,-0.1249429468760566,-0.1249429468760566,-0.1249429468760566,3.0402927513320845,56.77000045776367,2026-04-27
2026-04-21,55.869998931884766,704.0800170898438,19.5,85.91358184814453,79.54388427734375,27.46999931335449,55.31999969482422,55.959999084472656,54.91999816894531,41299800,0.014526951906552,-0.0125486545809941,-0.001429880785769,-0.0713098558246071,-0.0630555436672796,0.0173184312823531,0.0167562341156583,0.0171344624698579,1.0107367127554838,0.1749587482219061,-0.2491404844049086,0.0037728904967364,-0.0088348193720407,-0.0453244667355839,-4.585346801944112e-05,0.1089542662998754,0.1789081045226228,-0.0002861808081675,-0.0032565638347102,0.0022308274743589,0.0020888486197591,0.0013670990189407,-0.1069373768310439,0.0037728904967364,-0.0088348193720407,0.0186146578738132,0.0099421409995417,26.4628941713448,-0.5082249296194163,0.0776819070335879,-0.5859068366530042,0.1676428013869726,0.2296366658120869,0.0462706456067954,0.5815396121506116,0.0187098367668834,0.8388144879230499,-0.1177389509831533,-0.0065469491549362,0.0138524822348466,0.0743080531053723,0.0396813290028714,19.5,0.0333862815446592,0.0620914679602839,-0.1413285307292929,-0.7427902325733298,1.3900365963979535,0.0869564893814163,-0.005514027621978,-0.0073385193413958,0.006087613314645,-0.0083473755906005,-0.0073385193413958,0.008153530551928,-0.0016148863719065,-0.0100901148340724,0.0054904692608284,0.0054904692608284,0.855511955847288,-0.5645957132125734,0.0793517747639122,-0.0912700016997215,0.6503046169188601,-0.0461587462968547,-0.1304808050567604,-0.0705589611319955,-0.0150735568422426,0.0059523197693807,1.839926435830035,2.3212292092801663,-0.0152823630206156,128.25,0.0355268597504125,0.160003643560421,0.191453338183445,165.0,0.0096683505614856,-0.0564419019430589,0.0897728869385493,408.6000061035156,0.0143992514556081,0.024445279806438,0.5212821908662923,51.77000045776367,-0.0046144562875358,0.0887487126900741,-0.0720178047978899,1.0,1.0,0.0,0.999999999,0.0,1.0,0.0,0.0,0.2287380099296569,0.2688015401363373,0.5024604201316833,-0.0400635302066803,0.3134868468538477,0.4833067344838173,0.2032064046997697,-0.1698198876299696,-0.2724569439888,0.0066828466951847,0.0634607300162315,-0.0152316382154822,-0.0684149414300918,0.0213927961885929,0.0044637373648583,0.1313772052526474,0.0904396250844001,-0.0729968100786209,-0.1035796031355857,-0.0453555732965469,-0.0042778179049491,-0.0007662028074264,0.0859684348106384,0.1114474609494209,0.0990321934223175,-0.111734926700592,0.0841608047485351,-0.0051788389682769,0.0086273262277245,0.013597909361124,-0.0077721402049064,-0.0600544027984142,0.0809156149625778,0.0292668901383876,0.0811603143811225,0.1413507759571075,-0.0206969045102596,0.0767130553722381,0.0,0.0,0.0,6.0,-0.0982542781686752,-0.0516529812434402,0.0379460856525437,0.2091786462192738,-0.2216900019821533,-0.9691198021173476,1.6860679533995468,2.082620606981825,9.0,-0.2049800152546297,0.4444444443950617,-0.0400635302066803,-0.1698198876299695,-0.2492421764259535,-0.4036375902130235,-0.0,0.0008246136652403,0.0,0.1297563574232893,-0.1698198876299696,-0.1698198876299696,-0.1698198876299696,-0.1698198876299696,3.2402908505409167,57.709999084472656,2026-04-28
2026-04-22,56.540000915527344,711.2100219726562,18.920000076293945,86.08228302001953,79.67254638671875,27.479999542236328,56.36000061035156,56.77999877929688,56.130001068115234,40565500,0.0119921603087809,0.0276263257927542,0.0139885691799406,-0.0260120299979123,-0.0706771733444455,0.0179563127981104,0.0145331458474605,0.0166309575268586,1.0796919954500113,-0.0177797471174194,-0.2552862504661861,0.0129712008127815,0.0057456057068745,-0.0303134100836749,0.0096449299119816,0.1197507119417697,0.1912302025633816,0.0027783264214729,-0.0036649550720553,0.0024193466583812,0.0022754895003252,0.0014751969907174,-0.0962276266882214,0.0129712008127815,0.0057456057068745,0.0114962451477982,0.0031937598159415,37.63988826789628,-0.4868685610613141,-0.0352281865853925,-0.4516403744759216,0.1665111112375111,0.3179496259535742,0.0543528592021296,0.738647993926937,0.0027833850445294,0.6678520125908518,-0.1010406946110877,0.0101266968380706,0.0161014079663113,0.0888423251593368,0.0496837192786911,18.920000076293945,-0.0297435858310797,0.0412768297661434,-0.1518737744255972,-0.7917784474972331,0.4636656040443782,0.0823798954100767,0.0019636146956738,-0.0010365937606936,0.0125168080106996,-0.0062801452584827,-0.0010365937606936,0.0038657546661775,0.0004971425084054,-0.0018162420327666,0.0069622066813812,0.0069622066813812,0.929329550386047,-0.4784814436259167,0.0794983185961082,-0.0824221719398313,0.6568134456003943,-0.0324395600503334,-0.074217746135716,-0.0239907612921798,-0.0020793581918161,0.0150407540924826,2.2349290660950984,2.2734851356378654,-0.0021128387863706,129.39999389648438,0.0555510054819121,0.1297362743336818,0.3043870570038718,168.25999450683594,0.0243516384619963,-0.0664669919064249,0.2279403584511426,417.7900085449219,0.0359029309314962,0.0272682468773697,1.3385207035800508,51.83000183105469,0.0087582863679367,0.0697626628460381,0.1443321587196233,0.0,0.0,0.0,0.0,0.0,0.0,0.0,0.0,0.0,0.0,1.0,0.0,0.0,0.0,1.0,0.0,-0.216249219751931,0.0053041789370392,0.0503688147932179,-0.0120893592632277,-0.0543009749982352,0.0169794735871568,0.0035428706943429,0.1042741569113472,0.0717819779992932,-0.0579376065545628,-0.0822111854899387,-0.0359987423817796,-0.0033953063212223,-0.0006081355712648,0.0682331919272335,0.0884559083751478,0.0786019040086525,-0.0886840700930547,0.0667984749961574,-0.0041104472131083,0.0068475133647813,0.0107926678122082,-0.0061687517686564,-0.0476652110887623,0.0642227661561249,0.0232291460967571,0.0644169842133319,0.1121901852254169,-0.0164271439960357,0.0608871923987928,0.0,0.0,1.0,1.0,-0.0982542781686752,-0.0485785440307684,0.0379460856525437,0.2085789057736599,0.0,0.0,0.0,0.0,8.0,-0.960768922061292,0.4999999999375,0.0,0.0,-0.2085789057736592,-0.3431206669641074,0.0,0.0008246136652403,0.0,0.0,-0.1347861341344676,-0.1478367988351545,-0.1538098908891009,-0.1621510938804868,4.309740011522512,59.02999877929688,2026-04-29
2026-04-23,56.97999954223633,708.4500122070312,19.309999465942383,85.89373016357422,79.54388427734375,27.530000686645508,56.88999938964844,57.18999862670898,56.470001220703125,34707200,0.0077820767524634,0.0346831279825052,0.0070695952321815,-0.0061050458335895,-0.0592702686259821,0.0170642555686533,0.0144117758176383,0.0168190795167545,1.0145771971098307,-0.1444158213260036,-0.3581369044833991,0.0193931522034591,0.01420382993107,-0.0197495273374643,0.0151959864560471,0.125931915402633,0.1987637106518047,0.0014089445600712,-0.0030549697459227,0.0023968612006562,0.0022783141742318,0.0013811498167961,-0.0891944007123532,0.0193931522034591,0.01420382993107,0.0126359672128842,0.0015820030506849,38.638646933104624,-0.4294883982534117,-0.1140802289189963,-0.3154081693344153,0.1640130462849114,0.3795856318456709,0.0623870751526372,0.8108520820380127,-0.0037789659083716,0.4560454609407912,-0.0907049517453742,-0.0038807239498251,0.0096771076053689,0.0786060173366902,0.0452282676202868,19.309999465942383,0.0206130754796927,0.0763656015106541,-0.1225519497578011,-0.6320712036945859,0.6235547277436458,0.0233173612686949,-0.002190379365304,0.0031293375776586,0.000642785536721,-0.0084040127208805,0.0031293375776586,0.0011210545959829,0.0002489595266641,0.0018195467700909,0.0058458108332521,0.0058458108332521,0.6796164166264854,-0.2157216385522573,0.0804291037623484,-0.0653204388207036,0.6633778674383428,-0.019718902004572,-0.046144286891068,-0.0043825878975172,-0.002582521039198,0.0039279657237794,2.034484439097904,1.999324323025428,-0.0026075123731874,134.72000122070312,0.0705658386938359,0.1881118436005735,0.3988416793115277,169.55999755859375,0.0103681930546781,-0.0664023669354919,0.1012955750644948,425.4800109863281,0.043789725706397,0.0400137523426573,1.6622681103345418,51.810001373291016,0.0011594468268796,0.0485731943592508,0.0201513823426541,1.0,0.0,0.0,0.0,0.0,1.0,0.0,0.0,0.4927836060523987,0.0156418532133102,0.4915745258331299,0.4771417528390884,0.0642659414962336,0.0204634691309965,0.9152705974092245,0.0438024723652371,-0.1539574563503265,-0.05713552236557,-0.1098153740167617,-0.0164638627320528,-0.1118699163198471,0.0224478766322135,0.093410924077034,-0.0018826685845851,-0.0039131306111812,0.0533717796206474,0.0800494700670242,0.0178630799055099,-0.0228609070181846,0.1135682165622711,-0.1268925368785858,0.0994693711400032,0.2342291623353958,-0.0468508712947368,0.0044587142765522,0.0815434157848358,-0.0275689847767353,0.005017165094614,-0.0801827237010002,0.0410062074661254,-0.0045719780027866,-0.1630645096302032,0.0374446734786033,0.0274781137704849,-0.0205434747040271,-0.0012991903349757,0.0,0.0,0.0,0.0,-0.042005805088244,-0.0501920724281577,0.1456927408774697,0.1181960019593441,0.1687454192412937,0.3232399656747778,0.0801118854023618,0.1449039842575023,8.0,-0.1601281536768819,0.4999999999375,0.4771417528390885,0.0438024723652371,0.358945750879745,0.5494893087547015,0.0,0.0008246136652403,0.0,0.4333392804738513,0.0438024723652371,0.0438024723652371,0.0438024723652371,0.0438024723652371,4.5793853088457865,59.650001525878906,2026-04-30
2026-04-24,56.869998931884766,713.9400024414062,18.709999084472656,86.05252075195312,79.65275573730469,27.479999542236328,56.77000045776367,56.91999816894531,56.16999816894531,36426700,-0.0019305126576918,0.0178986937375669,0.0336241086646529,-0.00122935891311,-0.0755851997932176,0.0070436791003628,0.0142572277162233,0.0162453010295095,0.4335825266632826,0.0495430342983589,-0.3145860109252807,0.0107347124883954,0.0123720326103207,-0.0177129666488928,0.0110909665069067,0.1212147987979572,0.1947073298055905,0.006614235744126,-0.0039297195050635,0.0022376320620855,0.0023115948656561,0.0013969742485977,-0.0909527224504746,0.0107347124883954,0.0123720326103207,0.0131879728167095,0.0017614668542321,35.470534747439274,-0.3884129530245062,-0.1689467737400983,-0.2194661792844078,0.1560517332886328,0.3864929836047959,0.0566157616748021,0.6896064306271269,-0.0078967439035474,-0.2740772763931142,-0.0880082977835085,0.0077492979600242,0.0053510402379592,0.1067292512977622,0.0527995762253858,18.709999084472656,-0.0310720040426705,0.0703661083779962,-0.1326117185207057,-0.6932708183083411,-1.068288921134477,-0.0405128674629406,0.0018486866046742,-0.0041345927000617,0.0109913079893142,-0.0065858784640128,-0.0041345927000617,0.0065033624518306,-0.0021078541150467,0.0014576897740605,0.0043859257751392,0.0043859257751392,0.7559394076207456,-0.3782776587725265,0.0796565520035447,-0.0657703541395278,0.6608754564646963,-0.0189301950128467,-0.0494653340366124,-0.0037635042816335,0.0281225833515839,0.037915466375209,2.0520141032882138,0.952837957288824,0.0282730684266936,132.39999389648438,0.1409858053419568,0.1291147150301477,0.8414918239347934,168.0500030517578,0.052351433919096,-0.0931901769367348,0.5489700802932296,437.239990234375,0.091217618533703,0.0580520029869933,3.473002562588096,51.91999816894531,0.0007709541250311,0.0576491751387422,0.0144687513293213,1.0,0.0,0.0,0.0,0.0,1.0,0.0,0.0,0.5724244713783264,0.3464064002037048,0.0811691656708717,0.2260180711746215,0.1675467744445316,0.1084916754157173,0.7239615198553192,0.0590550990288142,-0.0994406640529632,-0.2804183065891266,0.0643470138311386,-0.0097429919987916,0.0507000088691711,0.0435548759996891,0.0147636011242866,0.0532838627696037,0.1053476333618164,-0.0701616033911705,0.0378022566437721,0.1263651847839355,0.1905631124973297,-0.0383921414613723,0.1240702867507934,-0.0569334924221038,0.0186463519930839,-0.0522543303668499,-0.0382386147975921,0.0136505365371704,-0.082385167479515,0.1214044690132141,0.1057740300893783,-0.1543778330087661,0.0917013213038444,-0.0103883855044841,0.1361041963100433,0.0551875680685043,-0.0197922326624393,-0.0275412239134311,0.0,0.0,0.0,1.0,0.0342858571313505,-0.0383810526223949,0.2343866080045703,0.1633996161942685,0.2288749866587838,0.2660816013813017,0.4996424737670266,0.6659231138253493,9.0,-0.1601281536768819,0.4444444443950617,0.2260180711746216,0.0590550990288142,0.0626184549803537,0.0841320506341303,0.0,0.0008246136652403,0.0,0.1669629721458073,0.0590550990288142,0.0590550990288142,0.0590550990288142,0.0590550990288142,3.4223865241002778,58.84999847412109,2026-05-01
