Date,target_price,SPY_price,VIX_price,TLT_price,HYG_price,UUP_price,target_open,target_high,target_low,target_volume,ret_1,ret_3,ret_5,ret_10,ret_20,vol_5,vol_10,vol_20,vol_shock,vol_chg_1,vol_to_ma20,price_to_ma_5,price_to_ma_10,price_to_ma_20,price_to_ma_60,price_to_ma_120,price_to_ma_200,slope_5,slope_20,slope_60,slope_120,slope_200,drawdown,dist_to_ma5,dist_10,intraday_range,close_open,rsi_14,macd,macd_signal,macd_hist,bb_width,bb_pos,bb_width_5,bb_pos_5,ret_accel,vol_breakout,bb_high_dist,spy_ret_1,spy_ret_5,spy_ret_20,spy_to_ma_60,vix_level,vix_ret_1,vix_ret_5,vix_to_ma_20,vix_z_score,vix_z_score_5,vix_speed,tlt_ret_1,tlt_ret_5,tlt_ret_20,tlt_to_ma_60,tlt_shock_5,hyg_ret,hyg_ret_5,uup_ret,uup_ret_5,uup_shock_5,hyg_z_score,uup_z_score,target_spy_ratio,target_spy_ratio_20,target_tlt_ratio,target_tlt_ratio_20,target_spy_rel_ret,target_tlt_rel_ret,target_spy_rel_ret_5,target_tlt_rel_ret_5,vol_ratio,vol_ratio_5,rel_strength_5,ibb_price,ibb_ret_5,ibb_ret_20,ibb_shock_5,xbi_price,xbi_ret_5,xbi_ret_20,xbi_shock_5,ihi_price,ihi_ret_5,ihi_ret_20,ihi_shock_5,ihf_price,ihf_ret_5,ihf_ret_20,ihf_shock_5
2026-06-10,152.17886352539062,723.56591796875,22.21999931335449,83.9068374633789,78.29206085205078,28.049999237060547,154.27959942397948,154.4488511552092,152.14899646645537,11712200.0,-0.0111276465305711,-0.0010456113521,0.0359200604775256,0.0272868997974411,0.0418513567256606,0.0158868884785238,0.0139453630574443,,,-0.1076758980610262,,-0.0011892356953862,0.0140649485746482,,,,,0.0070579958317887,0.0020499640630333,0.000422119697895,1.850843048827603e-05,0.0006412374491402,-0.0419576536805286,-0.0011892356953862,0.0140649485746482,0.0151128391648825,-0.0136164204887242,,1.6904340644744875,1.1172840077061057,0.573150056768382,,,0.0242795436145648,0.4510190259641959,-0.0107791094132045,-0.70042952999791,,-0.0157655625080272,-0.0381973815066616,-0.0227398047359789,,22.21999931335449,0.1182686650662345,0.3835616470894227,0.2725502110809341,2.4714088635397253,0.9843200836175696,0.0330078603866925,-0.0028196738851031,-0.0050405512146185,0.0048802929345306,,-0.0050405512146185,-0.0031599621814794,-0.0026355295074921,0.010810783317497,0.0068197639105,0.0068197639105,,,0.2103178988206062,,1.8136646324181749,,0.0627320943700286,0.028325410893027,0.0770609692249455,0.0411681217180739,1.374588052289739,1.2493990102933945,0.0741174419841872,165.89773559570312,-0.009373268531164,-0.038922736621522,,128.72364807128906,-0.007548297421412,-0.0515274048031696,,49.56738662719727,0.024521008692246,0.0249434217327593,,52.67064666748047,0.0565886969226046,0.0206683339125153,
2026-06-11,153.4134063720703,735.8642578125,19.440000534057617,84.9942398071289,78.75509643554688,27.950000762939453,152.78618295395455,154.47871542751025,152.18881140244568,10548800.0,0.0081124462233463,0.0094333986971872,0.0132167322788621,0.0212750980100369,0.0508763712915667,0.0094241817760893,0.0135329302239017,,,-0.0993323201448063,,0.0042754294487914,0.0201190227690735,,,,,0.0026260306598509,0.002481222768851,0.0008375820452555,7.933929096530618e-05,0.0006505290840776,-0.0341855866663234,0.0042754294487914,0.0201190227690735,0.0149263619081041,0.0041052365206661,,1.8254426891423636,1.2589157439933574,0.566526945149006,,,0.0220299658209164,0.6940733582406294,0.0049679799909506,0.8608116391724692,,0.0169968478867479,-0.0255319771466703,-0.0139139357653638,,19.440000534057617,-0.1251124601802332,0.262337728285795,0.1064314427799431,0.9469703105853484,-0.6758285349315175,0.0274841678470822,0.012959639245426,0.0056141944021439,0.0164649147242161,,0.0056141944021439,0.0014856496988777,0.0013780046783282,0.0090252705095401,0.0039511713271789,0.0039511713271789,,,0.2084805787797352,,1.804985922813121,,0.0445865212497327,0.0144341541416086,0.0397639619944354,0.0075600940390843,1.1491025348448256,0.5709510600125892,0.0387487094255324,170.4568634033203,-0.0054832109104777,-0.0049027712206376,,132.60983276367188,-0.0050965983983493,-0.0156469751541054,,49.51753616333008,-0.0040104372034881,0.0186628544540781,,52.84010314941406,0.0277238876953436,0.0299202732274201,
2026-06-12,153.13462829589844,739.843994140625,17.68000030517578,84.7866439819336,78.75509643554688,27.950000762939453,154.28953846063808,154.4787066142165,152.6965578753566,9111000.0,-0.0018171689343482,-0.0049169985070528,0.0052283572523148,0.0290358911533208,0.0600274411883998,0.0093656608604849,0.0130196558121538,,,-0.1362998634915819,,0.0014062431087302,0.0153479981757422,,,,,0.0010429473693612,0.0029147397851237,0.0008674085353208,8.599471987448144e-06,0.0006443539709252,-0.0359406346145791,0.0014062431087302,0.0153479981757422,0.0116377906074665,-0.0074853433114279,,1.8881772045107252,1.384768036096831,0.5034091684138944,,,0.021356346299719,0.5658466148186004,-0.0001781694319972,-0.1940246147488133,,0.0054082479015293,0.0056945310068026,0.0034903930164986,,17.68000030517578,-0.090534988710439,-0.1780567123641147,0.0084129604015386,0.0750781082711565,-1.16774686750625,-0.110216428865642,-0.0024424693445861,0.0083471249850288,0.0292536232454516,,0.0083471249850288,0.0004882942171349,0.0064207585808033,0.0104844872424856,-0.0024982046281453,-0.0024982046281453,,,0.2069823226365091,,1.80611734471444,,0.0494709262835615,0.0248847110396364,-0.0004635341449267,-0.0030929504884146,1.0903495529666698,0.7822976184218258,-0.0004661737544877,170.6268310546875,0.013179708245343,0.0229574926774129,,133.65878295898438,0.0397916870196233,0.0237200930614043,,49.51753616333008,-0.0081869669445956,0.0249689979987373,,53.30859756469727,0.0298478765773968,0.0504812531449725,
2026-06-15,152.2186737060547,752.890380859375,16.200000762939453,84.73722076416016,78.85360717773438,27.96999931335449,153.03508045482914,153.2043321777189,151.10359638264487,9525300.0,-0.0059813681597468,0.0002616012483063,0.0015722665829196,0.0341585928447791,0.0492039680802627,0.0098272206468257,0.012521359015575,,,0.0454725057622653,,-0.0048945273105786,0.0059214205375255,,,,,0.0003142063731698,0.0024015875504508,0.0009135697451391,-9.614637254333632e-05,0.0006341092404353,-0.0417070286068012,-0.0048945273105786,0.0059214205375255,0.0138007758439066,-0.0053347686448626,61.00498828211943,1.8427428865409752,1.47636300618566,0.3663798803553151,,,0.0196680811438064,0.251143628359501,-0.0060685685758489,-0.6086530226657515,,0.0176339698937533,0.0211169330986142,0.0219048319667458,,16.200000762939453,-0.0837103799032775,-0.1437631766588918,-0.0717129964449531,-0.6303411229663667,-1.2617894958424072,-0.2709270358436485,-0.0005829127731953,0.0129992737239754,0.0298847741754098,,0.0129992737239754,0.0025050258621175,0.0062860872660486,0.0075648084560955,-0.0021406126229458,-0.0021406126229458,,,0.2021790656062135,,1.7963614139494648,,0.0392414592952481,0.0311424342495465,-0.0191404783156282,-0.0112803705169977,0.93293823172244,0.6969807611439611,-0.0195446665156946,172.16073608398438,0.0315971913323251,0.0497726972453846,,136.2662353515625,0.062057190944343,0.0683794534259234,,49.572452545166016,-0.0027059072720826,-0.0011031961094811,,53.41735076904297,0.0270046558689309,0.0515915276032077,
2026-06-16,152.26846313476562,748.4019775390625,16.40999984741211,85.20182800292969,78.84375762939453,27.93000030517578,152.92556880815684,153.04503704266804,151.05381877793573,8630000.0,0.0003270914632136,-0.0074631237541775,-0.0105454199680905,0.044672186150789,0.0381482362676179,0.0071907615948081,0.0117237261950379,,,-0.0939917902848204,,-0.0024524173749866,0.0019391847921679,,,,,-0.0021202833862974,0.0018719292026882,0.0009149899612558,-7.676925183421953e-05,0.0005992292532152,-0.0413935791566009,-0.0024524173749866,0.0019391847921679,0.0130770234606622,-0.0042968986711146,60.549056946309015,1.790118086016946,1.5391140221519173,0.2510040638650288,,,0.0153415350524022,0.3401452418802947,0.0028147993812728,0.0454877294168772,,-0.0059615628442341,0.0180178213049169,0.0226241649460048,,16.40999984741211,0.012962905838441,-0.1741318996318058,-0.0552133279490367,-0.4811643676495653,-0.7921269883402999,-0.1558642285702175,0.0054829180681135,0.0125704793799219,0.0422671893383048,,0.0125704793799219,0.0016270537349349,0.0051493653457301,0.0061239220062063,-0.0028561200661314,-0.0028561200661314,,,0.203458125051277,,1.7871501903636366,,0.0575368735435217,0.0381270203412229,-0.0280577026013106,-0.022828928769648,0.8675476204922041,0.4944099153826942,-0.0285632412730074,171.4307861328125,0.0124239671933517,0.0443029614905376,,135.207275390625,0.0301415677595855,0.0674343022620571,,49.83204650878906,-0.0187382249949615,-0.0058576988089094,,53.20783233642578,0.0035516863027249,0.0518012401470791,
2026-06-17,150.04824829101562,739.0560302734375,18.440000534057617,85.34022521972656,78.5482177734375,28.18000030517578,151.38236078693367,151.90008175243497,149.31149211671723,10991400.0,-0.0145809237056855,-0.0201546837526458,-0.0140007303577971,0.0214164230385469,0.0243321492329042,0.0083477045554586,0.0130675657772418,,,0.2736268829663963,,-0.014245716123442,-0.0147097343258976,,,,,-0.0028199330215529,0.0012020419253893,0.0006678848175315,-0.0002426095452792,0.0005210601350239,-0.0553709462426988,-0.014245716123442,-0.0147097343258976,0.0172517151329698,-0.0088128662347641,49.57089397797103,1.551376467460898,1.5415665112137134,0.0098099562471845,,,0.0347121813105822,0.0896046982475518,-0.0078626957881369,-1.7466983722432436,,-0.0124878708850514,0.0214080181501259,-0.0003912185752792,,18.440000534057617,0.1237051008849121,-0.1701169620210136,0.0586141785730642,0.5086058736339121,0.5898821490905588,0.0429864375431796,0.0016243456277971,0.0170830864287223,0.0328872087139273,,0.0170830864287223,0.0006276597543748,0.0032718122195145,0.0114859902302126,0.004634619310202,0.004634619310202,,,0.203026891256811,,1.7582359069792055,,0.0397229218341912,0.0093482246307208,-0.0346666051947114,-0.0305617281432374,0.9412206508567168,0.6190436250806483,-0.035408748507923,173.43067932128906,0.0454071521744208,0.0330795888133541,,139.2532958984375,0.0818004149580733,0.0583098175381484,,48.324405670166016,-0.0250765884911357,-0.047677924501508,,52.30989074707031,-0.0068492783596844,0.0383474669960448,
2026-06-18,148.74398803710938,746.739990234375,16.399999618530273,85.75540924072266,78.82405853271484,28.299999237060547,150.6057873166077,150.6057873166077,148.13666590059287,10879300.0,-0.0086922724441051,-0.0228269343330055,-0.0304368336860749,-0.0176223768894578,0.0084373641575059,0.0058800126176075,0.0087418100795457,,,-0.0101988827628873,,-0.0167818962297287,-0.0215598214332315,,,,,-0.0061819305852576,0.000420098427911,0.0003563002764676,-0.0003287235225869,0.0005010901826961,-0.0635819193365745,-0.0167818962297287,-0.0215598214332315,0.0165998064768762,-0.0123620699620552,49.82240137600054,1.2426051338935622,1.481774235749683,-0.2391691018561208,,,0.0481158816614544,0.1512191889612071,-0.0010832943331033,-1.4782742029842324,,0.0103969924419595,0.0147795361799543,0.0080027485168843,,16.399999618530273,-0.1106291136900772,-0.1563786436220235,-0.057525457900272,-0.4967084191944153,-0.6355482302771979,0.012345607788387,0.0048650448241391,0.0089555414028175,0.0340918761360271,,0.0089555414028175,0.0022548638326689,0.0008756525010975,0.0165229555298653,0.0125223064245914,0.0125223064245914,,,0.1991911374539134,,1.7345143513871233,,-0.0065656595664107,-0.0317777989802687,-0.0445578258665346,-0.0390427263367053,0.6102936050850646,0.4821739781652848,-0.0452163698660292,173.6306610107422,0.0186193594323762,0.0272354555172973,,140.58200073242188,0.0601174724573965,0.0597982178533074,,48.99335861206055,-0.0105856953290359,-0.0276176171106028,,52.17021179199219,-0.0126777072241446,0.0425886793724361,
2026-06-22,150.05999755859375,744.3900146484375,17.280000686645508,85.10297393798828,78.75509643554688,28.36000061035156,149.3300018310547,150.6199951171875,149.05999755859375,11706100.0,0.0088474804182072,-0.0145037621757386,-0.0200779586663027,-0.0149545761547925,0.0055494558416728,0.008967711257746,0.0090518731016562,,,0.0759975366062155,,-0.0040345467828597,-0.0114216351565521,,,,,-0.0040564520282508,0.0002767057171705,0.0005601911681891,-0.0002424912326898,0.0005261794035824,-0.0552969787046497,-0.0040345467828597,-0.0114216351565521,0.010395825562936,0.0048884733046809,57.42663339486878,1.0915103456741235,1.4037214577345711,-0.3122111120604476,,,0.0407448638825848,0.4009802365646341,0.0136820678101201,0.98659280805593,,-0.0031469796939627,0.0061445663461701,0.0008955144998339,,17.280000686645508,0.0536586029624615,-0.0226244124222766,-0.0086058190941223,-0.0746707060837486,0.3578022733383715,0.0530165050166406,-0.0076080950287688,0.0037308937021034,0.0206496733717402,,0.0037308937021034,0.0064207585808033,0.0,0.0121341951118236,0.0146690460186231,0.0146690460186231,,,0.2015878700756947,,1.7632756014841209,,-0.0265138363116885,-0.0267399388552878,-0.0260623829711671,-0.0237203542481303,0.7886945449039375,0.7248991317585781,-0.0262225250124729,176.990478515625,0.0372957020979771,0.0487877984797195,,145.86000061035156,0.0912863141594768,0.1089410821892509,,48.26449966430664,-0.0253049040018951,-0.0426517057330277,,52.74888229370117,-0.0104995309680919,0.0445812444684299,
2026-06-23,152.17999267578125,733.5800170898438,19.489999771118164,85.21170806884766,78.6861343383789,28.450000762939453,151.49000549316406,152.42999267578125,151.0,9479900.0,0.0141276499512117,0.0142070594561767,-0.0002541148817793,0.0013177521648033,,0.0118967869567307,0.0102887873338464,,,-0.1901743535421702,-0.1603764352023864,0.0100879685702857,0.0024123989684303,0.0115849841349588,,,,-5.08294348873565e-05,,0.0010800575168632,-0.0001186293251646,0.0005792524157251,-0.0419505451119369,0.0100879685702857,0.0024123989684303,0.0093967193100596,0.0045546713155827,66.05465186175164,1.129808793361292,1.3489389248599153,-0.2191301314986233,0.0640742232278539,0.6808056898912618,0.0404892988489953,0.7491514759963801,0.0093919634658194,1.1875180092807227,-0.01820700442217,-0.0145219540104916,-0.0256483071911342,,,19.489999771118164,0.1278934604545825,0.2030863489651928,0.1089615741313994,0.9344903049897878,1.4022282231440475,0.0569413886469938,0.0012776772165283,0.0055995145982907,,,0.0055995145982907,0.0041488915907956,-0.0021238450002418,0.0149839481271953,0.0171612964379224,0.0171612964379224,0.3823614362449548,2.191669133333309,0.2074483889017158,0.0269405725116809,1.785904732162227,0.0040363149793387,0.0064233252944516,-0.0170357416032473,0.0260626552986718,-0.0058210345123411,0.8235502954753064,1.2078462297525032,0.0253941923093548,178.08042907714844,0.0343846868212522,,,147.02999877929688,0.0789906861370626,,,49.04327774047852,-0.0106747755561491,,,53.13798904418945,-0.0052297937061943,,
2026-06-24,153.35000610351562,733.239990234375,18.6299991607666,86.37818145751953,78.66642761230469,28.530000686645508,153.1300048828125,154.6699981689453,152.4600067138672,10070100.0,0.0076883525039135,0.0309660788794845,0.0071028691462708,-0.0035174535599455,0.0371444175117976,0.0123916790216388,0.0097353965695274,0.0114481686885047,1.0824157362099172,0.0622580406966317,-0.1216383593379295,0.0163946038440674,0.0104795943911102,0.0175050741757336,,,,0.00141555251737,0.0018235592134109,0.0011426822812739,-7.566256480232619e-06,0.0006193600815473,-0.0345847231865753,0.0163946038440674,0.0104795943911102,0.0144114207180814,0.0014366957074904,66.09711723215278,1.240273790276092,1.3272058979431507,-0.0869321076670588,0.0640512458326451,0.7732979499176564,0.0490961881091145,0.8339282432198406,-0.0026336737892479,0.6204447250484038,-0.005583351909761,-0.0004635170636431,-0.0202591491734749,-0.0205985341511667,,18.6299991607666,-0.0441252242406887,0.1352833232173729,0.0551653328324708,0.4733352838245832,0.4801277921204236,0.135975585006518,0.0136891210739422,0.013806669201386,0.0308307950493582,,0.013806669201386,0.0028886517585819,-0.0022491319848475,0.018564814477491,0.0214822905447136,0.0214822905447136,0.2489963888111983,2.1161069838462634,0.2091402653236335,0.032340674986117,1.7753326536393057,-0.0022104347831112,-0.0009134808158014,-0.0292904758083268,0.027927812029745,-0.0066125034079683,0.7811608204189584,1.2341591724040304,0.0273620183197458,181.52023315429688,0.0588543472796525,0.0716298090136602,,149.7100067138672,0.1072629507646139,0.1237866891101882,,49.54249954223633,-0.0058104570620366,-0.0134000695703012,,53.37744140625,0.0031876711073626,0.0754983852047275,
2026-06-25,155.6300048828125,734.2999877929688,18.88999938964844,86.3485336303711,78.69598388671875,28.479999542236328,153.9499969482422,157.2100067138672,153.58999633789062,9419200.0,0.0148679405839593,0.0371185353514604,0.0371997451177914,0.0226781911592213,0.0505839084864112,0.0095153273077595,0.0099930750321833,0.0118104004661354,0.8056734849398102,-0.0646368953635018,-0.1761014128611696,0.0239301274972392,0.0231765555501974,0.0300725386681632,,,,0.0073049057883371,0.0024673056460836,0.0010684335452511,7.728771830479586e-05,0.0006663836570063,-0.0202309862120666,0.0239301274972392,0.0231765555501974,0.0232603627989498,0.0109126857283091,61.84904741573688,1.494566510534696,1.36067802046146,0.1338884900732362,0.0680175176258943,0.9421293178261266,0.0713439438778979,0.8354191848181902,0.0024950954668058,1.562525233294875,0.0063068913254353,0.0014456352254532,-0.0064352935172034,-0.0190127285337781,,18.88999938964844,0.0139559978848189,0.0244034079478305,0.062071259761147,0.538797564804865,0.5948669250969356,0.0931712175363039,-0.0003432328239396,0.0118151599441931,0.0280607923277005,,0.0118151599441931,0.0051591825565975,0.0018812153537011,0.0153297795676106,0.0106458209301525,0.0106458209301525,0.3726438706835333,1.6742121455978765,0.2119433575786622,0.0425643338292802,1.802346818638658,0.011873595027795,0.0077285802452908,-0.0062403013088624,0.0439176616784853,0.0250881644973559,0.8924718383100496,1.0584344848548266,0.0436350386349948,183.66012573242188,0.0589829115077285,0.0813268741892643,,151.58999633789062,0.088591802153471,0.1285891082641479,,50.07167434692383,0.0361570649970046,0.0214733711256489,,54.32526397705078,0.0385275748275835,0.0804904187466546,
2026-06-26,160.33999633789062,728.989990234375,18.40999984741211,86.3584213256836,78.64672088623047,28.459999084472656,156.32000732421875,160.63999938964844,156.17999267578125,16563800.0,0.0302640320459071,0.0536207389593861,0.0779595091795455,0.0451498348783248,0.067385500050535,0.0090132713957712,0.0133263884891506,0.0131257366161411,0.6866868483404185,0.7585145235264141,0.4107903255273599,0.0390636946267688,0.0493633821018388,0.0577034887985665,,,,0.0150139821446871,0.0032606100231032,0.0014385140522276,0.0003509709651343,0.0008611250222715,0.0,0.0390636946267688,0.0493633821018388,0.0278159337391304,0.0257164075314693,68.53822719048868,2.052492415865657,1.4990408995422997,0.553451516323358,0.0867060848339405,1.1655067970036974,0.1017434026017098,0.8839432693212521,0.0123904523927784,3.3577185640263214,0.015650939408495,-0.0072313736168696,-0.0237699871871451,-0.0314496978777363,,18.40999984741211,-0.0254102465720228,0.1225609924167769,0.0273724087594533,0.2458704165107176,-0.1600917118869518,-0.0554130290604971,0.0001145091282594,0.0070317673287318,0.0229021244124434,,0.0070317673287318,-0.0013761083945227,-0.0022497908606262,0.0182468088591052,0.0056537050079696,0.0056537050079696,0.0916224465192111,1.4360389823065964,0.2199481453597741,0.0765478643156141,1.8566804936509929,0.0401184101618452,0.0550054429393858,0.0286398747959781,0.1042064831356424,0.0704324770597435,1.327334746117347,1.420813270890909,0.1017294963666907,187.3499298095703,0.0790140907082035,0.0879374452350301,,155.3800048828125,0.1052624381022755,0.1437056052444987,,50.950294494628906,0.0399428807905124,0.0356062298360631,,55.48260498046875,0.0634920402792957,0.0998023605576492,
2026-06-29,160.74000549316406,741.0,17.649999618530273,86.44738006591797,78.82405853271484,28.3700008392334,160.6999969482422,161.08999633789062,159.8800048828125,12935000.0,0.0024947559212267,0.0481904081872679,0.0711715854213586,0.0496646466047505,0.080142595031055,0.0104574588146251,0.0131679111705422,0.0127857553958654,0.8178991129540732,-0.2190801627645829,0.1029391388206864,0.0274340634868537,0.0467710623254782,0.0561875035793597,,,,0.0137505978221485,0.0038546532428387,0.001584158374469,0.0002093904756785,0.0007873147106498,0.0,0.0274340634868537,0.0467710623254782,0.0075276310422272,0.0002489641921695,70.25630784603182,2.498133186948877,1.6988593570236152,0.7992738299252617,0.0998102448375161,1.0629432496717033,0.1007015541034976,0.772429395266909,-0.0135687134745292,0.2385623244506951,0.0081741620762336,0.0164748623801593,-0.0045540839905523,-0.0179396747536061,,17.649999618530273,-0.0412819247789765,0.0214119743739773,-0.0214016604497792,-0.2030534822071051,-1.431206122198068,-0.0526033057639709,0.0010301107740133,0.0157974047876319,0.02371696021909,,0.0157974047876319,0.0008756525010975,0.0008756525010975,0.0150268359509617,0.0003526173718835,0.0003526173718835,1.0386098135600412,1.008439897909661,0.2169230843362538,0.056647899436145,1.85939707334793,0.0388139298111578,0.0480271047938813,0.0294995941373423,0.0760721081819095,0.0545130164467229,1.1614256526008722,0.9057437627337874,0.0757256694119109,189.77978515625,0.072259856845892,0.1024317586369685,,158.30999755859375,0.0853557993702531,0.159304980450494,,50.590858459472656,0.0482002053547949,0.0364915709626145,,55.203250885009766,0.0465293004246589,0.1021043495770692,
2026-06-30,158.66000366210938,746.77001953125,16.450000762939453,85.42918395996094,78.78465270996094,28.40999984741211,161.00999450683594,161.25,157.9600067138672,11559400.0,-0.0129401627471211,0.0194692455454101,0.0425812281390614,0.0423162927335272,0.0779203505924914,0.0158951481262109,0.0139685144267515,0.0129175184722777,1.2305108701653906,-0.1063471202164669,-0.0100354727154697,0.0058068791654328,0.02890968342109,0.0386067245805517,,,,0.0083399176671254,0.0037516791739621,0.0014273595387264,1.8500941712144343e-05,0.0007801421094195,-0.0129401627471211,0.0058068791654328,0.02890968342109,0.0207361225904126,-0.0145953103838332,60.94137845803099,2.652887112961878,1.889664908211268,0.7632222047506099,0.1012904335780255,0.8811487740430335,0.080518144668167,0.5721188893430712,-0.0194299112622579,-0.8140950829950374,0.004678956451136,0.007786800986842,0.0179803186211802,-0.0129803329852635,,16.450000762939453,-0.0679886051856325,-0.1559773752631656,-0.0889454627431278,-0.8538083004389921,-1.5794877433379262,-0.1291688038934551,-0.0117782182083555,0.0025521832156862,0.0111149398010743,,0.0025521832156862,-0.0008744618063953,0.0012520423377053,0.0157311599878207,-0.0014060075379488,-0.0014060075379488,0.7729275042391892,1.06293580876127,0.2124616675984137,0.0304195693952884,1.857210806748082,0.0342670183610576,0.0508588857178107,0.0338736917449336,0.024166390123536,0.0399271435377874,1.396009880212091,1.7722547988273505,0.0246009095178811,190.1797790527344,0.0679431762282212,0.1230841706108865,,158.25,0.076310965883535,0.1854913599529601,,49.33282852172852,0.0059039851043849,0.0132006781045226,,55.203250885009766,0.0388660142765817,0.0955636835714441,
2026-07-01,159.5399932861328,745.760009765625,16.59000015258789,84.85173034667969,78.77375793457031,28.489999771118164,159.61000061035156,159.9600067138672,158.5,10123700.0,0.0055463860060001,-0.0049894166772458,0.0403650925089547,0.0477546696253938,0.0945601612672577,0.0159504171369525,0.0139034053713086,0.0125179241597905,1.2742061430585645,-0.1242019481980033,-0.1258769335710677,0.0035097844481783,0.0297604902755337,0.0396770501957775,,,,0.0079143404077709,0.0045176301682888,0.0014865331874113,0.0001453633111886,0.0008507011144783,-0.007465547878697,0.0035097844481783,0.0297604902755337,0.0091513524840676,-0.0004386148985091,67.5603248386545,2.814099337105404,2.0745517939900955,0.7395475431153082,0.0985696405664915,0.9025281006174788,0.0512328179095887,0.5685065665209379,0.0072095248984153,0.3477266839262809,-0.0065479468891456,-0.0013525044380584,0.0170749273061989,-0.0156519668339587,,16.59000015258789,0.0085106007997182,-0.1095007568478477,-0.0832734636620073,-0.820379644687161,-0.9333655511440996,-0.0988592998320994,-0.0067594419905953,-0.0176717208568525,0.0021698373505061,,-0.0176717208568525,-0.0008878279895442,0.0013643726494685,0.0200501059729172,-0.0014020650040176,-0.0014020650040176,0.6917451176438976,1.2686261900724047,0.2139294024846847,0.0321465048357347,1.880220858600036,0.0424743127911135,0.0514664992158393,0.0520776981913657,0.0228991636480917,0.0590808740805375,1.412197635857889,1.7570817021146925,0.0232901652027557,190.1097717285156,0.0473200062877696,0.1575256240856837,,156.5500030517578,0.0456883042625437,0.2265472325651638,,49.90193557739258,0.0072551049801155,0.0387130543627203,,56.9592170715332,0.0671027979408509,0.1442202479126999,
2026-07-02,163.74000549316406,744.780029296875,16.149999618530273,84.84181213378906,78.89252471923828,28.34000015258789,160.6699981689453,163.85000610351562,160.3800048828125,14719400.0,0.0263257639700322,0.0186636798399735,0.0521107778442742,0.0912490306157627,0.114619681495834,0.0178815844723276,0.0135942272966875,0.0134194719547324,1.3325101911712292,0.4539545818228514,0.2446937691743083,0.019526317040589,0.0476115313460667,0.0612250549081596,,,,0.0101596821809956,0.0054256626948921,0.0015707918757872,0.0004047041239561,0.0009806271399586,0.0,0.019526317040589,0.0476115313460667,0.0211921406149457,0.0191075331997615,71.58117286903281,3.2433794114299985,2.3083173174780764,0.935062093951922,0.106469993437289,1.0750451646662424,0.047962538104715,0.9071160078717676,0.0201045373567077,1.472227617107685,0.008263103383722,-0.0013140694806872,0.0142721526326117,-0.0099984471487818,,16.149999618530273,-0.026522033153145,-0.1450502837294776,-0.1078087678977256,-1.065343131073096,-0.9498454968072216,-0.0849858375308512,-0.0001168887522988,-0.0174493003324387,0.006046291178954,,-0.0174493003324387,0.0043833832970454,0.002497469665065,0.0056777801873453,-0.0049157089852061,-0.0049157089852061,1.1960539585604382,0.5756130973408133,0.219850155820835,0.0544599208458207,1.9299446979628223,0.0644956346301823,0.0828622477538905,0.0976596998741918,0.0373061856361232,0.070795408522174,1.5277752526342578,1.9208614593626163,0.0378386252116624,195.68946838378903,0.0654978461078317,0.1685223897228893,,160.4600067138672,0.0585131643924941,0.2371371480301334,,51.79896926879883,0.0344964482295391,0.0706461618327438,,57.3682746887207,0.0560146511751036,0.1508244996634475,
2026-07-06,161.9600067138672,751.280029296875,15.56999969482422,84.78227996826172,79.05089569091797,28.31999969482422,163.1999969482422,163.4499969482422,160.25,16123400.0,-0.0108708850591261,0.0207992119979125,0.010103594941855,0.0888507754240166,0.0696626366831161,0.01575889256359,0.0139201992777436,0.0125029265485108,1.260416210719138,0.0953843227305459,0.3515797238731526,0.0064128291247769,0.0275346114677863,0.04611289070293,,,,0.0020105789685327,0.0033671652969532,0.001426521915704,0.0003099106164438,0.0009161246197843,-0.0108708850591261,0.0064128291247769,0.0275346114677863,0.0197579452679054,-0.0075979795193761,67.35486403086057,3.4007541606414406,2.5268046861107494,0.8739494745306913,0.1132990401393925,0.9070016007743492,0.0498328895429127,0.6286866802948416,-0.017803955725097,-0.6898254001945089,-0.0008637309926313,0.0087274090930398,0.0305766051126896,-0.0051176463789359,,15.56999969482422,-0.0359133088177024,-0.154263996530511,-0.1402540219752891,-1.3964036173166332,-1.1978042134403,-0.0534955031794166,-0.0007016842760674,-0.0182511599126826,0.0031063794832539,,-0.0182511599126826,0.0028777655252167,0.0051391183272875,0.0007067299753662,-0.0049191635331014,-0.0049191635331014,1.7514681994676735,0.4141644800591521,0.2155787461373703,0.0302495112584733,1.910304921906995,0.050220303192183,0.082270772148427,0.1013485823160176,-0.0198655879332676,0.02888188271454,1.59784787961136,2.087827556334702,-0.0204730101708345,195.29949951171875,0.0424316662954114,0.1394591410826222,,160.80999755859375,0.0349465343361041,0.2064747405852021,,52.02861022949219,0.0211640726625623,0.0464969942053985,,56.73971939086914,0.0226578115941551,0.1035702340367881,
2026-07-07,164.44000244140625,747.7100219726562,16.1299991607666,83.88932037353516,78.94202423095703,28.399999618530277,164.75,165.61000061035156,163.8800048828125,12143500.0,0.0153123958059624,0.0307133594175683,0.0230185194836236,0.0958283694306842,0.079440720627451,0.0168421909502453,0.0140803597912444,0.0127724759096358,1.3186315441713046,-0.2468399965267871,0.055926680332947,0.0171462508492863,0.0338367178928156,0.0579963730671606,,,,0.0045515179835353,0.0038221527866985,0.0019067854792427,0.0004705034230401,0.0009822769076367,0.0,0.0171462508492863,0.0338367178928156,0.0105205284715043,-0.0018816240278831,72.64024061034523,3.683132849421156,2.758070318772831,0.9250625306483252,0.124468158701813,0.9659534910137284,0.0626405907281155,0.7737242840462285,0.0050746093334396,0.909168821445438,0.0030972330495761,-0.0047518996712316,0.0090553602869853,0.0163870840775484,,16.1299991607666,0.0359665688451193,-0.0861190079668819,-0.0959027423035686,-1.017020322322795,-0.1222694247094265,-0.0277276062441466,-0.0105323847749888,-0.0295909452713574,-0.0023245284525403,,-0.0295909452713574,0.0023735326838578,0.0014965697077526,0.0014104022326471,0.0010574119989235,0.0010574119989235,1.1724524702865793,0.7037253892477183,0.2199248339718252,0.047803025966542,1.9602018672842016,0.0732713930937145,0.0909626352480688,0.1116820680977672,0.0138378524570417,0.0542136993658746,1.5993743963163694,2.784003401955246,0.0139631591966382,198.21934509277344,0.0444702786947248,0.1770236661390651,,163.8699951171875,0.0351209503148144,0.2748182715915144,,52.16839218139648,0.0311821892326171,0.0449084362434695,,57.37825012207031,0.0393998397230472,0.1084678972885384,
2026-07-08,162.3000030517578,745.4000244140625,16.899999618530273,83.7008056640625,78.84304809570312,28.36000061035156,163.4199981689453,163.99000549316406,162.25999450683594,9287900.0,-0.0130138613346892,-0.0087944448094352,0.0229421360496144,0.0665002685178017,0.0679056515554044,0.0168614820682615,0.0155786437227024,0.0132605903096185,1.2715482797536444,-0.235154609461852,-0.1876054263433672,-0.0005911422954316,0.0139314066777787,0.0407723891421216,,,,0.0045365844736776,0.0032849697697713,0.001613958127794,0.0003020085552508,0.0009233316749167,-0.0130138613346893,-0.0005911422954316,0.0139314066777787,0.0106593404423807,-0.0068534765006522,67.24788660413188,3.6916844879014254,2.9447931525985505,0.7468913353028759,0.1281821026650826,0.8180817625425668,0.0466374655362227,0.4873247336956478,-0.0100823797315442,-0.7718100052056126,-0.0117295184209909,-0.0030894297130047,-0.0018345609509704,0.0109580441079983,,16.899999618530273,0.0477371666352322,0.0273555522626256,-0.0473506395224936,-0.5015533238719119,1.2495387616442546,0.0464396295798954,-0.0022471836538101,-0.0202317078986554,0.000609349506405,,-0.0202317078986554,0.0019941729078902,0.0007412025532074,-0.0031634499182555,-0.0017599168366451,-0.0017599168366451,0.5793804569370463,0.4511361286931409,0.2177354410195212,0.0345105277107633,1.939049472273388,0.0581500448472149,0.0495884888394055,0.085751909020223,0.0248222349034545,0.0440653614699793,2.150844054322325,3.1977487993679663,0.0247766970005849,196.32943725585935,0.0323360255951279,0.176417461123074,,162.97000122070312,0.0298262320423579,0.2701859801006929,,51.179935455322266,0.0374417398909165,0.029633287747556,,56.83949279785156,0.0296403180358009,0.0927989295652591,
2026-07-09,162.1699981689453,751.7100219726562,15.84000015258789,83.82978820800781,78.93212127685547,28.36000061035156,161.8000030517578,163.4199981689453,161.36000061035156,9576400.0,-0.0008010158987553,0.0012965636352999,0.0164849253697512,0.057515433416259,0.0537956719902916,0.0170162930239991,0.0157412358736208,0.0131084028851452,1.298120898096712,0.0310619192713099,-0.149164526191684,-0.0046157363046934,0.0075674499294207,0.0371855938400074,,,,0.0032701048079999,0.0026199285867108,0.0015040172727017,0.0003429763403001,0.0009206052651278,-0.0138044529236114,-0.0046157363046934,0.0075674499294207,0.0127027044573786,0.0022867435736026,72.45576891004531,3.645943251182701,3.0850231723153803,0.5609200788673201,0.1319735963236099,0.7817654051710876,0.0270382472002626,0.3292886269399669,-0.0012332037771886,-0.0470734636828466,-0.0195186454339015,0.0084652500025792,0.0079784543675132,0.0225176065648926,,15.84000015258789,-0.0627218633058506,-0.0452079561845577,-0.0968440734357013,-1.0311140265811245,-0.5587211181192818,0.0173410702026812,0.0015409952499501,-0.0120438573791779,-0.0037353561336611,,-0.0120438573791779,0.0033774721010622,0.0020103565760654,-0.0059586425587967,-0.0045629751425406,-0.0045629751425406,1.0200218371834,0.3821918313936156,0.2157347826005761,0.0234481006230102,1.9345151841079573,0.0526422770808736,0.0315315526005379,0.0896634949750623,0.0084391397111514,0.0288765680157105,2.098020505802928,2.6197476215729534,0.008506471002238,197.3293914794922,0.0379760581759387,0.1653741423710277,,164.27999877929688,0.0493771675301941,0.2516460745557027,,51.19990539550781,0.0260104102796217,0.0081968044323632,,57.19866943359375,0.0042039264998994,0.0788227718319993,
2026-07-10,160.83999633789062,754.9500122070312,15.029999732971191,83.80994415283203,78.89252471923828,28.38999938964844,162.47999572753906,162.66000366210938,160.24000549316406,9497100.0,-0.0082012816554953,-0.0218925203725801,-0.0177110605715382,0.033476780129906,0.0569141641083086,0.0114905960455145,0.0159405469371872,0.0129613884259348,0.8865250219642794,-0.0082807735683555,-0.1478244718151093,-0.0092521035373429,-0.0039201894832903,0.0258380923964725,,,,-0.0035739556471931,0.0027676748251466,0.0014858938286899,0.0003393767723525,0.0008680979669792,-0.0218925203725802,-0.0092521035373429,-0.0039201894832903,0.0150459974138609,-0.0100935464843225,72.38673114482621,3.462459876903779,3.16051051323306,0.3019493636707189,0.1314671754089832,0.6965364534233911,0.0322080974042046,0.2127398299492481,-0.0009037748646353,-0.7137385135872341,-0.0265427327983359,0.0043101596888019,0.0136550155886394,0.0433742019336469,,15.029999732971191,-0.0511363896347162,-0.0693498397531855,-0.125094605155863,-1.6221421506715954,-1.2463887417360031,-0.0681958763191362,-0.0002367184219354,-0.0121622576770267,-0.0011547725248155,,-0.0121622576770267,0.002497469665065,0.0,-0.0031601177680645,0.0017642638246768,0.0017642638246768,0.8041326492453013,0.4614951754551425,0.2130472133746826,0.0100443461425179,1.9191039674789672,0.0412693926883021,0.0052082585112895,0.0647806224822467,-0.0309435416170296,-0.0056171197523423,2.121963978953369,1.8100279841065317,-0.0313660761601777,192.04966735839844,-0.0185998820245767,0.1576388711322029,,159.02999877929688,-0.008911927425756,0.2354373198872028,,51.25981140136719,-0.0104086601537147,0.0341439177921334,,56.84946823120117,-0.0090434383870626,0.079338717637214,
2026-07-13,161.41000366210938,749.1699829101562,17.15999984741211,83.31385040283203,78.70448303222656,28.5,160.97000122070312,162.24000549316406,160.32000732421875,6873000.0,0.0035439401715806,-0.0054836683482045,-0.0033959189241669,0.0066733650284229,0.0521245012358637,0.0109806114947353,0.0128861600394132,0.0129039077595694,0.8509523508984973,-0.2763053984900654,-0.3729440836366506,-0.0050667998089246,-0.0010520990655951,0.0268550014863342,,,,-0.0006803396288776,0.0025405727247711,0.0016762053432848,0.0003870703515986,0.0009059085325582,-0.018426165983405,-0.0050667998089246,-0.0010520990655951,0.0118951621670523,0.0027334437352893,71.60258405977584,3.324717534008613,3.1933519173881706,0.1313656166204424,0.132008817243367,0.7034333921561113,0.0337551463955445,0.3498954870599088,0.0053718296209821,0.3227452178355076,-0.0317720240749316,-0.0076561748505409,-0.0028086017256355,0.0180817657012042,,17.15999984741211,0.1417165769982253,0.1021194723026512,0.0055669460135137,0.0782920023005626,1.1106386258576275,0.0153846292751838,-0.0059192707382711,-0.0173200056188557,-0.0197706269049533,,-0.0173200056188557,0.0007344507863162,-0.0043821471681465,0.0014055135915014,0.0063559430478623,0.0063559430478623,-0.7689280024537201,0.9511183185552504,0.2154517764247721,0.0197590846769906,1.9373729923857013,0.0474199728024939,-0.0204428590550155,0.0434606271841819,-0.0005889713845784,0.0141695025586205,1.7008872958513457,1.6391794914077034,-0.0005873171985313,189.5398101806641,-0.0294915724077884,0.1119517653694666,,155.33999633789062,-0.0340153056635054,0.1714063210887753,,51.25981140136719,-0.0147764628871291,0.0351850147044945,,57.35829925537109,0.0109020606929808,0.085506950907743,
2026-07-14,158.2899932861328,751.8300170898438,16.5,83.4229965209961,78.86283874511719,28.38999938964844,159.77999877929688,160.0800018310547,157.77999877929688,11523000.0,-0.0193297212390125,-0.0239255406463678,-0.0373997145704545,-0.0152420811453527,0.0336655728857928,0.0091878117134329,0.0143238128884222,0.0137851087431982,0.6665026165617813,0.6765604539502401,0.0398557214850723,-0.0168445462400488,-0.0188738172913446,0.0053575299252932,,,,-0.0076234051187604,0.0016555646646681,0.001103769628958,7.24386800835748e-05,0.0008918580344715,-0.0373997145704545,-0.0168445462400488,-0.0188738172913446,0.0145303123969448,-0.0093253567689795,61.20277377237407,2.930021508482838,3.1406858356071043,-0.2106643271242663,0.129642014384772,0.5413255683407723,0.0404375229014616,0.0834426782002513,-0.0113545410235565,-2.103843628718262,-0.0451667268433541,0.0035506416973014,0.0055101509891735,0.0162007437299551,,16.5,-0.0384615299114727,0.0229386769054125,-0.0297541986309749,-0.4179701053998537,0.2486391010874148,0.0416666566322148,0.0013100597035946,-0.0055587987894365,-0.0160832814803716,,-0.0055587987894365,0.0004919844667252,-0.0010030840558151,0.0007049189222223,-0.0003521207400055,-0.0003521207400055,0.5175183451844089,0.2556848637331966,0.2105396029528535,-0.0043290285106644,1.8974383549779827,0.0233036251542404,-0.0294273954426406,0.0204589337992004,-0.0426747214012859,-0.0320189024170127,2.431196607271074,1.431502142081571,-0.042909865559628,188.65985107421875,-0.0482268469511919,0.1056868952442273,,155.4499969482422,-0.0513821835591314,0.1630361545035528,,49.14312362670898,-0.0579904503126765,-0.0075612109493113,,56.88937759399414,-0.0085201714418985,0.0671707790652551,
2026-07-15,158.2899932861328,754.8099975585938,15.670000076293944,83.58174133300781,78.99150085449219,28.25,157.3800048828125,159.35000610351562,157.25,10885300.0,0.0,-0.0158542844430361,-0.0247073918066791,-0.0023320961013246,0.0398855109708962,0.0090995949639193,0.0137424452996785,0.0136730509934564,0.6655130813716065,-0.0553414909311811,-0.0236825571367644,-0.0119226198407885,-0.0186487513458858,0.0034228720810873,,,,-0.0050035484082139,0.0019555310744254,0.0012590614843706,7.085869142753542e-05,0.0008410475866268,-0.0373997145704545,-0.0119226198407885,-0.0186487513458858,0.0132668279271422,0.0057821093854832,59.46356923246015,2.5873961721480327,3.03002790291529,-0.4426317307672573,0.125615695594179,0.5272487611113936,0.0451010717442482,0.2356466403193835,0.005284761481012,0.0,-0.0495530807380429,0.003963635929681,0.0126240580041947,0.0025496629363594,,15.670000076293944,-0.0503030256791547,-0.0727810396449758,-0.0771224004669367,-1.06054299031389,-0.4534673214623403,0.0425815272583665,0.0019028903136051,-0.0014224992233953,-0.0136360317311829,,-0.0014224992233953,0.0026254878001779,0.0018828896443585,-0.0056318144410931,-0.0038787238358313,-0.0038787238358313,1.4538943461253886,-0.8501473936589693,0.2097083952227927,-0.0100224437056909,1.8938345954706917,0.0186825804036632,-0.0129589135148139,0.0197197801076423,-0.036866050649094,-0.023318062509094,2.4760267067848933,1.5100523091051767,-0.0373314498108738,189.8897857666016,-0.032800234031464,0.1029796345315838,,156.22000122070312,-0.041418665701909,0.1464322091063905,,49.78212356567383,-0.0273117165391633,0.0042295873966853,,56.39052200317383,-0.0078989233115518,0.0556592790792969,
2026-07-16,161.8000030517578,750.719970703125,16.729999542236328,83.55197143554688,78.98160552978516,28.34000015258789,160.35000610351562,162.63999938964844,159.94000244140625,11819000.0,0.0221745524954324,0.0024162033380834,-0.0022815263079798,0.014165788270855,0.0625969404351067,0.0153664601943499,0.0154126264431058,0.0143828150722606,1.0683902315893743,0.0857762303289757,0.045115770513127,0.010454299418257,0.0017087398869688,0.0225840072884626,,,,-0.0004568265909273,0.0030357927855533,0.0017950508911211,0.0002963806054304,0.0009359712404656,-0.0160544840090788,0.010454299418257,0.0017087398869688,0.0166872490563457,0.0090426996760207,61.28794523591914,2.5694723010848577,2.937916782549204,-0.3684444814643464,0.1227705966667162,0.6839528999746675,0.0427276516544958,0.7446729228835834,0.0213691513827379,1.4430487419956994,-0.0315554330472977,-0.005418617756386,-0.0013170654116505,0.0030972568668039,,16.729999542236328,0.0676451474653139,0.0561868296133212,-0.0156218004434721,-0.2160230910012542,0.5971395485922878,-0.0250582930652315,-0.0003561770428104,-0.003314057907096,-0.0193640982365552,,-0.003314057907096,0.0026385385268465,0.00062692161479,-0.0052649919177021,-0.0007052347437669,-0.0007052347437669,1.2638630051276412,-0.5073907666496994,0.2155264404385243,0.0145529798264369,1.9365192738339216,0.0374746374114929,0.0074652569272424,0.029942447971673,-0.000965732829636,0.0010359648466076,2.617925530261298,2.649382371683795,-0.0009644608963292,189.4998016357422,-0.0396777681471931,0.1054012287438912,,152.0,-0.0747504192265945,0.1241998595183537,,52.11846923828125,0.0179407332040506,0.0458825773709479,,56.2807731628418,-0.0160475108921477,0.057753542880421,
2026-07-17,161.08999633789062,743.2899780273438,18.770000457763672,83.85955047607422,78.83314514160156,28.32999992370605,161.80999755859375,164.0,160.8800048828125,9166500.0,-0.004388174910232,0.0176890717702944,0.0015543397518786,-0.0161842498251538,0.0735879836828201,0.0149696694623475,0.0127489355787582,0.0138942003760497,1.0774040952185735,-0.2244267704543531,-0.1828429559039184,0.0057062133211434,-0.0010480239632035,0.0145567185765895,,,,0.0003106266032272,0.0035503147313417,0.0016692964714402,0.0002269874463061,0.0007950971903445,-0.0203722090353854,0.0057062133211434,-0.0010480239632035,0.0193680252536801,-0.0044496707964067,51.6073692017701,2.469508934318497,2.844235212903063,-0.3747262785845655,0.1131550534167454,0.6286439989823324,0.0434507372446751,0.6313260414664802,-0.0102845321669968,-0.293137709428499,-0.0224246580215477,-0.0098971560178722,-0.0154447764635441,0.0057288589504367,,18.770000457763672,0.1219366988251964,0.2488357146532791,0.1033388565850148,1.4047590762719966,1.575482933748841,0.1375757853190105,0.0036812900431033,0.0005918906609903,-0.0173502558710154,,0.0005918906609903,-0.0007526641826718,-0.0007526641826718,-0.0003528662254055,-0.0021134014523529,-0.0021134014523529,0.0341877145884501,-0.8350602913903037,0.2167256401941753,0.0169192282315582,1.9209499147488376,0.0246673264135681,-0.0142120237076656,-0.0046606429829203,0.0172657823645108,0.0009618797632395,1.88323887318092,2.3205183496557567,0.0169991162154228,189.74978637695312,-0.0119754489194366,0.0940958492437897,,154.25999450683594,-0.0299943677864249,0.1077654824008143,,50.43110656738281,-0.0161667554235728,0.0435949675531635,,56.51024627685547,-0.0059670207110138,0.0802975397156684,
2026-07-20,159.25,742.0900268554688,18.649999618530277,83.2344741821289,78.86283874511719,28.38999938964844,161.0,161.49000549316406,159.17999267578125,6635300.0,-0.0114221638818041,0.0060648604118127,-0.0133820928883134,-0.0167325673099959,0.0706315065336928,0.0156640506511324,0.0127947923064781,0.0140345083194015,1.1161096048778965,-0.2761359297441772,-0.397084145438355,-0.0030924303952897,-0.010795829338858,-0.0003389751137553,,,,-0.0026944880042317,0.0034124333700276,0.0014937780664768,0.0002721184170764,0.0005855089218536,-0.0315616782069531,-0.0030924303952897,-0.010795829338858,0.0145055749914148,-0.0108695652173913,46.99232256677482,2.216267170617755,2.7186416044460016,-0.5023744338282468,0.0959304322832297,0.4964664485952217,0.0405910987873027,0.4238150607478232,-0.013443784019075,-0.7291960047245123,-0.0326756939840363,-0.001614378247181,-0.0094504000643289,-0.0062270180246364,,18.649999618530277,-0.0063932251628562,0.0868298242638312,0.0890828804805041,1.1789393577908611,1.005594497876953,0.190172273626505,-0.0074538474198433,-0.0009527373938346,-0.0293968051801521,,-0.0009527373938346,-0.002378935041243,0.0020120291346781,0.0024717406630838,-0.0038596705386513,-0.0038596705386513,0.2729481619220713,-0.0851849686941886,0.2145966045047199,0.003303162789265,1.913269730659177,0.0157280435159483,-0.0045558370212648,0.0015520081208932,-0.003969203383899,-0.0124412086992311,2.130867989942338,2.6429255322873706,-0.0039316928239845,186.5199737548828,-0.0159324651792297,0.0742340820976497,,150.94000244140625,-0.0283249259702159,0.0736794301903511,,50.50100326538086,-0.0148031784597258,0.0307724290808097,,56.330657958984375,-0.0179161744634624,0.0797475422101083,
2026-07-21,160.25,748.280029296875,17.049999237060547,83.00627899169922,78.83314514160156,28.479999542236328,157.52999877929688,160.3699951171875,157.22999572753906,6594900.0,0.0062794348508634,-0.0095797467399427,0.0123823791585118,-0.0254804328581741,0.0679061882393232,0.0127366755616582,0.0117427561301811,0.0139948092885727,0.9100999083966312,-0.0060886470845327,-0.3865089457561497,0.000711904043354,-0.0019866768853771,0.0027313073413288,,,,0.0024612689036226,0.0032849948976365,0.0018345523332354,0.0003856219628001,0.0006265758395698,-0.0254804328581741,0.000711904043354,-0.0019866768853771,0.0195943799666049,0.0172665602855358,53.3558339505974,2.072373855232655,2.589388054603332,-0.5170141993706769,0.0786442411512382,0.5347299090352521,0.0350699325899412,0.5202995555103628,0.0094726837641777,0.4930198879169699,-0.0344839851281811,0.0083413092985977,-0.0047217957680246,0.0052257748920432,,17.049999237060547,-0.0857909069274187,0.0333332870945786,-0.0036814431602033,-0.0487044713814169,-0.2449157760010196,0.0191272984805739,-0.0027415946658155,-0.0049952356865051,-0.0246371524903096,,-0.0049952356865051,-0.0013792284960533,-0.000376522123577,0.0028168987598808,0.0031701357704398,0.0031701357704398,-0.0163416793228708,1.078825144108793,0.2141577935075719,-0.0016818746819592,1.9305768424582108,0.0203847258022544,-0.0262227796656752,-0.015113252017781,0.0171853205001462,0.0174648559165511,1.7927822440962289,1.7539457245875536,0.0171041749265364,189.29981994628903,0.0033921837021833,0.0695480431145192,,154.5,-0.0061112702920058,0.0592348783319234,,49.87198638916016,0.0148314292755913,0.0333057782849515,,57.20864486694336,0.0056120718216985,0.0845470534979417,
2026-07-22,159.42999267578125,747.4099731445312,16.639999389648438,82.78799438476562,78.70448303222656,28.450000762939453,160.97000122070312,160.97000122070312,158.9499969482422,5599500.0,-0.0051170503851404,-0.0103048215273868,0.0072019675153294,-0.0176833661245299,0.047640953797692,0.0131882358169003,0.0112118617915117,0.0138782687260282,0.9502795432896244,-0.1509348132647955,-0.469531829511253,-0.0058242856660305,-0.0053156625024121,-0.0046574239389599,,,,0.0014352314393156,0.0023270462929762,0.0018324857132362,0.0003693737715734,0.0005443285406883,-0.0304670985845441,-0.0058242856660305,-0.0053156625024121,0.0126701647447782,-0.0095670530735127,49.76724423502488,1.8706064414720915,2.445631731977084,-0.5750252905049926,0.064520840791754,0.4278152007660253,0.027082497011531,0.2849428114567597,-0.0016821098760114,-0.3880010994785213,-0.0264500762864572,-0.0011627413779321,-0.0098038240590315,0.0188526891852258,,16.639999389648438,-0.0240469129477095,0.0619016789171518,-0.0194749930229145,-0.2827541651954662,-0.8800973468778026,-0.1134790099184158,-0.0026297360824405,-0.0094966548385218,-0.028443435051481,,-0.0094966548385218,-0.001757479788305,-0.0036335279006071,0.0031734890920644,0.0070796730244053,0.0070796730244053,-1.1567655966288677,0.6639071087726982,0.2133099616065081,-0.0069907931338082,1.9257622299051496,0.0140919269750461,-0.0203250301939422,-0.0068524514501738,0.0171741640571381,0.0168587238351314,1.7318781743120737,1.956056534726694,0.0170057915743609,186.9899444580078,-0.0152711811058547,0.0500308508185343,-0.3848937869232115,152.11000061035156,-0.026309055039278,0.0345507846917698,-0.3779185175533089,49.33282852172852,-0.0090252285713081,0.0059039851043849,-0.4379883174977748,56.370567321777344,-0.0003538658747539,0.0608336584754776,-0.0141928694236003
2026-07-23,161.44000244140625,738.1799926757812,18.700000762939453,82.52009582519531,78.4174575805664,28.559999465942383,159.89999389648438,161.61000061035156,159.32000732421875,6448200.0,0.0126074757446208,0.0137519776540424,-0.0022249728279448,-0.0045014228018832,0.0527551093309357,0.0096624679502522,0.0121012889126822,0.0140194099235964,0.689220681447401,0.1515671042057327,-0.3784672772882042,0.0071619554477471,0.007683740289462,0.0053524706345124,,,,-0.0004454903515408,0.0025705320683256,0.00199721046658,0.0004240864660159,0.0006311984431671,-0.0182437360463368,0.0071619554477471,0.007683740289462,0.0141847946698585,0.0096310731939041,44.63619897586996,1.851551765937785,2.3268157387692243,-0.4752639728314394,0.0506523340297345,0.6056707600358623,0.0242754823629468,0.7950283475593832,0.0080234831932733,1.3047882285087864,-0.018447835760992,-0.0123492872725757,-0.016703935577468,0.0067372245202108,,18.700000762939453,0.1237981639934746,0.1177526165335323,0.101684985610482,1.4699569732724516,0.7159420592329728,0.0026810265647136,-0.0032359590489078,-0.0123501048822954,-0.0446650481316466,,-0.0123501048822954,-0.0065203327614099,-0.0071427764152756,0.0070521456730088,0.0077628550518693,0.0077628550518693,-2.838903395053228,2.077163910677504,0.2187000515364996,0.015840968789631,1.9563719700882225,0.025323380159546,0.0137449738061643,0.0112983274361548,0.0147249269812002,0.0102517421450685,1.7574644125366936,1.1797217568100506,0.0144789627495232,188.96983337402344,-0.0027966692162425,0.0410400542698412,-0.0665828210924544,152.22999572753906,0.0015131297864412,0.0168324687773757,0.0197068125301555,49.36277770996094,-0.0528736083118926,-0.0036276294885398,-2.6879550510696517,55.98146057128906,-0.0053182032643138,0.0487850128525297,-0.2016283554498203
2026-07-24,162.57000732421875,738.9299926757812,18.57999992370605,82.59947204589844,78.4174575805664,28.57999992370605,162.47000122070312,163.25,161.5800018310547,7647900.0,0.0069995345993791,0.0144774248001169,0.0091874791729695,0.0107560993889463,0.0445929590931517,0.009830426217721,0.0119643472099941,0.0137671224312706,0.7140508521476772,0.1860519214664557,-0.2564827714267104,0.0123421851564939,0.0136424793835998,0.0102065039851702,,,,0.0018291062044556,0.0021813648353713,0.0022297367073264,0.0004312080893008,0.0006622602561629,-0.0113718991086358,0.0123421851564939,0.0136424793835998,0.0102724862748808,0.0006155358082368,51.4670491017595,1.9056654237242583,2.2425856757602314,-0.3369202520359731,0.0425218434921368,0.740029668211763,0.0350044318694572,0.8525892150605942,0.0021737263326735,0.7120275085055638,-0.0066867906701161,0.001016012364791,-0.0058657932710645,0.0063053315535637,,18.57999992370605,-0.0064171569164436,-0.0101225641674946,0.0956157724006077,1.4108043004439554,0.6582980342356025,0.0897361146691337,0.0009619017029653,-0.0150260575333669,-0.0434177793976342,,-0.0150260575333669,-0.0060217002860858,-0.0052730049053414,0.0066925163135753,0.0088245676199527,0.0088245676199527,-2.340228941627994,2.052484175518946,0.2200073199566947,0.0200028278414647,1.968172474926749,0.0270450215724584,0.0326693152741293,0.0255684466705785,0.0151420928302676,0.0245829210930184,1.8030900028604688,1.324281761541196,0.015053272444034,188.1298828125,-0.0085370507940127,0.024337112164402,-0.1851446215795452,150.47999572753906,-0.0245040769733034,-0.0073223869461503,-0.2871873442467024,50.15154647827149,-0.005543405809226,0.0015951559916742,-0.2701376390504882,56.36059188842773,-0.0026482699738122,0.0374655871389186,-0.0924006147282964
2026-07-27,163.39999389648438,739.0900268554688,18.670000076293945,83.09556579589844,78.45703887939453,28.600000381469727,163.00999450683594,164.57000732421875,162.35000610351562,8056000.0,0.005105410191748,0.0249012193632636,0.0260596163044544,0.0123287912101208,0.0190844307626483,0.006436643970319,0.0120093873532584,0.012126583129441,0.5307878873072002,0.0533610533610533,-0.1830211181333614,0.0122786469780284,0.0175549766010707,0.0143995943986228,,,,0.0051451701240824,0.0009452303648764,0.0019510584955921,0.0005591875450566,0.0006780248185141,-0.0063245471264965,0.0122786469780284,0.0175549766010707,0.0135862992878048,0.0023924875945694,47.28316068248241,1.992554934322044,2.192579527472594,-0.20002459315055,0.0444598843189235,0.8238783595416106,0.0402868038399261,0.8047808663803643,-0.0031949962626731,0.7931787779643481,-0.0005544891199199,0.0002165755636849,-0.0040426361916117,0.0138548358089889,,18.670000076293945,0.0048439264239747,0.0010724106258854,0.1000795578985773,1.454262582452411,0.7418625860013844,0.1219952380472051,0.0060060159915347,-0.0016688804440154,-0.0377827139461007,,-0.0016688804440154,-0.0031439651630862,-0.0051456411179185,0.0035087853147273,0.0073970058589667,0.0073970058589667,-1.8848543512201523,1.9756938062654468,0.2210826664671497,0.0247188777093056,1.9664105097717468,0.023196167534619,0.0261352685775775,0.0149880882515494,0.0302244389066612,0.0277748496518894,1.886008290978881,0.8651454484493089,0.0301022524960661,188.3198699951172,0.0096498846959935,0.0051771579873702,0.1865453055570131,150.58999633789062,-0.0023188425722432,-0.0308277023709356,-0.0244522763567561,51.28976440429688,0.0156187221622332,0.0066627663889902,0.7463949525561976,56.590065002441406,0.0046050774632511,0.0199604907224977,0.1440952466513836
2026-07-28,167.25999450683594,740.8599853515625,18.209999084472656,83.58174133300781,78.60550689697266,28.57999992370605,165.99000549316406,168.52999877929688,165.75,12774800.0,0.0236230156336292,0.0360504954002465,0.0437441154872757,0.0566681508697046,0.0405623291704388,0.0105436288913831,0.0114845089573198,0.013140190673811,0.8023953647797267,0.5857497517378352,0.2965772868581333,0.0272693550412868,0.0358067118356235,0.0362655472019359,,,,0.0085628718621066,0.001988063407626,0.0024352226539476,0.0006500359458889,0.0008058501266476,0.0,0.0272693550412868,0.0358067118356235,0.0166208230933742,0.0076509968771835,61.88873543981204,2.3458438595839937,2.223232393894874,0.1226114656891197,0.055951578670276,1.1481594990491646,0.0711054478800546,0.883505847361885,0.011606183833547,2.2405012198820957,0.0157183826408758,0.002394780651586,-0.0099161325370192,-0.000188953641616,,18.209999084472656,-0.0246385104414311,0.068035184710782,0.0712079325844396,1.0159093759505011,0.0573436030446741,-0.0262032972446667,0.0058508000090344,0.006932756754054,-0.0331489367372966,,0.006932756754054,-0.0032630305000334,-0.0028875956200912,0.0066925163135753,0.0035112494057951,0.0035112494057951,-0.98218620775066,1.5461974865502537,0.2257646489403332,0.0442801161923109,2.001154700049091,0.0374486547752384,0.0723144043873258,0.0546612462001758,0.0541976793963885,0.0365579116244929,1.8290498466887672,1.7750508105375535,0.053660248024295,190.509765625,0.0063916895380791,0.003846460613015,0.1127175103906042,149.77999877929688,-0.0305501697132888,-0.053881617780581,-0.2919331771949053,52.607704162597656,0.0548547986857832,0.0398658130053408,2.6085775377252487,57.97687911987305,0.0134286392330469,0.0502439293048311,0.4155492850319906
2026-07-29,166.24000549316406,729.4600219726562,20.65999984741211,82.20259857177734,78.42735290527344,28.420000076293945,167.14999389648438,168.16000366210938,165.77000427246094,11656900.0,-0.0060982246034343,0.0225748785360273,0.0427147533728595,0.0502243511544056,0.0477751270395623,0.0108679108532008,0.0119659093044437,0.0128138061354347,0.8481406609552569,-0.0875082193067602,0.1825310154566255,0.0125348987803861,0.0244464940615802,0.0275334064682786,,,,0.0083655303830496,0.0023334494719572,0.0023827207025383,0.0006628619863128,0.0008479182308985,-0.0060982246034343,0.0125348987803861,0.0244464940615802,0.0143768004732574,-0.0054441426057356,59.35632554843869,2.514537268774575,2.281493368870814,0.2330438999037607,0.0594344977123093,0.963256316248404,0.0602195699193378,0.7081532431595948,-0.0136231841154434,-0.5611220155082762,0.0094042434696266,-0.015387473482586,-0.0240162050505632,-0.0231798239161492,,20.65999984741211,0.1345415093968085,0.2415865748327172,0.20046485112325,2.402292978659145,1.7519668183275,0.111948327892736,-0.016500526780552,-0.0070710230068817,-0.0377691233676753,,-0.0070710230068817,-0.0071418816343032,-0.0035211479229162,0.0060177018157148,-0.0010545056534616,-0.0010545056534616,-1.688053120971641,-0.0652991932742181,0.2278946076353935,0.0503831900690161,2.022320563844551,0.0439536017275159,0.0867214323645932,0.0678443453726886,0.0683730188643962,0.0501403197341541,1.6346089379488673,1.2993329870377073,0.0667309584234228,188.51986694335935,0.0081818436268648,-0.0087281209266455,0.1327102567004413,147.91000366210938,-0.0276115766970574,-0.0653396293073657,-0.2444901347997246,53.21675109863281,0.0787289659499987,0.0787289659499987,3.303359794018547,56.92928695678711,0.0099115489085013,0.0312669280179302,0.2936296830709429
2026-07-30,163.52000427246094,741.6900024414062,17.09000015258789,82.15299224853516,78.65499114990234,28.13999938964844,163.25,163.9499969482422,161.86000061035156,12475200.0,-0.0163618932316202,0.0007344576527499,0.0128840547547044,0.0106304152550165,0.0249467917376053,0.015023301314129,0.0120170524522804,0.0134524363349046,1.116771700184663,0.0701987663958685,0.2506265563660133,-0.0065492704587942,0.0066176526187711,0.0094793276469877,,,,0.0025603522830838,0.0012320350371538,0.0020422554762578,0.0003723375923229,0.0007710647682459,-0.0223603393351907,-0.0065492704587942,0.0066176526187711,0.0127812884251655,0.0016539312248755,55.79084803544994,2.401068619978645,2.3054084190923803,0.0956602008862645,0.0585926160131385,0.6617836562351505,0.0493455455220758,0.3672773724658824,-0.0166067124492036,-1.089100977235367,-0.0166739649882785,0.0167657994960119,0.0047549510965501,-0.0054575295952082,,17.09000015258789,-0.1727976631747846,-0.086096285810979,-0.0084130924760896,-0.1014620861187187,-1.2016680005055729,-0.0846277406132549,-0.000603464173932,-0.0044486566937319,-0.0318053395861023,,-0.0044486566937319,-0.0041353221131931,0.0030290904176777,-0.0070571899034089,-0.0147058852992904,-0.0147058852992904,-0.5372975844650066,-2.2987554970586306,0.220469473411001,0.0146309591863582,1.9904327255393013,0.0245780285872379,0.0229346940561876,0.0278403899376853,0.0080906330934547,0.0174101632878858,1.2475713243558693,1.3180499607373044,0.0081291036581543,189.9497985839844,0.0051858288302626,-0.0008414777582275,0.0816830665295568,151.4600067138672,-0.0050580636883811,-0.0325135499116393,-0.0439220897510049,52.65762710571289,0.0667476497192152,0.0552221371062155,2.729773882322996,56.6199951171875,0.011406178748861,-0.0059555234742725,0.33113821063233
2026-07-31,162.5500030517578,747.030029296875,15.989999771118164,81.60728454589844,78.6648941040039,28.170000076293945,162.30999755859375,163.22999572753906,160.72999572753906,9604900.0,-0.0059320033962748,-0.0281597011225874,-0.0001230502033566,0.0090632984484324,-0.0072676340630508,0.0152001481771312,0.0121053102041793,0.0121689041309121,1.2490974342892096,-0.2300804796716685,-0.0117841211963453,-0.0124184185896871,-0.0002521499613188,0.0038598304879282,,,,-2.46115549308115e-05,-0.0003647085986102,0.0019316292211363,0.000396529872663,0.0007275981264486,-0.0281597011225874,-0.0124184185896871,-0.0002521499613188,0.0153798828241422,0.0014786858281937,52.42140662038907,2.2074270613505007,2.2858121475440045,-0.0783850861935038,0.0578328279588918,0.5667411680209029,0.0494684582151806,0.2489628939784442,0.0034545636445876,-0.3902595512154332,-0.0202709893384594,0.0071998096750542,0.0109618457788704,0.0030210262245138,,15.989999771118164,-0.064365147551105,-0.1393972100765906,-0.0718058890156423,-0.8614645993286401,-1.2139941312340967,-0.1219110063134185,-0.0066425785318422,-0.0120120319830696,-0.038124216191776,,-0.0120120319830696,-0.0021342677283195,0.0031553754874453,-0.005647717890681,-0.0143456909904338,-0.0143456909904338,-0.4360357949172987,-1.8013610804300888,0.2175950051228252,0.0019221824311614,1.9918565353113145,0.0236797436859528,0.004011361682314,0.0369122692986751,-0.0109647026032786,0.0120335289138959,1.2842667659706302,1.29574930927542,-0.0110848959822271,186.3999786376953,-0.0091952652547432,-0.0474705655997544,-0.136527797082551,147.00999450683594,-0.0230595515631589,-0.0838215857177131,-0.1942764839320184,52.427982330322266,0.0453911396937094,0.0121433509276858,1.9907740458869632,56.2508430480957,-0.0019472620257304,-0.0194782159074534,-0.0572169615492973
2026-08-03,162.24000549316406,757.6699829101562,15.859999656677246,81.87625885009766,78.87772369384766,28.170000076293945,163.6300048828125,164.72999572753906,161.35000610351562,10986300.0,-0.0019070904507768,-0.0240615968950054,-0.0070990725009155,0.0187755446980475,0.0017288143226095,0.0149403656298036,0.0113751015133289,0.0119214221956611,1.2532367473743595,0.1438224239710981,0.1610258513005966,-0.012910508738131,-0.0039903948597824,0.0018587588802738,,,,-0.0014248781623214,8.636608216289132e-05,0.0019779413583346,0.000433566223648,0.0007103311394763,-0.0300130884762566,-0.012910508738131,-0.0039903948597824,0.0208332686734644,-0.0084947708132375,59.52727957943767,2.00582857557049,2.2298154331493016,-0.2239868575788115,0.0578539443889614,0.5321284728276615,0.0549871212563712,0.2652084989512852,0.0061134418475582,-0.1276468307660211,-0.0113634045657054,0.0142430065673475,0.0251389619390993,0.0085054218987581,,15.859999656677246,-0.0081300885742181,-0.1505088595679584,-0.0801264486478413,-0.973102582982178,-0.8616126068753768,-0.2323330215966151,0.003295959493027,-0.0146735500760133,-0.0342762794212651,,-0.0146735500760133,0.0001887447746913,0.0053619767003927,-0.0077491834478414,-0.0150349755049088,-0.0150349755049088,0.6809114292064369,-1.6277154435980652,0.2141301742877707,-0.0137027968216891,1.981526852493341,0.0165106040846023,-0.0021735209558679,0.0356756398433415,-0.0314474775000601,0.0076872772223683,1.1028027204711284,1.1709982282466709,-0.0322380344400149,185.90000915527344,-0.0128497372046109,-0.0481285941845504,-0.1804748206728025,147.30999755859375,-0.0217809871775099,-0.0839500043837825,-0.1787988397125963,54.12532806396485,0.0552851761477464,0.040299324260715,2.449876851373559,56.719764709472656,0.0022919165585983,-0.000351688052227,0.0656211415576087
2026-08-04,162.10000610351562,771.3300170898438,16.5,82.50385284423828,79.11642456054688,28.15999984741211,162.0,162.49000549316406,160.97000122070312,15129600.0,-0.0008629153409042,-0.008683941608632,-0.0308501050626868,0.0115444998659322,-0.0142300918459571,0.0061289179812517,0.0112949007758536,0.0113750652579194,0.5388028379161955,0.3771333387946807,0.5740512917081302,-0.0075307582350185,-0.0059788159634545,0.0017179739543178,,,,-0.0062671977433805,-0.0007166155241029,0.0021058108803903,0.0003771609755026,0.0007144391200691,-0.0308501050626868,-0.0075307582350185,-0.0059788159634545,0.0093769538262094,0.0006173216266396,59.12796100419891,1.8138545561917847,2.146623257757798,-0.332768701566013,0.0560606837129292,0.5306448983589817,0.0420876992510223,0.3210698524976834,0.0020317318619731,-0.1407940525146201,-0.0232505940820104,0.0180290027159586,0.0411279220645479,0.0315897800257802,,16.5,0.0403531120540288,-0.0939044025505054,-0.044032436508165,-0.5402361691194705,-0.3630602734948793,-0.0345231215517893,0.007665152303669,-0.0128962195759356,-0.0165154220242551,,-0.0128962195759356,0.003593405013037,0.0064997693386021,-0.0112359445213351,-0.0146955940313201,-0.0146955940313201,1.748655940382238,-1.5081681174224082,0.2101564862146864,-0.0298232681454957,1.964756802443512,0.0077899328994461,-0.0186839209881192,0.0177045322587519,-0.0691346621311461,-0.0181884477020624,0.9938628363868752,0.4435121130680733,-0.0719780271272347,190.1397705078125,-0.0019421320265324,-0.0407607773155511,-0.0276290740307821,151.8800048828125,0.0140206043572614,-0.0731676975141218,0.1197592416513897,54.02548599243164,0.0269500798866257,0.0355980649083029,1.2101115748951998,56.330657958984375,-0.0283944425067266,-0.0182576526969229,-0.7860571361729742
2026-08-05,164.16000366210938,769.7899780273438,15.8100004196167,82.68316650390625,79.08657836914062,28.09000015258789,163.63999938964844,165.35000610351562,162.6199951171875,15216000.0,0.0127081892722338,0.0099046482936018,-0.0125120413999277,0.0296682632103428,0.0114602623251856,0.0104671769879991,0.0115889404391521,0.0113582974327604,0.9215444593187484,0.005710659898477,0.5356837557237424,0.0076482015723875,0.003742026975424,0.0138653213563031,,,,-0.0025181952207834,0.0005697545483419,0.0023686306154486,0.0004957390764626,0.000744315271432,-0.0185339647646578,0.0076482015723875,0.003742026975424,0.0166301835125887,0.0031777332828188,56.07621223704712,1.8071071433334112,2.0787200348729207,-0.2716128915395095,0.0574619736679339,0.7412955990065565,0.0218544840753958,0.8499602894308548,0.0094066398410332,1.214098899130597,-0.0073062007973331,-0.0019966020100066,0.0552874110161984,0.0327206235771906,,15.8100004196167,-0.0418181563868667,-0.2347531202137411,-0.0811077549026227,-0.9676574685983016,-0.8096246538278628,-0.0112569952519065,0.0021733974049249,0.0058461403955409,-0.0121580569276787,,0.0058461403955409,0.0048548103258312,0.0084055554528712,-0.0126537996730221,-0.011611538452504,-0.011611538452504,1.4593079208891675,-1.7305087188551882,0.2132529759386894,-0.0145088388126221,1.9854102183466071,0.0171743457937056,-0.0002671495854651,0.0309737035627681,-0.0642473810531277,-0.0182514810746795,1.0163625843908686,1.2591733736294322,-0.0677994524161262,191.7896881103516,0.0173447033461708,-0.0231231200423172,0.260724433105239,153.00999450683594,0.0344803645355669,-0.0611155834771013,0.3160104785088233,53.6360969543457,0.0078799597317706,0.0479907111482693,0.3459211803460033,56.42045211791992,-0.0089380153180809,-0.0073723507952815,-0.2444026512106901
2026-08-06,164.4499969482422,768.5599975585938,15.149999618530272,82.20499420166016,79.02690887451172,28.190000534057617,166.13999938964844,167.02000427246094,163.02999877929688,9435100.0,0.0017665282630578,0.0136217417421824,0.0056873327512374,0.018644663412517,0.0140593130976152,0.0070271641776188,0.0110852262982384,0.0113557697530186,0.6188187777347383,-0.3799224500525762,-0.0470775080861206,0.0082770930179318,0.0036679800635652,0.0149417502750832,,,,0.0011342441868606,0.000698069881869,0.0020738062414352,0.000421712233611,0.0007003730891001,-0.0168001772741831,0.0082770930179318,0.0036679800635652,0.0242627276814109,-0.0101721587072038,58.84211397039632,1.80436026271326,2.0238480804409886,-0.2194878177277286,0.0591010852629592,0.7528168511390754,0.0273871503472852,0.8022254200591663,-0.0027740523176695,0.2513856182979995,0.0012166580831505,-0.001597813044932,0.0362280670209118,0.022415526058465,,15.149999618530272,-0.0417457801119037,-0.11351670665514,-0.1176984601142154,-1.3617051093018964,-1.4741803348699547,-0.0447667120754352,-0.0057831880715829,0.0006329891547671,-0.0193820602566242,,0.0006329891547671,0.007771882852988,0.004728469473737,-0.012955144916091,0.0017768708419934,0.0017768708419934,1.1412709166746642,-1.0229493140687502,0.2139715799295224,-0.0107849897117633,2.000486692387858,0.0231692973585895,-0.0216208070083058,0.0225492508449947,-0.0294729849940051,0.0050511462756583,1.0824817546589252,0.7750200687460083,-0.0305407342696744,192.95962524414065,0.0158453795823609,-0.0221445280025894,0.2553900317404089,154.5,0.0200712607379971,-0.0595324984901898,0.2010602409462631,54.02548599243164,0.0259764627063938,0.0551872230055281,1.123797687919124,55.86173629760742,-0.0133920679083545,-0.0233735006290395,-0.3484061416963971
2026-08-07,165.67999267578125,773.260009765625,14.899999618530272,82.44408416748047,79.17609405517578,28.06999969482422,163.9199981689453,165.77000427246094,162.9199981689453,7971800.0,0.0074794512031897,0.0220850489664972,0.0192555494633046,0.0191301298606707,0.030091994827722,0.0061509365600517,0.0111107469352807,0.0112453225759274,0.5469772851373391,-0.1550910960138207,-0.1886175618017783,0.0119345228464871,0.0092592108904623,0.0210080221928583,,,,0.0038145014712248,0.0014824056809942,0.0021000148563914,0.0004996797934081,0.0007259037462724,-0.0094463821771207,0.0119345228464871,0.0092592108904623,0.0172018724620105,0.0107369114598329,67.4823225241162,1.879764955447456,1.995031455442282,-0.115266499994826,0.0618558757089912,0.8396285632054311,0.0374175365189757,0.8189553336958655,0.0001177682143573,1.2159855518232308,-0.0090842590448418,0.0061153484724176,0.0351123508293746,0.0242532581793939,,14.899999618530272,-0.0165016505805201,-0.0681676152714333,-0.1319292875199104,-1.5154364797714326,-1.1747092260919103,-0.0969697200890743,0.0029084603452897,0.0102539819360292,-0.0162971112695271,,0.0102539819360292,0.0096743314309819,0.0064984508908891,-0.017844654662116,-0.0035498892864356,-0.0035498892864356,1.6241026654619335,-1.541378906842248,0.2142616850520937,-0.0097218034832492,2.0096043803362744,0.0254593415536195,-0.0261156533597701,0.0210509525650526,-0.0153189181380795,0.0089102024720804,1.0895610287649409,0.6774674967382809,-0.01585680136607,197.69937133789065,0.0606190664976302,0.0294179316069778,1.0970664492149935,157.3699951171875,0.0704714032886371,-0.0104383051930544,0.8058912614808944,54.295066833496094,0.0356123661484866,0.0592131603521262,1.4821764883548347,56.93926239013672,0.0122383826577034,0.0015795074559072,0.3221745848726892
2026-08-10,168.44000244140625,773.030029296875,15.460000038146973,81.74674987792969,79.04680633544922,28.13999938964844,165.67999267578125,168.5,165.5500030517578,6995900.0,0.016658678703747,0.026072116738657,0.0382149700340304,0.0308446066902228,0.0435536746161857,0.0073110466298149,0.0120371268172935,0.0117396261058657,0.6227665124186051,-0.1224190270704232,-0.2883912846012731,0.0210588973939072,0.0229315511767682,0.035773048621517,,,,0.0075005727053736,0.0021315941657257,0.0023844632197826,0.0006214877645296,0.0007799966422717,0.0,0.0210588973939072,0.0229315511767682,0.0175136363422244,0.016658678703747,70.322592859036,2.1375926025061744,2.0235436848550608,0.1140489176511136,0.0701366486796317,1.0100478750406263,0.0564869786054982,0.8728097680879935,0.0079679731241946,2.27856246426461,0.0010372860223599,-0.0002974167367322,0.0202727397589672,0.0318486417381997,,15.460000038146973,0.0375839217418676,-0.0252206574520238,-0.0948212675588943,-1.0501618670654014,-0.1665480139213153,-0.0221379109538449,-0.0084582695846822,-0.0015817646529878,-0.018809603893293,,-0.0015817646529878,0.0075170751340907,0.0021436044764404,-0.0160839505484527,-0.0010649870984826,-0.0010649870984826,0.9909977135752718,-1.0358038715175235,0.2178958074819088,0.0065059759275374,2.0605100838006813,0.048142498941351,-0.0144147844612433,0.0478534739116387,0.0175857195589699,0.0398597834836083,1.1774261027937631,0.8630585399273187,0.0179422302750631,200.00924682617188,0.075896917568808,0.0552360827813884,1.45187615270839,158.02999877929688,0.0727717154189697,0.017316869478708,0.9149856658102318,55.36339569091797,0.0228740900284241,0.0800546115439146,0.8659923091014337,57.16873550415039,0.0079155969171844,-0.0033049053699574,0.2147464816635187
2026-08-11,168.00999450683594,770.5599975585938,15.279999732971191,81.87625885009766,79.0766372680664,28.13999938964844,168.27999877929688,169.66000366210938,167.63999938964844,6680900.0,-0.0025528848749565,0.0216479028559313,0.0364589030277164,0.0044840369761542,0.0614062899297289,0.0078186556429611,0.0096991464665992,0.0106710971454837,0.7326945677348289,-0.0450263725896596,-0.303274585462509,0.0112068546226817,0.019855608040032,0.0300505160745141,,,,0.0071620004702884,0.0029797358731592,0.0025166801076503,0.0006218842736219,0.0007644769358661,-0.0025528848749565,0.0112068546226817,0.019855608040032,0.0120231196863633,-0.001604494143211,71.71053698442692,2.28093166336987,2.0750212805580226,0.2059103828118473,0.0711683716468914,0.9222453792200348,0.0478095956882963,0.7344059693737426,-0.0097688524936003,-0.3265119561497548,0.0044248958242757,-0.0031952597501651,-0.0009983010050033,0.0249125201747721,,15.279999732971191,-0.0116429692581913,-0.0739394101229581,-0.102153546637678,-1.0936244661979444,-0.1171167091493708,0.0085808658557267,0.0015842705962176,-0.0076068446806415,-0.0185409028134004,,-0.0076068446806415,0.0059936051517517,-0.0005028954822146,-0.0153954001130928,-0.000710243532388,-0.000710243532388,1.0379155034539405,-0.9450913021644614,0.2180362269507254,0.0054138058825958,2.051998917225021,0.0397257618064621,-0.0342322060866596,0.0254074396020871,0.0374946349644871,0.0444035183759174,0.9234637944450657,2.127058285557633,0.0374572040327197,199.7292633056641,0.0504339138110905,0.0586739158777911,1.0166031406020923,158.07000732421875,0.0407558746536933,0.0168543610640847,0.5749614683032382,55.8925666809082,0.0345592576203408,0.137342573204503,1.030358479161107,56.210933685302734,-0.0021253839031813,-0.0119256693847715,-0.0576146459968303
2026-08-12,168.44000244140625,772.489990234375,14.550000190734863,81.79656219482422,79.17609405517578,28.200000762939453,166.4199981689453,168.8800048828125,165.75999450683594,7138300.0,0.0025594187764397,0.016658678703747,0.026072116738657,0.0132338599347114,0.0641228731176062,0.0073376470905991,0.0094283675928889,0.0106480689367282,0.6891058317798554,0.0684638297235402,-0.2407396574005627,0.0085986243297486,0.0211022208989306,0.0294836816961547,,,,0.005147606699474,0.0031075433252639,0.0024882206500467,0.0006665335871346,0.00077760003533,0.0,0.0085986243297486,0.0211022208989306,0.0185229775038853,0.0121379899933076,69.25193294859011,2.401543450412589,2.140325714528936,0.2612177358836534,0.0709599877518446,0.9154972771312015,0.0438583670476145,0.6960543656450677,-0.0029934741248092,0.3488064220085433,-0.0031937591609155,0.0025046624297864,0.0035074660415173,0.0234231034736775,,14.550000190734863,-0.0477748399864912,-0.0796964070486965,-0.1422254789423438,-1.455123784050105,-1.462377881287764,-0.0234898950843016,-0.0009733792969137,-0.0107229118884815,-0.0213584822439993,,-0.0107229118884815,0.0095469389462461,0.0011318695015143,-0.0077410032640359,0.0039160060432192,0.0039160060432192,1.3403612599968744,-0.5985962344767893,0.2180481359898284,0.0035390955875689,2.059255278237898,0.0390479938075869,-0.0432062511163862,0.0182635310413556,0.0224857825783293,0.0371938550577153,1.1668524563684524,1.9964909515913132,0.0225646506971397,200.70921325683597,0.0465068024999981,0.0569774063757848,0.9926781634521392,159.38999938964844,0.0416966545445334,0.0202918841644792,0.6677598965261118,55.99241256713867,0.0439315264643256,0.124749379027033,1.177854658493971,56.9492416381836,0.0093723020715694,0.0099080415495766,0.2577479109155026
2026-08-13,168.3800048828125,777.8800048828125,14.630000114440918,82.27472686767578,79.35511016845703,28.18000030517578,169.49000549316406,169.7100067138672,167.83999633789062,6730100.0,-0.0003561954270014,-0.0003561954270014,0.0238978899817627,0.029721137985379,0.0406675012790316,0.007639866518942,0.0071759718520012,0.0096789068798794,0.7893314631936748,-0.057184483700601,-0.2642451983966687,0.003516332888195,0.0177400564565508,0.0270517820773155,,,,0.0047233609661158,0.0019931167711298,0.0023002795864571,0.0005726628640294,0.0007641907709432,-0.0003561954270014,0.003516332888195,0.0177400564565508,0.0111058933468854,-0.0065490623303822,66.978382620483,2.46388571820313,2.205037715263775,0.2588480029393554,0.0745322398582268,0.8629541005177446,0.0284419224582511,0.6236320397594992,-0.0002374636180009,-0.0466232465573984,-0.0020263362700186,0.0069774556519524,0.0121265839411688,0.0361786488166144,,14.630000114440918,0.0054982764712949,-0.0343234004741052,-0.1321370183146994,-1.281646097158005,-0.8396570391423589,-0.0536869289558901,0.0058457795782744,0.0008482777316978,-0.0152868274192234,,0.0008482777316978,0.0089011391180553,0.004153032158533,0.0014214966735948,-0.0003547438344229,-0.0003547438344229,1.7853843819630766,-0.6564134876035358,0.2164601273022552,-0.0039835173994868,2.0465580536489862,0.0297824770755135,-0.0181854931964734,0.028197550909176,0.0116302705880495,0.0230300763491386,1.005154908912416,1.7841015445274873,0.0117713060405939,198.92930603027344,0.0309374605106105,0.0497599697368376,0.7150408772439586,156.86000061035156,0.0152750848566445,0.0319736882259971,0.2754900818432069,56.02236175537109,0.0369617362298082,0.0749042052490371,0.9769874401294392,56.78960418701172,0.016610079652036,0.0090409387713576,0.466857356817898
2026-08-14,167.3699951171875,776.3400268554688,14.25,81.7268295288086,79.27554321289062,28.11000061035156,167.66000366210938,167.77000427246094,166.4499969482422,5023800.0,-0.0059983949182561,-0.0038092935573686,0.01020040147342,0.0296523652718416,0.0389844119564346,0.0087382099470178,0.0071851336259736,0.0097416804018021,0.8969919654117798,-0.2535326369593319,-0.4380580912677417,-0.0045084980567932,0.0086965634660172,0.0189395692957166,,,,0.0020297456942949,0.0019121854537611,0.0022215140368307,0.0005578172581213,0.0007656348091213,-0.0063524537444183,-0.0045084980567932,0.0086965634660172,0.0078867620405588,-0.0017297419693866,61.480622494744594,2.404080325986854,2.2448462374083906,0.1592340885784633,0.0747262491791362,0.7534526957229458,0.0109459445385042,0.0881124702455918,-0.0047286303991332,-0.6864557235601229,-0.0154124631904962,-0.0019797115463531,0.0039831583826213,0.0444645425138627,,14.25,-0.0259740335931938,-0.0436241365886953,-0.143192128330899,-1.3456276161465726,-1.1376217812818092,-0.0674083606656522,-0.0066593638134877,-0.0086998921258536,-0.0254320579487735,,-0.0086998921258536,0.0077626635850978,0.0012560503129332,-0.0021299064884587,0.0014250415376642,0.0014250415376642,1.3573239124669956,-0.9498076154597592,0.2155885170511075,-0.0077345385291786,2.047919833451876,0.027186427551626,-0.0092212046438526,0.0281462530793157,0.0061925770755104,0.0190661671971423,0.9733208657191528,2.151849677869493,0.0062172430907987,198.24932861328125,0.0027817856560135,0.0447934218984737,0.0692316023046607,157.41000366210938,0.0002542323579033,0.0204201300884516,0.0052105042835395,55.67290878295898,0.0253769270362673,0.103939861176205,0.6373099869296388,57.019081115722656,0.0014018222617468,0.0090042934227236,0.0427286372120556
2026-08-17,167.0500030517578,772.6699829101562,15.1899995803833,81.03946685791016,79.17609405517578,28.100000381469727,166.4499969482422,167.8699951171875,165.86000061035156,7225500.0,-0.0019118842968576,-0.0082521928847155,-0.0082521928847155,0.0296474198455103,0.0489796110000491,0.003129913728538,0.0071854938048743,0.0092750767581416,0.337454176682305,0.4382539113818224,-0.1944438870047427,-0.0047661420806802,0.0038580048311736,0.0145825513330233,,,,-0.0016572861433302,0.002390894630951,0.0020744754762966,0.0005439811501458,0.0008068560626474,-0.0082521928847155,-0.0047661420806802,0.0038580048311736,0.0120322925478377,0.003604722826773,49.23639470880682,2.304300890102354,2.2567371679471835,0.0475637221551705,0.0701832425812723,0.70777825014478,0.0147144638045795,0.176091351748957,0.0008388466647142,-0.610842295294944,-0.0150023692953981,-0.0047273666413644,-0.0004657598968648,0.0412078790281913,,15.1899995803833,0.0659648828339158,-0.0174644538872869,-0.0770726549267291,-0.7329024184335784,0.9318178426514316,0.0439862117703597,-0.0084104898582434,-0.0086521240425545,-0.0263713725086526,,-0.0086521240425545,0.0037826948770252,0.0016355843546405,-0.0024849021879529,-0.0014214288929027,-0.0014214288929027,0.9536585408154784,-0.9114691244485704,0.2161983857876641,-0.0052942285877676,2.06134133809954,0.0300931215279289,0.0096586644398555,0.0402792853933664,-0.0077900612859918,0.0004034216116646,1.0503821033347234,0.6547711694018242,-0.0077864329878507,201.9191436767578,0.009549042761237,0.0825604336729748,0.2338980482747057,159.52999877929688,0.009491868705858,0.0569100052931641,0.2005169438472136,54.99397277832031,-0.0066726924529714,0.0889679258316724,-0.1652239678240491,56.12113952636719,-0.0183246309113684,-0.0037194387605012,-0.6181433028625476
2026-08-18,169.72999572753906,767.4500122070312,15.84000015258789,81.3482894897461,79.09652709960938,28.13999938964844,168.6699981689453,170.3000030517578,168.4499969482422,7529600.0,0.0160430567304503,0.0080175246797629,0.0102374934643136,0.0470696442734923,0.0591575396414294,0.008401289027531,0.0081173637901617,0.0097337129059883,0.8631123853314077,0.0420870527991141,-0.1648916436482088,0.0091322846306578,0.0153076585957583,0.0279003856669255,,,,0.0020370890510971,0.0028736909100278,0.0021451305082783,0.0006982887467856,0.000875334255926,0.0,0.0091322846306578,0.0153076585957583,0.0108997004070239,0.0062844463751758,61.32378132704895,2.413654868715554,2.2881207081008577,0.1255341606146962,0.0704155391828754,0.896224838873501,0.0250619117916547,0.8643889862264548,0.0133705485038627,1.9095944406010488,-0.0037242450476262,-0.0067557570742746,-0.0040360067501765,0.0256187284968294,,15.84000015258789,0.0427913489243287,0.0366492427619831,-0.0340285252550515,-0.3225108241786174,1.505862886627004,0.0827067688777809,0.0038107683059835,-0.0064483815915208,-0.0199742660687022,,-0.0064483815915208,-0.0002514959573567,0.000251526016155,-0.000710243532388,0.0,0.0,0.6490409428126573,-0.6298718724669621,0.2211609786016289,0.0159014695057195,2.086460536443528,0.0386004290782728,0.0523633249925046,0.0619434088985757,0.0143313416059509,0.0167941702742759,1.8219521654914328,1.5107657370872805,0.0142735002144902,203.54905700683597,0.0191248575093681,0.0752733788367567,0.4640054571479445,160.11000061035156,0.0129056316290829,0.036310683562146,0.2823349026868313,55.35340881347656,-0.0096463250741319,0.1099098476155304,-0.2300440970073376,56.35061264038086,0.0024849072221451,-0.0149982966483146,0.0990619177088639
2026-08-19,175.67999267578125,769.0599975585938,14.890000343322754,82.70308685302734,79.27554321289062,27.8799991607666,172.47000122070312,176.60000610351562,172.2899932861328,16538900.0,0.0350556595652866,0.0496504618571287,0.0429826058503739,0.0701753701064935,0.1019256146680391,0.0170229379818894,0.0124860727805996,0.0118928605001625,1.4313576242064865,1.1965177433064174,0.7294161995590427,0.0355925681469964,0.0437076021356122,0.0587245786487788,0.1059520237400839,,,0.0084168997685076,0.004852960407562,,0.0008395354560291,0.0010493429219799,0.0,0.0355925681469964,0.0437076021356122,0.0245333162401536,0.0186118828338756,82.61799571214915,2.9464686555946,2.419790297599606,0.5266783579949941,0.0832071346606845,1.205763741153393,0.0833130420490689,0.9272148426177196,0.0185055056129104,2.0593188756995566,0.0217601166932906,0.0020978374173614,-0.0044401775028056,0.0289667320372721,0.0252463381859535,14.890000343322754,-0.059974734855664,0.0233677077753164,-0.0870911139994233,-0.806523309703112,-0.1164560815386642,0.0449123047945791,0.0166542821217159,0.0110826743065797,-0.0010256019893858,-0.0121056438024481,0.0110826743065797,0.0023893414994893,0.0012560503129332,-0.0074760053642057,-0.0113475742381325,-0.0113475742381325,1.0985083380714866,-1.7375104731300024,0.2284347037077512,0.0456808221833282,2.1242253386259247,0.0522016191194973,0.0711911648699645,0.0699176014088005,0.0476342880473297,0.0315502701751584,2.78085605303385,3.093249089521884,0.0474227833531796,216.94834899902344,0.0809087708465441,0.1602139870560972,1.568072141844108,169.5500030517578,0.0637430434846291,0.1146538845008682,1.1977045008291678,56.55153274536133,0.0099856418501744,0.1463265829254723,0.2245146738782083,56.370567321777344,-0.0101612295398549,0.0,-0.4643101973626694
2026-08-20,172.38999938964844,762.5999755859375,16.010000228881836,82.02568054199219,79.12635803222656,27.90999984741211,174.19000244140625,175.19000244140625,172.33999633789062,9673400.0,-0.0187271938939826,0.0319664545964486,0.0238151466358893,0.0482821683718561,0.0678270365624928,0.0209580073448627,0.0148715529779066,0.0128535612999892,1.6305213181936522,-0.4151122505124283,-0.0052593720323161,0.0114172527593865,0.0193534720442509,0.0354810953673718,0.0824544802513349,,,0.0047071978916148,0.0032812888319188,0.0025584600378851,0.000769321908666,0.0009478920686197,-0.0187271938939826,0.0114172527593865,0.0193534720442509,0.0165323169186504,-0.0103335612063229,73.47328327633124,3.0678877574682133,2.549409789573328,0.5184779678948854,0.085717899735773,0.9139286599035096,0.0851678183208881,0.6340559495884892,-0.0293826787594655,-0.8935578985287107,0.0090527082664166,-0.0083998933674405,-0.0196431701560151,0.033081339446275,0.0163196265723255,16.010000228881836,0.075218257873401,0.0943267329901627,-0.0102620981319674,-0.0994305038824434,1.0790877707678188,0.0539829276596888,-0.0081908225776261,-0.0030270088417813,-0.0059914530910198,-0.019852113793415,-0.0030270088417813,0.0012584214558202,-0.0028826390102019,-0.0099326243824375,-0.0095812794478246,-0.0095812794478246,0.5618846658248207,-1.4530001478830232,0.2260556057023133,0.033051103762669,2.101658873788864,0.037291212257561,0.0564749102510302,0.0505737837627116,0.0443290804622849,0.0269236536152168,2.858194738581916,5.055758521717993,0.0434583167919044,210.81866455078125,0.0597667521078995,0.1156207357896799,1.079047639766585,163.3800048828125,0.0415657544759098,0.0732444949629356,0.7394290848142087,55.36339569091797,-0.0117625541624001,0.1215615947752097,-0.2726889022815947,56.27079772949219,-0.0091355885455913,0.0051684460400005,-0.4717701709593846
2026-08-21,174.6199951171875,765.719970703125,15.130000114440918,81.7367935180664,79.17609405517578,27.899999618530277,171.91000366210938,175.60000610351562,171.7899932861328,10166900.0,0.0129357604004549,0.0288104608068109,0.0433172026737753,0.0539594570051733,0.0741218382855644,0.0201949486528898,0.0150784220313694,0.013009511051548,1.5523217606371955,0.0510161887237166,0.0321207208368716,0.0158585987255492,0.027109990657917,0.0450936530321282,0.0934263935595938,,,0.0084810510136744,0.0035751716560658,0.0027412807125069,0.0009710565859041,0.0009897067055436,-0.0060336839867131,0.0158585987255492,0.027109990657917,0.021818880563053,0.0157640125492908,77.05418539837262,3.305946396660431,2.7007171109907486,0.6052292856696826,0.0927954348118116,0.9859468908527432,0.0824023323099205,0.6924532750590605,0.0033322734648513,0.6405443253285795,0.0043590137078529,0.0040912604472485,-0.0136796452391613,0.0362550962782455,0.0200882025363,15.130000114440918,-0.0549656528332466,0.0617543939958538,-0.0545817993596458,-0.5514207543067622,-0.5810789275792954,-0.0448232342997152,-0.0035219095046445,0.0001219182160283,-0.010444116729374,-0.0228653065896011,0.0001219182160283,0.0,-0.0012544746296822,-0.0060562906356316,-0.0074706861352381,-0.0074706861352381,0.6532482732503554,-1.4090583061887092,0.228046807969292,0.040239793535683,2.136369529575331,0.0500643874002848,0.0643377882230638,0.0630796541246812,0.0577873584761994,0.0431900188077034,3.053349778771286,3.654017668282976,0.0569968479129366,213.54852294921875,0.0771714811997228,0.1351121882218589,1.280426487883185,165.72999572753906,0.0528555483887103,0.101342373956548,0.8612854240505406,56.08226776123047,0.007352929588561,0.1182560000523316,0.1789307270318919,56.82951354980469,-0.0033246338279853,0.0083200272684367,-0.1880788382110039
2026-08-24,174.6999969482422,763.469970703125,15.850000381469728,82.24484252929688,79.26559448242188,27.959999084472656,174.41000366210938,174.9199981689453,173.3300018310547,5930800.0,0.0004581481691199,-0.0055783001388647,0.045794634880157,0.0371645358353254,0.0691554680162136,0.0199100200303834,0.0145933588742544,0.0130238551983531,1.52873463336466,-0.416656011173514,-0.3913529384297485,0.007357695625759,0.0238107738085002,0.0420487695202187,0.0911394265807736,,,0.0089554025200307,0.0033434527299381,0.0025164310393059,0.0009584083607069,0.0009727370901141,-0.0055783001388647,0.007357695625759,0.0238107738085002,0.0091012957393564,0.0016627101659525,77.60735150257668,3.461166885152579,2.852807065823115,0.6083598193294644,0.0984477653036188,0.9271175621969452,0.0551425020710782,0.6334305725967084,0.0023175815487415,0.0230109334601294,-0.005587798923651,-0.0029384110198065,-0.0119067809161949,0.0329864332649476,0.0168467256160183,15.850000381469728,0.0475875916446029,0.0434496918577118,-0.000787995012396,-0.0085940083748055,0.6127605715017824,0.0644728016126254,0.0062156709281502,0.0148739338759489,-0.010237890054099,-0.0163645010695351,0.0148739338759489,0.0027678303161824,0.0011303971017277,-0.0063965994697923,-0.004982252494537,-0.004982252494537,0.9081320077591298,-1.0621179376566532,0.228823665176183,0.0419438533546403,2.124145315081749,0.0400243348593647,0.0501517574870342,0.0308832418639226,0.0583967329012284,0.0304675289926084,2.936896025726343,3.671547624244092,0.0577014157963519,212.51856994628903,0.0524934192792503,0.1284978582015763,0.8281547954491848,164.1699981689453,0.0290854348721438,0.0901786450713775,0.4516521568470588,55.792724609375,0.0145243522280966,0.0877945191867732,0.3856491941869167,57.1388053894043,0.01813337846711,0.0096967619128767,1.0502566883742337
2026-08-25,175.2899932861328,765.9099731445312,15.449999809265137,83.15137481689453,79.4843978881836,27.940000534057617,174.4499969482422,175.82000732421875,174.0399932861328,5434000.0,0.0033771971848712,0.0168222861346474,0.0327578960616896,0.0433307482728395,0.0480090819264535,0.019617848956338,0.0144283079567744,0.0121276184839677,1.617617454296953,-0.0837661023807918,-0.4205090114901098,0.0043200131906664,0.0229043005940077,0.0430699642746559,0.0918152780662542,,,0.0064465585863266,0.0023446125910828,0.0027291097471825,0.0011548062720496,0.0009799932541367,-0.0022199419735187,0.0043200131906664,0.0229043005940077,0.0101546814208632,0.0048151123679288,76.06556064817363,3.5904001166502155,3.000325675988535,0.5900744406616805,0.1062321098152681,0.9054326356649818,0.0292517589090524,0.6476838778856993,-0.0022302315266778,0.172149200467312,-0.00654459812606,0.0031959376727799,-0.002006696251227,0.0338120404506414,0.0198390199062226,15.449999809265137,-0.0252366285537904,-0.0246212335584502,-0.017456846290219,-0.2037924624903079,-0.0339527675263069,-0.0349781643729439,0.0110223603051429,0.0221650060309592,-0.0051490494125817,-0.0052660920538053,0.0221650060309592,0.0051565245337241,0.0049037650930712,-0.0071072800258976,-0.0071072800258976,-0.0071072800258976,1.6070447700758586,-1.241598386503191,0.2288650095081797,0.0413970215422103,2.1080829231282623,0.0294650226987165,0.0496650612097664,0.0273314013143268,0.0348344945625687,0.0103631898648755,2.8302867677482637,3.7446756940270016,0.0347645923129167,216.38836669921875,0.0630772251229423,0.1358387114136618,0.9527408945404056,169.10000610351562,0.0561489317275214,0.1289892340878375,0.8165590986931576,55.62298583984375,0.0048701070475276,0.0573163517633574,0.1321430117558428,56.869422912597656,0.0092068257629733,-0.0191016871567993,0.6841674994919384
2026-08-26,173.5399932861328,766.0800170898438,15.210000038146973,82.98202514648438,79.46451568603516,28.020000457763672,174.3300018310547,174.83999633789062,173.4499969482422,5617400.0,-0.0099834563696024,-0.0061848692088778,-0.0121812356492855,0.0302777889504046,0.0439123409032184,0.012255773183665,0.015128826169508,0.0123010663367161,0.9963178680506996,0.0337504600662494,-0.3810177604509863,-0.003262356317185,0.0096872515924582,0.0304185103698262,0.0779666090837671,,,-0.0024512069905726,0.0021487760641564,0.0027446349033586,0.0011369659770286,0.0009229772178834,-0.0121812356492854,-0.003262356317185,0.0096872515924582,0.008009677558052,-0.004531684372306,69.92546538977146,3.511133843702197,3.102487309531268,0.4086465341709293,0.1093342931040102,0.7782156403653605,0.0264050592449228,0.3764495740409156,-0.0079218332999764,-0.8145920624833884,-0.0156728901015141,0.0002220155779071,-0.0038748348350063,0.0502015107259163,0.01985067249283,15.210000038146973,-0.0155339659599373,0.0214909125215514,-0.0156614004643768,-0.3537442709574333,-0.8251369342214299,0.005287503179177,-0.0020366430595173,0.0033727676205452,0.0094817753726661,-0.0069934331962701,0.0033727676205452,0.003642786807068,0.0023837423937551,-0.0063829893725513,0.0050215674752991,0.0050215674752991,1.548791989728615,-0.5702002754800227,0.2265298525151068,0.0310915864834713,2.091296193118818,0.0195502502507165,0.0388983674947536,0.0155594671624867,-0.0083387119458057,-0.0155017195719956,3.029562721616621,2.4121303696458094,-0.0083064008142791,215.2184295654297,-0.0079738769231266,0.1416220107459118,-0.1171353118300853,168.38999938964844,-0.0068416611101757,0.1384625462813473,-0.0953599874901326,55.30348587036133,-0.0220691962606861,0.0392119911240151,-0.5797595873061135,57.27848434448242,0.0161062246814451,0.0061338795260228,1.4454875311291775
2026-08-27,171.5800018310547,771.0999755859375,14.510000228881836,82.81266784667969,79.43467712402344,28.020000457763672,171.9499969482422,173.11000061035156,171.42999267578125,7110400.0,-0.0112941773130443,-0.0178591595402938,-0.004698634268006,0.0190046137038022,0.0492905904354306,0.0100264068984987,0.015786706098566,0.0119451513137692,0.8393703684247895,0.2657813223199345,-0.1926403829689632,-0.0136018897579002,-0.0035715022155174,0.0163487911185424,0.0629502087640416,,,-0.0009419415099629,0.002405715383657,0.0027184601963666,0.0009576104218947,0.0008273328402061,-0.0233378359270149,-0.0136018897579002,-0.0035715022155174,0.0097913971129603,-0.002151759952045,62.531883683138254,3.252665122398213,3.1325228721046567,0.120142250293556,0.1067148332457933,0.6532007371541936,0.0337023241583061,0.0964109272105526,-0.0053411241329464,-1.126443031979128,-0.026530145417089,0.0065527861112515,0.0111460795595608,0.0396526487450592,0.0262265624189717,14.510000228881836,-0.0460223410591402,-0.0936914415087901,-0.0530574804492798,-1.3626289935954647,-1.4684703694019938,-0.0845425943430567,-0.0020408913798588,0.0095944014056013,0.0080298426154561,-0.0086532194860786,0.0095944014056013,0.0010026695873459,0.0038965409184041,-0.0056777801873452,0.0039412615891418,0.0039412615891418,1.3618300925362756,-0.5143734278157636,0.2225133021184131,0.0123386490205235,2.0719052566778773,0.0080947134113069,0.0279643872134727,0.0123852841524321,-0.0156700541572278,-0.0141572057587761,3.2078195706763637,2.733194356296215,-0.0158447138275669,214.7884521484375,0.0188303422095723,0.1307643058830145,0.273639828009123,168.22999572753906,0.0296853390854365,0.1107222254740365,0.4058679583012304,54.5346908569336,-0.0149684610859286,0.0356465692510679,-0.3840803808441145,57.12882614135742,0.0152482006029128,0.008986772660732,1.330337837346121
2026-08-28,171.16000366210938,769.3499755859375,14.43000030517578,82.5636215209961,79.30538177490234,28.18000030517578,171.42999267578125,171.7100067138672,170.58999633789062,4911700.0,-0.0024478270454785,-0.0235608978390562,-0.019814405863178,0.0226444921759616,0.0529683202012001,0.0064364532577714,0.0156260507317051,0.0118410307316994,0.5435719963945791,-0.3092231098109811,-0.4270279224294007,-0.0120862673714993,-0.0081935509170159,0.0112821215382723,0.0576991202178516,,,-0.0040026686951432,0.0025806573710127,0.0025472038224315,0.0009973673125043,0.0007009644235774,-0.0257285359865283,-0.0120862673714993,-0.0081935509170159,0.0065436454312515,-0.0015749228560167,56.41510275939604,2.9795896022311297,3.101936218129952,-0.122346615898822,0.1011262178780623,0.6115647531867174,0.042422373795326,0.2150968630418571,0.0054058055675402,-0.3803067570196728,-0.0342971763612482,-0.0022694852229377,0.004740642822048,0.02987824506877,0.0235105220616749,14.43000030517578,-0.0055134336625864,-0.0462656843338036,-0.053460132627415,-1.3432471560301982,-1.0800819537037072,-0.0660193861929808,-0.0030073457619392,0.0101157381803451,0.0117187697203646,-0.0112857205852191,0.0101157381803451,0.0003763905083764,0.0016329135867256,0.0024902060940703,0.0100358670420748,0.0100358670420748,0.6656850387124622,0.9863807816893138,0.2224735284247637,0.0110356912326283,2.073068023288962,0.0066715911503574,0.0319358909641003,0.0122798702499491,-0.0244391912088451,-0.0296304105680406,3.169928482213578,1.628956856331343,-0.024555048685226,208.9387664794922,-0.0215864591618961,0.1209162576440279,-0.331840017974873,162.3800048828125,-0.0202135457134383,0.1045507853227072,-0.2893256966250841,55.103797912597656,-0.0174470449875285,0.0510379279030122,-0.4799443222306614,56.719764709472656,-0.0019311944353676,0.0083362601512659,-0.1756066368450005
2026-08-31,170.5399932861328,767.0499877929688,14.920000076293944,82.20499420166016,79.375,28.1200008392334,170.25,170.97999572753906,169.1999969482422,7312600.0,-0.0036224022126135,-0.0172870814570886,-0.0238122709489333,0.0208918896774499,0.0511587001475937,0.0059755417069575,0.0156871366407921,0.0118819168667355,0.5029105380105795,0.4888124274691043,-0.1282729550159232,-0.010915102574831,-0.0137807190645921,0.0051542296022228,0.0517956399936752,,,-0.0048200731451659,0.002494653984227,0.0019827284544477,0.0009834654176117,0.0006123076018058,-0.0292577390934569,-0.010915102574831,-0.0137807190645921,0.0104374272861051,0.0017033379508535,55.9139800287342,2.6822265908857617,3.017994292681114,-0.3357677017953522,0.0932024525579954,0.555301437470389,0.0453994149803741,0.2595761403632709,0.0021399582730826,-0.6062047231954157,-0.0371236371773014,-0.0029895208500099,0.0046891393600545,0.0123800666442988,0.0201814147763983,14.920000076293944,0.03395701737736,-0.0586750967061834,-0.0182918786939074,-0.4689293787731762,0.0364219841387321,-0.0190664011259501,-0.0043436481192232,-0.0004845085285746,0.0040150265312484,-0.0151253456803862,-0.0004845085285746,0.0025121969856911,0.0013802396650464,0.0007117600531016,0.0057225236051454,0.0057225236051454,1.053470362455703,0.4537980336806223,0.2223323068902291,0.0085143002109819,2.0745697380353163,0.0051301687830898,0.0283717247944177,0.0064173747895497,-0.0283683869889767,-0.0233390703990161,3.262431622233316,1.5074899868254923,-0.0285014103089878,209.03875732421875,-0.0163741579051175,0.1244687844507776,-0.2734111579713623,162.5,-0.0101723712467045,0.1031158963624603,-0.1566729550447568,54.8841438293457,-0.0162849329619695,0.0140196058393233,-0.4250396023260822,56.58008575439453,-0.0097782869488093,-0.0024626152064202,-0.8891204531531967
2026-09-01,171.6699981689453,761.780029296875,16.34000015258789,81.87000274658203,79.0999984741211,28.209999084472656,172.6199951171875,173.52999877929688,171.02999877929688,7821200.0,0.00662604038524,0.0005245153102355,-0.0206514647489228,0.0114299327769999,0.0590375799203757,0.0071478514687854,0.0150313796150384,0.0118862318813288,0.6013554959042936,0.0695511856248118,-0.0251788092429281,-0.0001630763214958,-0.0083585010324231,0.0089688747881881,0.0566651446861028,,,-0.0041735376632526,0.0028680276111148,0.0019911882912368,0.0011864639415658,0.0006479464438422,-0.0228255616690308,-0.0001630763214958,-0.0083585010324231,0.0145628241781634,-0.0055034003887977,57.31099704425467,2.508826027453381,2.916160639635568,-0.4073346121821868,0.0834062750356256,0.6075323743250409,0.0261454856987125,0.4937627350520442,0.0064512019484948,0.9269973623792416,-0.0209295160313634,-0.006870423805438,-0.0053922053406619,-0.0123811955730699,0.012585935050112,16.34000015258789,0.0951742673614426,0.0576052009262184,0.075707708428927,1.9994391576059092,1.6317447519776127,0.1261199100509646,-0.0040750742498241,-0.0154101128590378,-0.0076826726971517,-0.0187048119262142,-0.0154101128590378,4.388782464936902e-05,-0.0048361618666755,0.0024875513980988,0.0096635127148949,0.0096635127148949,-0.8782798436471575,1.2565730331438911,0.225353765610523,0.0187085615760076,2.0968607842890576,0.0126893615011425,0.0189580776654387,0.0049846367395269,-0.0153419865500724,-0.0053233858668859,3.115619930999117,1.440089327460905,-0.0152592594082608,210.8086700439453,-0.0257855666660179,0.1087037155926491,-0.484254308052802,163.39999389648438,-0.0337079361401202,0.0758492799796817,-0.5760242057294921,54.20520782470703,-0.0254890670417973,0.0033266120419641,-0.6239157896937515,57.29843521118164,0.0075438131180498,0.0171802937736307,0.686024205675031
2026-09-02,172.9499969482422,765.1599731445312,15.199999809265137,81.94999694824219,79.11000061035156,28.170000076293945,172.08999633789062,174.47999572753906,172.08999633789062,7805000.0,0.0074561588684656,0.0104580114970462,-0.0033997715841663,-0.0155395938146314,0.0535452795446158,0.0078105095143773,0.0097315471508308,0.0117158301143947,0.6666628631050198,-0.0020712934076612,0.019906137273747,0.0079846029764083,0.0006132683667423,0.0138729675592077,0.0622585978120893,,,-0.0006811127879524,0.0026080466723641,0.0021542569968258,0.0012689279413837,0.0007149671846241,-0.0155395938146314,0.0079846029764083,0.0006132683667423,0.0138190195537481,0.0049973887422427,59.80265022652544,2.4464884398938125,2.8222261996872167,-0.3757377597934042,0.0774634896100066,0.6790904028343123,0.0206650127506274,0.8863826784314875,0.0039701550361168,0.9546314360297702,-0.0152970869195012,0.004436902672253,-0.0012009763011538,-0.0060146338806297,0.0164517779815598,15.199999809265137,-0.0697674622201397,-0.0006574772423901,0.0026715777229404,0.0727861423053061,0.1557321794932218,0.0533610178658949,0.0009770880539452,-0.0124367680400713,-0.0088672167100594,-0.0174123416703122,-0.0124367680400713,-0.0020881925979934,-0.0044613004008516,0.0104017548155253,0.0053533053561642,0.0053533053561642,-0.8226283548203488,0.831113275573259,0.2260311608270361,0.0188281577620701,2.110433232321822,0.0161763816300275,-0.0105217939380616,-0.0064927698833611,-0.0022014391592712,0.0091508028685616,1.93498641443953,1.4047595198718548,-0.0021987952830124,213.78851318359372,-0.0066440238632129,0.1147028564986483,-0.1413354561688019,165.3699951171875,-0.0179345821213097,0.0807790409390503,-0.3458426964609576,54.334999084472656,-0.017512219539993,0.0130304434851373,-0.4082615142779581,57.5179328918457,0.0041804274345529,0.0194518252287667,0.359687755339113
2026-09-03,173.25999450683594,773.1699829101562,14.31999969482422,82.06999969482422,79.20999908447266,28.01000022888184,174.07000732421875,174.16000366210938,171.3800048828125,5933900.0,0.0017924114718921,0.0159493451846188,0.009791308181914,0.0050466681377558,0.053572500590356,0.0050645812014825,0.0076390479695947,0.0117157257836461,0.4322891182945793,-0.2397309417040358,-0.2064437744438225,0.0078177552605793,0.0019024802320275,0.0130741711221507,0.0620568547770339,,,0.0019487367881408,0.0026093385339771,0.0019757790008523,0.0012162533957787,0.0007282042982596,-0.0137750356889611,0.0078177552605793,0.0019024802320275,0.0160452433766364,-0.0046533738340925,63.02522596332622,2.3944973894726047,2.7366804376442944,-0.3421830481716896,0.0705771544387843,0.685246504001386,0.0270363018126975,0.789157715235584,-0.0035240369229808,0.3539110237696272,-0.0163741139924547,0.0104684118965432,0.0026844863049642,0.0059982114164236,0.0262286996794811,14.31999969482422,-0.0578947450975962,-0.0130944542426281,-0.0527847819872003,-1.3588422597758414,-0.8920247919070583,-0.0402145025738339,0.0014643410744459,-0.0089680500721273,-0.0016421691668121,-0.0155654730405611,-0.0089680500721273,0.0010570567675063,-0.0028284629293574,0.0035829588683784,-0.0003568960998737,-0.0003568960998737,-0.1899319275886106,-0.559372032018504,0.2240904307416304,0.0077821126545798,2.1111245906068,0.0138088753445582,-0.0086933254965186,0.0045039263678747,0.0070877947889065,0.0189291155097541,1.4499300394933543,0.7367428899547682,0.0071068218769498,213.7985076904297,-0.0046089277524271,0.1079960764845124,-0.1194729797782863,164.3800048828125,-0.0228852817125544,0.0639482516686893,-0.530053535921867,53.82579803466797,-0.0129989335435188,-0.0036961806839025,-0.2808081945090463,57.867130279541016,0.0129234956859916,0.0358992418576056,1.0402984649210505
