Date,target_price,SPY_price,VIX_price,TLT_price,HYG_price,UUP_price,target_open,target_high,target_low,target_volume,ret_1,ret_3,ret_5,ret_10,ret_20,vol_5,vol_10,vol_20,vol_shock,vol_chg_1,vol_to_ma20,price_to_ma_5,price_to_ma_10,price_to_ma_20,price_to_ma_60,price_to_ma_120,price_to_ma_200,slope_5,slope_20,slope_60,slope_120,slope_200,drawdown,dist_to_ma5,dist_10,intraday_range,close_open,rsi_14,macd,macd_signal,macd_hist,bb_width,bb_pos,bb_width_5,bb_pos_5,ret_accel,vol_breakout,bb_high_dist,spy_ret_1,spy_ret_5,spy_ret_20,spy_to_ma_60,vix_level,vix_ret_1,vix_ret_5,vix_to_ma_20,vix_z_score,vix_z_score_5,vix_speed,tlt_ret_1,tlt_ret_5,tlt_ret_20,tlt_to_ma_60,tlt_shock_5,hyg_ret,hyg_ret_5,uup_ret,uup_ret_5,uup_shock_5,hyg_z_score,uup_z_score,target_spy_ratio,target_spy_ratio_20,target_tlt_ratio,target_tlt_ratio_20,target_spy_rel_ret,target_tlt_rel_ret,target_spy_rel_ret_5,target_tlt_rel_ret_5,vol_ratio,vol_ratio_5,rel_strength_5,ibb_price,ibb_ret_5,ibb_ret_20,ibb_shock_5,xbi_price,xbi_ret_5,xbi_ret_20,xbi_shock_5,ihi_price,ihi_ret_5,ihi_ret_20,ihi_shock_5,ihf_price,ihf_ret_5,ihf_ret_20,ihf_shock_5,news_count,negative_news_count,positive_news_count,negative_news_ratio,positive_news_ratio,category_FOMC,category_UCSB,category_FDA,title_positive_prob,title_negative_prob,title_neutral_prob,title_sentiment_score,body_positive_prob,body_negative_prob,body_neutral_prob,body_sentiment_score,body_emb_0,body_emb_1,body_emb_2,body_emb_3,body_emb_4,body_emb_5,body_emb_6,body_emb_7,body_emb_8,body_emb_9,body_emb_10,body_emb_11,body_emb_12,body_emb_13,body_emb_14,body_emb_15,body_emb_16,body_emb_17,body_emb_18,body_emb_19,body_emb_20,body_emb_21,body_emb_22,body_emb_23,body_emb_24,body_emb_25,body_emb_26,body_emb_27,body_emb_28,body_emb_29,category_BIS,category_EIA,category_FRASER,days_since_news,news_count_lag1,body_sentiment_3d_mean,body_sentiment_5d_mean,title_sentiment_3d_mean,title_sentiment_5d_mean,body_sentiment_trend,title_sentiment_trend,negative_news_spike,negative_news_spike_5d,news_count_5d,news_count_zscore_20d,negative_count_ratio_5d,sentiment_gap,body_sentiment_gap,sentiment_shock,sentiment_shock_zscore_20d,fomc_sentiment,fomc_sentiment_shock,fomc_recent_5d,sentiment_divergence,body_sentiment_decay_3d,body_sentiment_decay_5d,body_sentiment_decay_7d,body_sentiment_decay_15d,news_any_1d,news_count_change_1d,news_count_surprise_20d,title_sentiment_intensity_1d,body_sentiment_intensity_1d,body_sentiment_change_abs_1d,body_sentiment_surprise_abs_20d,fomc_news_1d,fomc_sentiment_intensity_1d
2026-06-10,152.17886352539062,723.56591796875,22.21999931335449,83.9068374633789,78.29206848144531,28.049999237060547,154.27959942397948,154.4488511552092,152.14899646645537,11712200.0,-0.0111276465305711,-0.0010456113521,0.0359200604775256,0.0272868997974411,0.0418513567256606,0.0158868884785238,0.0139453630574443,,,-0.1076758980610262,,-0.0011892356953862,0.0140649485746482,,,,,0.0070579958317887,0.0020499640630333,0.000422119697895,1.850843048827603e-05,0.0006412374491402,-0.0419576536805286,-0.0011892356953862,0.0140649485746482,0.0151128391648825,-0.0136164204887242,,1.6904340644744875,1.1172840077061053,0.5731500567683825,,,0.0242795436145599,0.4510190259641861,-0.0107791094132045,-0.7004295299979076,,-0.0157655625080272,-0.0381973815066616,-0.0227398047359789,,22.21999931335449,0.1182686650662345,0.3835616470894227,0.2725502110809341,2.471408863539547,0.9843200836175696,0.0330078603866925,-0.0028196738851031,-0.0050404612019737,0.0048802929345306,,-0.0050404612019737,-0.0031598650415414,-0.0026354323164493,0.010810783317497,0.0068197639105,0.0068197639105,,,0.2103178988206062,,1.8136646324181749,,0.0627320943700286,0.0283255043011128,0.0770609692249455,0.041168027525001,1.3745880522897378,1.2493990102934125,0.0741174419841872,165.89773559570312,-0.009373268531164,-0.038922736621522,,128.72364807128906,-0.007548297421412,-0.0515274048031696,,49.56738662719727,0.024521008692246,0.0249434217327593,,52.67064666748047,0.0565886969226046,0.0206683339125153,,1.0,0.0,1.0,0.0,0.999999999,0.0,0.0,1.0,0.8282675743103027,0.0133659467101097,0.1583664119243621,0.814901627600193,0.5235953759379836,0.0103792298254384,0.466025386347532,0.5132161461125451,0.0484742820262908,0.1977309435606002,-0.0880784690380096,-0.0748170092701911,-0.0990429297089576,-0.0032526403665542,0.2604687809944153,-0.0076153120025992,-0.045231070369482,-0.0029656067490577,-0.0828424990177154,0.0247604865580797,0.1170057579874992,-0.0041638538241386,0.071512758731842,0.0865527838468551,0.1553443521261215,0.0387032851576805,-0.0558982416987419,-0.1097698137164115,-0.0016002468764781,-0.0189830511808395,0.193072885274887,-0.0321354418992996,0.0810783058404922,-0.0331950038671493,0.1082721278071403,0.0641378909349441,-0.0421974547207355,0.1567637920379638,0.0,0.0,0.0,0.0,1.0,0.1710720487041813,0.1026432292225089,0.2716338758667309,0.1629803255200384,0.5132161461125451,0.814901627600193,2.446478815725584,4.999997591344501,1.0,1.2572371119293504,0.0,0.814901627600193,0.5132161461125452,0.6519213020801542,2.380640095519669,0.0,0.0,0.0,0.3016854814876479,0.5132161461125451,0.5132161461125451,0.5132161461125451,0.5132161461125451,1.0,1.0,1.2572371119293504,0.814901627600193,0.5132161461125451,0.5132161461125451,0.2780413694376779,0.0,0.0
2026-06-11,153.4134063720703,735.8642578125,19.440000534057617,84.99423217773438,78.75509643554688,27.950000762939453,152.78618295395455,154.47871542751025,152.18881140244568,10548800.0,0.0081124462233463,0.0094333986971872,0.0132167322788621,0.0212750980100369,0.0508763712915667,0.0094241817760894,0.0135329302239017,,,-0.0993323201448063,,0.0042754294487914,0.0201190227690735,,,,,0.0026260306598509,0.002481222768851,0.0008375820452555,7.933929096530618e-05,0.0006505290840776,-0.0341855866663234,0.0042754294487914,0.0201190227690735,0.0149263619081041,0.0041052365206661,,1.8254426891423636,1.258915743993357,0.5665269451490065,,,0.0220299658209108,0.6940733582406786,0.0049679799909506,0.8608116391724603,,0.0169968478867479,-0.0255319771466703,-0.0139139357653638,,19.440000534057617,-0.1251124601802332,0.262337728285795,0.1064314427799431,0.9469703105852872,-0.6758285349315175,0.0274841678470822,0.0129595483184556,0.0056140133601476,0.0164648234825994,,0.0056140133601476,0.0014856496988777,0.0013779075362345,0.0090252705095401,0.0039511713271789,0.0039511713271789,,,0.2084805787797352,,1.804986084835289,,0.0445865212497327,0.0144342452009451,0.0397639619944354,0.0075602754314361,1.1491025348448252,0.5709510600125987,0.0387487094255324,170.4568634033203,-0.0054832109104777,-0.0049027712206376,,132.60983276367188,-0.0050965983983493,-0.0156469751541054,,49.51753616333008,-0.0040104372034881,0.0186627745144809,,52.84010314941406,0.0277238876953436,0.0299202732274201,,0.0,0.0,0.0,0.0,0.0,0.0,0.0,0.0,0.0,0.0,1.0,0.0,0.0,0.0,1.0,0.0,0.0384740631409686,0.1569391539073807,-0.0699079272033425,-0.059382299610308,-0.0786104254050059,-0.0025816223697712,0.2067342084777047,-0.006044277141996,-0.0358999243430817,-0.0023538036365891,-0.065752135044198,0.0196524112047701,0.0928675316578464,-0.0033048529703397,0.056759714220037,0.068696990064637,0.1232968939911618,0.0307188177869636,-0.0443664638378778,-0.0871243588838925,-0.0012701167875651,-0.0150668577070154,0.1532420505959456,-0.0255059171382055,0.0643518939914984,-0.0263468920294006,0.0859356447899449,0.050906277770576,-0.033492142007038,0.1244235041957939,0.0,0.0,0.0,1.0,0.0,0.1710720487041813,0.1026432292225089,0.2716338758667309,0.1629803255200384,0.0,0.0,0.0,0.0,1.0,-0.5388159051125788,0.0,0.0,0.0,-0.1629803255200387,-0.6145241906138109,0.0,0.0,0.0,0.0,0.4073399251130596,0.446780605090942,0.4648320084164549,0.4900401281068252,0.0,-1.0,-0.5388159051125788,0.0,0.0,0.5132161461125451,0.0,0.0,0.0
2026-06-12,153.13462829589844,739.843994140625,17.68000030517578,84.78663635253906,78.75509643554688,27.950000762939453,154.28953846063808,154.4787066142165,152.6965578753566,9111000.0,-0.0018171689343482,-0.0049169985070528,0.0052283572523148,0.0290358911533208,0.0600274411883998,0.009365660860485,0.0130196558121537,,,-0.1362998634915819,,0.0014062431087302,0.0153479981757422,,,,,0.0010429473693612,0.0029147397851237,0.0008674085353208,8.599471987448144e-06,0.0006443539709252,-0.0359406346145791,0.0014062431087302,0.0153479981757422,0.0116377906074665,-0.0074853433114279,,1.8881772045107252,1.3847680360968309,0.5034091684138946,,,0.0213563462997134,0.5658466148186176,-0.0001781694319972,-0.1940246147488112,,0.0054082479015293,0.0056945310068026,0.0034903930164986,,17.68000030517578,-0.090534988710439,-0.1780567123641147,0.0084129604015386,0.0750781082711515,-1.16774686750625,-0.110216428865642,-0.002442469563831,0.0083470342504781,0.0292535306296624,,0.0083470342504781,0.0004881002780503,0.0064207585808033,0.0104844872424856,-0.0024982046281453,-0.0024982046281453,,,0.2069823226365091,,1.80611750723512,,0.0494709262835615,0.0248848032623041,-0.0004635341449267,-0.0030928607832734,1.0903495529666691,0.7822976184218432,-0.0004661737544877,170.6268310546875,0.013179708245343,0.0229574926774129,,133.65878295898438,0.0397916870196233,0.0237200930614043,,49.51753616333008,-0.0081869669445956,0.0249689979987373,,53.30859756469727,0.0298478765773968,0.0504812531449725,,1.0,0.0,1.0,0.0,0.999999999,0.0,0.0,1.0,0.6822142004966736,0.0269228834658861,0.2908629477024078,0.6552913170307875,0.3433632850646972,0.0434969738125801,0.6131397485733032,0.2998663112521171,0.0737339556217193,0.091134175658226,-0.1060538440942764,-0.0445156693458557,-0.104667842388153,0.0732744932174682,0.2503549456596374,0.1723572462797165,0.0313934460282325,-0.0530126988887786,0.0633133202791214,0.1194468513131141,-0.0378005802631378,0.0880308151245117,-0.1050769016146659,0.0923464894294738,0.0886582285165786,0.0787207409739494,0.0233392771333456,0.0066029038280248,-0.2679263949394226,-0.0152542144060134,0.1538752615451812,0.2111470997333526,0.0206444878131151,-0.0460000745952129,0.1047510653734207,0.109710082411766,0.0333328247070312,-0.0237642023712396,0.0,0.0,0.0,0.0,1.0,0.2710274857882204,0.1626164914729324,0.4900643148769933,0.2940385889261959,0.2998663112521171,0.6552913170307875,5.06237019173102,4.0367515562226925,2.0,1.1358152716746088,0.0,0.6552913170307875,0.2998663112521171,0.3612527281045912,1.1867599038053165,0.0,0.0,0.0,0.3554250057786703,0.2998663112521171,0.2998663112521171,0.2998663112521171,0.2998663112521171,1.0,1.0,1.2572371119293504,0.6552913170307875,0.2998663112521171,0.2998663112521171,0.0291505031583806,0.0,0.0
2026-06-15,152.2186737060547,752.890380859375,16.200000762939453,84.73721313476562,78.85362243652344,27.96999931335449,153.03508045482914,153.2043321777189,151.10359638264487,9525300.0,-0.0059813681597468,0.0002616012483063,0.0015722665829196,0.0341585928447791,0.0492039680802627,0.0098272206468258,0.012521359015575,,,0.0454725057622653,,-0.0048945273105786,0.0059214205375255,,,,,0.0003142063731698,0.0024015875504508,0.0009135697451391,-9.614637254333632e-05,0.0006341092404353,-0.0417070286068012,-0.0048945273105786,0.0059214205375255,0.0138007758439066,-0.0053347686448626,61.00498828211943,1.8427428865409752,1.47636300618566,0.3663798803553153,,,0.0196680811438001,0.2511436283594211,-0.0060685685758489,-0.6086530226657454,,0.0176339698937533,0.0211169330986142,0.0219048319667458,,16.200000762939453,-0.0837103799032775,-0.1437631766588918,-0.0717129964449531,-0.6303411229663236,-1.2617894958424072,-0.2709270358436485,-0.0005829128256479,0.0129991825176432,0.0298847769465246,,0.0129991825176432,0.0025052198546724,0.0062861840161223,0.0075648084560955,-0.0021406126229458,-0.0021406126229458,,,0.2021790656062135,,1.796361575686551,,0.0392414592952481,0.0311425270894236,-0.0191404783156282,-0.0112802814966977,0.9329382317224396,0.6969807611439738,-0.0195446665156946,172.16073608398438,0.0315971913323251,0.0497725995719489,,136.2662353515625,0.062057190944343,0.0683794534259234,,49.572452545166016,-0.0027059072720826,-0.0011031193272101,,53.41735076904297,0.0270046558689309,0.0515915276032077,,1.0,0.0,1.0,0.0,0.999999999,0.0,0.0,1.0,0.3883319199085235,0.0149664375931024,0.5967016220092773,0.3733654823154211,0.215294584014801,0.0128413355081445,0.7718640681469079,0.2024532485066565,0.1234462857246398,0.1518150717020034,-0.0538800656795501,0.01564297452569,-0.060830645263195,-0.3351636528968811,-0.1378092169761657,-0.0306984633207321,-0.3355611264705658,0.1903996914625167,-0.0567611306905746,-0.0930278301239013,-0.2934342920780182,-0.0988969057798385,-0.1318034827709198,0.0097528211772441,0.0565479770302772,-0.1177141666412353,-0.164964348077774,0.0622945502400398,0.0545389652252197,-0.0550748407840728,0.0080634951591491,-0.0170910656452178,0.03562967851758,-0.0443388298153877,0.0587582103908062,0.2246825993061065,-0.1107727587223053,-0.0277530346065759,0.0,0.0,0.0,0.0,1.0,0.1674398532529241,0.2031071411742637,0.3428855997820694,0.3687116853892802,-0.3107628976058886,-0.4415361452847719,1.6571168046394256,0.9623657219765168,3.0,1.0289915090903408,0.0,0.3733654823154211,0.2024532485066565,0.0046537969261405,-0.1352355503672581,0.0,0.0,0.0,0.1709122338087646,0.2024532485066565,0.2024532485066565,0.2024532485066565,0.2024532485066565,1.0,0.0,1.1358152716746088,0.3733654823154211,0.2024532485066565,0.0974130627454606,0.1217051487107777,0.0,0.0
2026-06-16,152.26846313476562,748.4019775390625,16.40999984741211,85.20182800292969,78.84375762939453,27.93000030517578,152.92556880815684,153.04503704266804,151.05381877793573,8630000.0,0.0003270914632136,-0.0074631237541775,-0.0105454199680905,0.044672186150789,0.0381482362676179,0.0071907615948083,0.0117237261950379,,,-0.0939917902848204,,-0.0024524173749866,0.0019391847921679,,,,,-0.0021202833862974,0.0018719292026882,0.0009149899612558,-7.676925183421953e-05,0.0005992292532152,-0.0413935791566009,-0.0024524173749866,0.0019391847921679,0.0130770234606622,-0.0042968986711146,60.549056946309015,1.790118086016946,1.5391140221519173,0.2510040638650288,,,0.015341535052394,0.3401452418802094,0.0028147993812728,0.0454877294168763,,-0.0059615628442341,0.0180178213049169,0.0226241649460048,,16.40999984741211,0.012962905838441,-0.1741318996318058,-0.0552133279490367,-0.4811643676495313,-0.7921269883402999,-0.1558642285702175,0.0054830085977117,0.0125704793799219,0.0422671893383048,,0.0125704793799219,0.0016269566538078,0.0051493653457301,0.0061239220062063,-0.0028561200661314,-0.0028561200661314,,,0.203458125051277,,1.7871501903636366,,0.0575368735435217,0.0381270203412229,-0.0280577026013106,-0.022828928769648,0.8675476204922034,0.4944099153827076,-0.0285632412730074,171.4307861328125,0.0124239671933517,0.0443030585603774,,135.207275390625,0.0301415677595855,0.0674343022620571,,49.83204650878906,-0.0187381512858545,-0.0058576231520176,,53.20783233642578,0.0035516863027249,0.0518012401470791,,1.0,0.0,1.0,0.0,0.999999999,0.0,0.0,1.0,0.8983030319213867,0.0099806059151887,0.091716282069683,0.8883224260061979,0.7174832193616463,0.0871670123639132,0.1953498104503795,0.630316206997733,0.1186613142490387,0.1235833913087844,-0.3745318651199341,-0.0128197893500328,-0.0554143637418746,0.1014560312032699,0.0542468279600143,-0.1336124837398529,-0.2032952904701233,0.0344391874969005,-0.0602469593286514,0.0665652528405189,-0.0539854615926742,-0.1242803707718849,-0.1382393538951873,0.0563738867640495,-0.0189378038048744,-0.1198703199625015,-0.0566367283463478,0.1367608308792114,0.0058445371687412,0.0186187773942947,0.054877370595932,0.0162719115614891,0.1667177826166153,-0.0757206454873085,-0.0475694462656974,0.0845337212085723,-0.009128101170063,0.0030562877655029,0.0,0.0,0.0,0.0,1.0,0.3775452555855018,0.3291703825738103,0.6389930751174687,0.5463761705905197,0.630316206997733,0.8883224260061979,5.293788178055443,2.8322209304416286,4.0,0.9330078210652288,0.0,0.888322426006198,0.630316206997733,0.3419462554156779,1.0073317483618005,0.0,0.0,0.0,0.2580062190084649,0.630316206997733,0.630316206997733,0.630316206997733,0.630316206997733,1.0,0.0,1.0289915090903408,0.8883224260061979,0.630316206997733,0.4278629584910766,0.3235442595961241,0.0,0.0
2026-06-17,150.04824829101562,739.0560302734375,18.440000534057617,85.34022521972656,78.54821014404297,28.18000030517578,151.38236078693367,151.90008175243497,149.31149211671723,10991400.0,-0.0145809237056855,-0.0201546837526458,-0.0140007303577971,0.0214164230385469,0.0243321492329042,0.0083477045554587,0.0130675657772418,,,0.2736268829663963,,-0.014245716123442,-0.0147097343258976,,,,,-0.0028199330215529,0.0012020419253893,0.0006678848175315,-0.0002426095452792,0.0005210601350239,-0.0553709462426988,-0.014245716123442,-0.0147097343258976,0.0172517151329698,-0.0088128662347641,49.57089397797103,1.551376467460898,1.5415665112137134,0.0098099562471845,,,0.0347121813105789,0.0896046982475121,-0.0078626957881369,-1.746698372243218,,-0.0124878708850514,0.0214080181501259,-0.0003912185752792,,18.440000534057617,0.1237051008849121,-0.1701169620210136,0.0586141785730642,0.5086058736338775,0.5898821490905588,0.0429864375431796,0.0016243456277971,0.0170830864287223,0.0328872087139273,,0.0170830864287223,0.000627562563332,0.0032716170049633,0.0114859902302126,0.004634619310202,0.004634619310202,,,0.203026891256811,,1.7582359069792055,,0.0397229218341912,0.0093481333163512,-0.0346666051947114,-0.0305617281432374,0.9412206508567162,0.6190436250806627,-0.035408748507923,173.43067932128906,0.0454071521744208,0.0330795888133541,,139.2532958984375,0.0818004149580733,0.0583098175381484,,48.324405670166016,-0.0250765884911357,-0.0476779960929694,,52.30989074707031,-0.0068492783596844,0.0383474669960448,,1.0,0.0,1.0,0.0,0.999999999,0.0,0.0,1.0,0.879989504814148,0.0084441006183624,0.111566461622715,0.8715454041957855,0.4166031768758788,0.0772954152872625,0.5061014027475921,0.3393077615886163,0.1230119466781616,0.1738713234663009,-0.0840556323528289,0.0164798106998205,0.331579327583313,-0.00277641415596,0.3280998170375824,0.1996585130691528,0.0137099921703338,0.0599664859473705,0.1588708758354187,0.0437143594026565,0.0091669186949729,-0.0181292705237865,-0.0409105196595191,-0.1263720691204071,0.0620725490152835,-0.0022151805460453,0.049896627664566,-0.109842836856842,-0.0693857818841934,-0.0759691148996353,-0.0866579487919807,0.111051820218563,-0.0430316962301731,0.0361203178763389,-0.0115063861012458,-0.0082608181983232,0.0295559167861938,-0.0052987411618232,0.0,0.0,0.0,0.0,1.0,0.3906924056976682,0.2943887056690245,0.7110777708391347,0.5577049259096383,0.0394414503364992,0.216254087164998,3.343516871922818,1.7503431962447673,4.0,0.8451542532999404,0.0,0.8715454041957855,0.3393077615886163,0.3138404782861469,0.8361433950185856,0.0,0.0,0.0,0.5322376426071692,0.3393077615886163,0.3393077615886163,0.3393077615886163,0.3393077615886163,1.0,0.0,0.9330078210652288,0.8715454041957855,0.3393077615886163,0.2910084454091167,0.0079072182625081,0.0,0.0
2026-06-18,148.74398803710938,746.739990234375,16.399999618530273,85.75540924072266,78.82405853271484,28.299999237060547,150.6057873166077,150.6057873166077,148.13666590059287,10879300.0,-0.0086922724441051,-0.0228269343330055,-0.0304368336860749,-0.0176223768894578,0.0084373641575059,0.0058800126176077,0.0087418100795457,,,-0.0101988827628873,,-0.0167818962297287,-0.0215598214332315,,,,,-0.0061819305852576,0.000420098427911,0.0003563002764676,-0.0003287235225869,0.0005010901826961,-0.0635819193365745,-0.0167818962297287,-0.0215598214332315,0.0165998064768762,-0.0123620699620552,49.82240137600054,1.2426051338935622,1.481774235749683,-0.2391691018561208,,,0.0481158816614518,0.151219188961188,-0.0010832943331033,-1.4782742029841858,,0.0103969924419595,0.0147795361799543,0.0080027485168843,,16.399999618530273,-0.1106291136900772,-0.1563786436220235,-0.057525457900272,-0.4967084191943815,-0.6355482302771979,0.012345607788387,0.0048650448241391,0.0089556319703736,0.0340918761360271,,0.0089556319703736,0.0022547666055126,0.0008756525010975,0.0165229555298653,0.0125223064245914,0.0125223064245914,,,0.1991911374539134,,1.7345143513871233,,-0.0065656595664107,-0.0317777115811584,-0.0445578258665346,-0.0390428125957528,0.6102936050850634,0.4821739781653052,-0.0452163698660292,173.6306610107422,0.0186193594323762,0.0272354555172973,,140.58200073242188,0.0601174724573965,0.0597982178533074,,48.99335861206055,-0.0105856953290359,-0.0276176171106028,,52.17021179199219,-0.0126777072241446,0.0425886793724361,,1.0,0.0,1.0,0.0,0.999999999,0.0,0.0,1.0,0.5238250494003296,0.0132901733741164,0.4628846943378448,0.5105348760262132,0.7638812855962148,0.010491890780345,0.2256269056619016,0.7533893948158698,0.1340355575084686,0.01360584795475,-0.1991669237613678,-0.0078094452619552,0.1049826294183731,0.2151379436254501,0.2082837522029876,0.0766404792666435,-0.1248589307069778,-0.0408696085214614,-0.0877046585083007,0.1113603860139846,-0.0338438227772712,0.0900281518697738,0.0036739557981491,0.0695561915636062,0.0433526560664176,-0.0798861384391784,0.106064461171627,-0.0031997021287679,0.0451421961188316,-0.0867239311337471,0.0954020544886589,-0.0351120084524154,0.0760327130556106,-0.0584917813539505,-0.0372762158513069,-0.0276883970946073,0.0600396357476711,-0.0173225924372673,0.0,0.0,0.0,0.0,1.0,0.5743377878007393,0.4450665846321985,0.7568009020760654,0.6598119011148809,0.5509361463092133,0.137169393710792,0.4341378616181915,0.2268098783670216,5.0,0.8451542532999404,0.0,0.5105348760262132,0.7533893948158699,-0.149277025088668,-0.9994940543599156,0.0,0.0,0.0,0.2428545187896565,0.7533893948158698,0.7533893948158698,0.7533893948158698,0.7533893948158698,1.0,0.0,0.8451542532999404,0.5105348760262132,0.7533893948158698,0.4140816332272534,0.4070529947716906,0.0,0.0
2026-06-22,150.05999755859375,744.3900146484375,17.280000686645508,85.10297393798828,78.75509643554688,28.36000061035156,149.3300018310547,150.6199951171875,149.05999755859375,11706100.0,0.0088474804182072,-0.0145037621757386,-0.0200779586663027,-0.0149545761547925,0.0055494558416728,0.0089677112577461,0.0090518731016562,,,0.0759975366062155,,-0.0040345467828597,-0.0114216351565521,,,,,-0.0040564520282508,0.0002767057171705,0.0005601911681891,-0.0002424912326898,0.0005261794035824,-0.0552969787046497,-0.0040345467828597,-0.0114216351565521,0.010395825562936,0.0048884733046809,57.42663339486878,1.0915103456741235,1.4037214577345711,-0.3122111120604476,,,0.0407448638825818,0.4009802365646268,0.0136820678101201,0.9865928080559172,,-0.0031469796939627,0.0061445663461701,0.0008955144998339,,17.280000686645508,0.0536586029624615,-0.0226244124222766,-0.0086058190941223,-0.0746707060837435,0.3578022733383715,0.0530165050166406,-0.0076080950287688,0.0037309840212778,0.0206497667613967,,0.0037309840212778,0.0064207585808033,0.0,0.0121341951118236,0.0146690460186231,0.0146690460186231,,,0.2015878700756947,,1.7632756014841209,,-0.0265138363116885,-0.0267399388552878,-0.0260623829711671,-0.0237204420971385,0.788694544903937,0.7248991317585951,-0.0262225250124729,176.990478515625,0.0372957020979771,0.0487877984797195,,145.86000061035156,0.0912863141594768,0.1089410821892509,,48.26449966430664,-0.0253049040018951,-0.0426517057330277,,52.74888229370117,-0.0104995309680919,0.0445812444684299,,0.0,0.0,0.0,0.0,0.0,0.0,0.0,0.0,0.0,0.0,1.0,0.0,0.0,0.0,1.0,0.0,0.0531920462475218,0.0053994843390724,-0.0790394460740163,-0.0030991804060289,0.0416623840942782,0.0853775495073286,0.0826574618387266,0.0304147943528042,-0.0495502994879702,-0.0162191148901241,-0.034805616794647,0.044193398476546,-0.0134309299698164,0.0357276957462079,0.0014580103247166,0.0276033929147425,0.0172045129613617,-0.0317028350490072,0.0420917093100702,-0.0012698026312977,0.017914692401797,-0.0344164148781319,0.0378603304138061,-0.0139342097885201,0.0301736021721181,-0.0232124788131887,-0.0147930760639395,-0.0109881476688232,0.0238267452364101,-0.0068744753644336,0.0,0.0,0.0,4.0,0.0,0.3642323854681616,0.385093322381775,0.4606934267406661,0.5287536377087234,-0.630316206997733,-0.8883224260061979,0.0,0.0,4.0,-0.8451542532999404,0.0,0.0,0.0,-0.5287536377087237,-2.103232950550129,0.0,0.0,0.0,0.0,0.2989827794680992,0.4327085792486006,0.5069934658049267,0.6262458155230317,0.0,-1.0,-0.8451542532999404,0.0,0.0,0.7533893948158698,0.0,0.0,0.0
2026-06-23,152.17999267578125,733.5800170898438,19.489999771118164,85.21170806884766,78.6861343383789,28.450000762939453,151.49000549316406,152.42999267578125,151.0,9479900.0,0.0141276499512117,0.0142070594561767,-0.0002541148817793,0.0013177521648033,,0.0118967869567308,0.0102887873338464,,,-0.1901743535421702,-0.1603764352023864,0.0100879685702857,0.0024123989684303,0.0115849841349588,,,,-5.08294348873565e-05,,0.0010800575168632,-0.0001186293251646,0.0005792524157251,-0.0419505451119369,0.0100879685702857,0.0024123989684303,0.0093967193100596,0.0045546713155827,66.05465186175164,1.129808793361292,1.3489389248599153,-0.2191301314986233,0.0640742232280402,0.6808056898907361,0.0404892988489919,0.749151475996401,0.0093919634658194,1.1875180092807145,-0.0182070044222586,-0.0145219540104916,-0.0256483071911342,,,19.489999771118164,0.1278934604545825,0.2030863489651928,0.1089615741313994,0.9344903049897318,1.4022282231440475,0.0569413886469938,0.0012776772165283,0.005599605138387,,,0.005599605138387,0.0041487938247504,-0.0021240380970367,0.0149839481271953,0.0171612964379224,0.0171612964379224,0.3823429739315115,2.1916691333172493,0.2074483889017158,0.0269405725116809,1.785904732162227,0.0040363058926149,0.0064233252944516,-0.0170357416032473,0.0260626552986718,-0.0058211240241694,0.8235502954753054,1.2078462297525323,0.0253941923093548,178.08042907714844,0.0343846868212522,,,147.02999877929688,0.0789906861370626,,,49.04327774047852,-0.0106747755561491,,,53.13798904418945,-0.0052297937061943,,,0.0,0.0,0.0,0.0,0.0,0.0,0.0,0.0,0.0,0.0,1.0,0.0,0.0,0.0,1.0,0.0,0.0422185550848286,0.0042855735599646,-0.0627336499224386,-0.0024598211183848,0.0330674561693802,0.0677642059512003,0.0656052709379079,0.0241402382755189,-0.0393280987662716,-0.012873120019288,-0.0276252363571124,0.0350763236158594,-0.0106601361814989,0.0283570909059651,0.0011572235616178,0.0219088274753769,0.013655230986733,-0.0251625568535842,0.0334082118189725,-0.001007843016357,0.0142189007821496,-0.0273163265912603,0.0300497641633697,-0.0110595896383212,0.0239488039148451,-0.0184237566434226,-0.0117412722528716,-0.0087212985843359,0.0189113002266278,-0.0054562747126157,0.0,0.0,0.0,5.0,0.0,0.2511297982719562,0.3446026726804438,0.1701782920087375,0.4540805412456391,-0.3393077615886163,-0.8715454041957855,0.0,0.0,3.0,-0.7633700354170053,0.0,0.0,0.0,-0.4540805412456395,-1.7246975235431872,0.0,0.0,0.0,0.0,0.2373027893240184,0.3766946974079349,0.4591959796066958,0.5979655589361984,0.0,0.0,-0.8451542532999404,0.0,0.0,0.0,0.0,0.0,0.0
2026-06-24,153.35000610351562,733.239990234375,18.6299991607666,86.37818908691406,78.66641998291016,28.530000686645508,153.1300048828125,154.6699981689453,152.4600067138672,10070100.0,0.0076883525039135,0.0309660788794845,0.0071028691462708,-0.0035174535599455,0.0371444175117976,0.0123916790216389,0.0097353965695274,0.0114481686885046,1.0824157362099291,0.0622580406966317,-0.1216383593379295,0.0163946038440674,0.0104795943911102,0.0175050741757336,,,,0.00141555251737,0.0018235592134109,0.0011426822812739,-7.566256480232619e-06,0.0006193600815473,-0.0345847231865753,0.0163946038440674,0.0104795943911102,0.0144114207180814,0.0014366957074904,66.09711723215278,1.240273790276092,1.3272058979431507,-0.0869321076670588,0.0640512458328318,0.7732979499168597,0.0490961881091119,0.8339282432198585,-0.0026336737892479,0.6204447250484,-0.005583351909851,-0.0004635170636431,-0.0202591491734749,-0.0205985341511667,,18.6299991607666,-0.0441252242406887,0.1352833232173729,0.0551653328324708,0.4733352838245565,0.4801277921204236,0.135975585006518,0.0136892106085226,0.013806758746349,0.0308308860979853,,0.013806758746349,0.0028885544943051,-0.0022492287508409,0.018564814477491,0.0214822905447136,0.0214822905447136,0.2489397524124502,2.1161069838338435,0.2091402653236335,0.032340674986117,1.7753324968322068,-0.0022105275440232,-0.0009134808158014,-0.029290561546706,0.027927812029745,-0.0066125911493902,0.7811608204189576,1.2341591724040586,0.0273620183197458,181.52023315429688,0.0588543472796525,0.0716298090136602,,149.7100067138672,0.1072629507646139,0.1237866891101882,,49.54249954223633,-0.0058104570620366,-0.0134000695703012,,53.37744140625,0.0031876711073626,0.0754983852047275,,0.0,0.0,0.0,0.0,0.0,0.0,0.0,0.0,0.0,0.0,1.0,0.0,0.0,0.0,1.0,0.0,0.0,0.0,-0.0,-0.0,0.0,0.0,0.0,0.0,-0.0,-0.0,-0.0,0.0,-0.0,0.0,0.0,0.0,0.0,-0.0,0.0,-0.0,0.0,-0.0,0.0,-0.0,0.0,-0.0,-0.0,-0.0,0.0,-0.0,0.0,0.0,0.0,6.0,0.0,0.0,0.2185394312808972,0.0,0.2764160560443996,-0.7533893948158698,-0.5105348760262132,0.0,0.0,2.0,-0.7633700354170053,0.0,0.0,0.0,-0.2764160560443999,-0.9806355403604946,0.0,0.0,0.0,0.0,0.1883473487039674,0.3279317810191407,0.4159046652646307,0.5709623933778284,0.0,0.0,-0.7633700354170053,0.0,0.0,0.0,0.0,0.0,0.0
2026-06-25,155.6300048828125,734.2999877929688,18.88999938964844,86.34852600097656,78.69597625732422,28.479999542236328,153.9499969482422,157.2100067138672,153.58999633789062,9419200.0,0.0148679405839593,0.0371185353514604,0.0371997451177914,0.0226781911592213,0.0505839084864112,0.0095153273077596,0.0099930750321833,0.0118104004661353,0.8056734849398213,-0.0646368953635018,-0.1761014128611696,0.0239301274972392,0.0231765555501974,0.0300725386681632,,,,0.0073049057883371,0.0024673056460836,0.0010684335452511,7.728771830479586e-05,0.0006663836570063,-0.0202309862120666,0.0239301274972392,0.0231765555501974,0.0232603627989498,0.0109126857283091,61.84904741573688,1.494566510534696,1.36067802046146,0.1338884900732362,0.0680175176260708,0.9421293178249796,0.071343943877896,0.835419184818199,0.0024950954668058,1.5625252332948607,0.0063068913253495,0.0014456352254532,-0.0064352935172034,-0.0190127285337781,,18.88999938964844,0.0139559978848189,0.0244034079478305,0.062071259761147,0.5387975648048364,0.5948669250969356,0.0931712175363039,-0.0003434094445723,0.0118150705444461,0.0280606081085255,,0.0118150705444461,0.0051589871581261,0.0018812155364238,0.0153297795676106,0.0106458209301525,0.0106458209301525,0.3725894796104655,1.6742121455889911,0.2119433575786622,0.0425643338292807,1.802346977886483,0.0118736706678872,0.0077285802452908,-0.0062402135044128,0.0439176616784853,0.0250882550698579,0.8924718383100493,1.058434484854858,0.0436350386349948,183.66012573242188,0.0589829115077285,0.0813269713339894,,151.58999633789062,0.088591802153471,0.1285891082641479,,50.07167434692383,0.0361570649970046,0.0214732916339042,,54.32526397705078,0.0385275748275835,0.0804904187466546,,0.0,0.0,0.0,0.0,0.0,0.0,0.0,0.0,0.0,0.0,1.0,0.0,0.0,0.0,1.0,0.0,0.0,0.0,-0.0,-0.0,0.0,0.0,0.0,0.0,-0.0,-0.0,-0.0,0.0,-0.0,0.0,0.0,0.0,0.0,-0.0,0.0,-0.0,0.0,-0.0,0.0,-0.0,0.0,-0.0,-0.0,-0.0,0.0,-0.0,0.0,0.0,0.0,7.0,0.0,0.0,0.1506778789631739,0.0,0.1021069752052425,0.0,0.0,0.0,0.0,1.0,-0.7633700354170053,0.0,0.0,0.0,-0.1021069752052428,-0.323788051860414,0.0,0.0,0.0,0.0,0.1494913897340496,0.2854811966889142,0.3766946974079349,0.5451786474654159,0.0,0.0,-0.7633700354170053,0.0,0.0,0.0,0.0,0.0,0.0
2026-06-26,160.33999633789062,728.989990234375,18.40999984741211,86.35841369628906,78.646728515625,28.459999084472656,156.32000732421875,160.63999938964844,156.17999267578125,16563800.0,0.0302640320459071,0.0536207389593861,0.0779595091795455,0.0451498348783248,0.067385500050535,0.0090132713957713,0.0133263884891506,0.0131257366161411,0.6866868483404268,0.7585145235264141,0.4107903255273599,0.0390636946267688,0.0493633821018388,0.0577034887985665,,,,0.0150139821446871,0.0032606100231032,0.0014385140522276,0.0003509709651343,0.0008611250222715,0.0,0.0390636946267688,0.0493633821018388,0.0278159337391304,0.0257164075314693,68.53822719048868,2.052492415865657,1.4990408995422997,0.553451516323358,0.0867060848340789,1.1655067970026354,0.1017434026017083,0.8839432693212577,0.0123904523927784,3.357718564026294,0.0156509394084276,-0.0072313736168696,-0.0237699871871451,-0.0314496978777363,,18.40999984741211,-0.0254102465720228,0.1225609924167769,0.0273724087594533,0.2458704165107051,-0.1600917118869518,-0.0554130290604971,0.0001145091383769,0.0070316783618129,0.0229020340434469,,0.0070316783618129,-0.0013760115195917,-0.0022496940704498,0.0182468088591052,0.0056537050079696,0.0056537050079696,0.0916525174643917,1.436038982299087,0.2199481453597741,0.0765478643156143,1.856680657680731,0.0401184831546279,0.0550054429393858,0.0286398733373944,0.1042064831356424,0.0704325716278502,1.3273347461173468,1.4208132708909804,0.1017294963666907,187.3499298095703,0.0790140907082035,0.0879374452350301,,155.3800048828125,0.1052624381022755,0.1437056052444987,,50.950294494628906,0.0399428807905124,0.035606310133692,,55.48260498046875,0.0634920402792957,0.0998023605576492,,0.0,0.0,0.0,0.0,0.0,0.0,0.0,0.0,0.0,0.0,1.0,0.0,0.0,0.0,1.0,0.0,0.0,0.0,-0.0,-0.0,0.0,0.0,0.0,0.0,-0.0,-0.0,-0.0,0.0,-0.0,0.0,0.0,0.0,0.0,-0.0,0.0,-0.0,0.0,-0.0,0.0,-0.0,0.0,-0.0,-0.0,-0.0,0.0,-0.0,0.0,0.0,0.0,8.0,0.0,0.0,0.0,0.0,0.0,0.0,0.0,0.0,0.0,0.0,-0.7633700354170053,0.0,0.0,0.0,0.0,0.0234224573311118,0.0,0.0,0.0,0.0,0.1186513946620092,0.2485258165879858,0.3411813016450983,0.5205592541635892,0.0,0.0,-0.7633700354170053,0.0,0.0,0.0,0.0,0.0,0.0
2026-06-29,160.74000549316406,741.0,17.649999618530273,86.44738006591797,78.82405853271484,28.3700008392334,160.6999969482422,161.08999633789062,159.8800048828125,12935000.0,0.0024947559212267,0.0481904081872679,0.0711715854213586,0.0496646466047505,0.080142595031055,0.0104574588146252,0.0131679111705421,0.0127857553958653,0.8178991129540818,-0.2190801627645829,0.1029391388206864,0.0274340634868537,0.0467710623254782,0.0561875035793597,,,,0.0137505978221485,0.0038546532428387,0.001584158374469,0.0002093904756785,0.0007873147106498,0.0,0.0274340634868537,0.0467710623254782,0.0075276310422272,0.0002489641921695,70.25630784603182,2.498133186948877,1.6988593570236152,0.7992738299252617,0.0998102448376364,1.062943249671025,0.1007015541034965,0.772429395266912,-0.0135687134745292,0.2385623244506936,0.0081741620761758,0.0164748623801593,-0.0045540839905523,-0.0179396747536061,,17.649999618530273,-0.0412819247789765,0.0214119743739773,-0.0214016604497792,-0.2030534822070947,-1.431206122198068,-0.0526033057639709,0.0010301992107195,0.0157974047876319,0.02371696021909,,0.0157974047876319,0.0008756525010975,0.0008756525010975,0.0150268359509617,0.0003526173718835,0.0003526173718835,1.0386024678839536,1.0084398979038485,0.2169230843362538,0.056647899436145,1.85939707334793,0.0388139109888634,0.0480271047938813,0.0294995014994197,0.0760721081819095,0.0545130164467229,1.161425652600872,0.9057437627338044,0.0757256694119109,189.77978515625,0.072259856845892,0.1024317586369685,,158.30999755859375,0.0853557993702531,0.159304980450494,,50.590858459472656,0.0482002053547949,0.0364914899561747,,55.203250885009766,0.0465293004246589,0.1021043495770692,,1.0,0.0,1.0,0.0,0.999999999,0.0,0.0,1.0,0.403773695230484,0.018690787255764,0.5775355100631714,0.38508290797472,0.2368442860055477,0.0254740039322604,0.7376817683590219,0.2113702820732872,0.0841313302516937,0.1255089491605758,0.360588401556015,0.056443627923727,0.2004083544015884,-0.0614029318094253,0.1838686466217041,-0.2895630598068237,0.1381974518299102,-0.1040893197059631,-0.0117346048355102,-0.0474181175231933,-0.1891722977161407,-0.0557936616241931,0.0882570743560791,-0.011343590915203,0.0826530084013938,-0.0052254162728786,0.0283926054835319,0.0059309657663106,-0.0302413702011108,0.0031618699431419,-0.0058440566062927,0.0627361312508583,0.0044628200121223,0.0837819203734397,-0.0561332330107688,-0.0598680898547172,0.0806357413530349,0.0710014253854751,0.0,0.0,0.0,0.0,1.0,0.0704567606910953,0.0422740564146574,0.1283609693249065,0.0770165815949438,0.2113702820732872,0.38508290797472,1.1944503963666482,4.99999901860751,1.0,0.8451542532999404,0.0,0.38508290797472,0.2113702820732872,0.3080663263797758,1.0412039432377205,0.0,0.0,0.0,0.1737126259014328,0.2113702820732872,0.2113702820732872,0.2113702820732872,0.2113702820732872,1.0,1.0,0.9330078210652288,0.38508290797472,0.2113702820732872,0.2113702820732872,0.1879932344168186,0.0,0.0
2026-06-30,158.66000366210938,746.77001953125,16.450000762939453,85.42919158935547,78.78465270996094,28.40999984741211,161.00999450683594,161.25,157.9600067138672,11559400.0,-0.0129401627471211,0.0194692455454101,0.0425812281390614,0.0423162927335272,0.0779203505924914,0.0158951481262109,0.0139685144267515,0.0129175184722777,1.2305108701653995,-0.1063471202164669,-0.0100354727154697,0.0058068791654328,0.02890968342109,0.0386067245805517,,,,0.0083399176671254,0.0037516791739621,0.0014273595387264,1.8500941712144343e-05,0.0007801421094195,-0.0129401627471211,0.0058068791654328,0.02890968342109,0.0207361225904126,-0.0145953103838332,60.94137845803099,2.652887112961878,1.889664908211268,0.7632222047506099,0.1012904335781442,0.8811487740425868,0.0805181446681656,0.5721188893430725,-0.0194299112622579,-0.8140950829950347,0.0046789564510793,0.007786800986842,0.0179803186211802,-0.0129803329852635,,16.450000762939453,-0.0679886051856325,-0.1559773752631656,-0.0889454627431278,-0.8538083004389481,-1.5794877433379262,-0.1291688038934551,-0.0117781299535753,0.0025522727502669,0.0111150301003659,,0.0025522727502669,-0.0008746551449556,0.0012520423377053,0.0157311599878207,-0.0014060075379488,-0.0014060075379488,0.7729202291714358,1.0629358087547922,0.2124616675984137,0.0304195693952884,1.857210640886815,0.0342669120908964,0.0508588857178107,0.0338735063273707,0.024166390123536,0.0399270506653826,1.396009880212091,1.772254798827391,0.0246009095178811,190.1797790527344,0.0679431762282212,0.1230841706108865,,158.25,0.076310965883535,0.1854913599529601,,49.33282852172852,0.0059039851043849,0.0132006781045226,,55.203250885009766,0.0388660142765817,0.0955636835714441,,1.0,0.0,1.0,0.0,0.999999999,0.0,0.0,1.0,0.2885894477367401,0.0101603176444768,0.7012501955032349,0.2784291300922632,0.5527508036418951,0.0092999930872444,0.4379491378539252,0.5434508105546507,0.1098272502422332,0.0075838714838027,0.0673105865716934,0.0064001530408859,0.0454169064760208,0.1927899271249771,-0.159180074930191,0.0654723420739173,0.1722651422023773,-0.1047468185424804,-0.104573905467987,0.0120692253112792,-0.1337759494781494,-0.0288202762603759,0.0336953401565551,-0.0480899438261985,0.075912982225418,-0.0033425763249397,-0.0674417838454246,0.0056140068918466,-0.164807379245758,-0.100553810596466,0.000359870493412,-0.0532250255346298,-0.0142089091241359,-0.0595185011625289,0.0335383117198944,-0.1022151410579681,-0.0139538571238517,0.0229925066232681,0.0,0.0,0.0,0.0,1.0,0.2516070308759789,0.1509642185255875,0.2211706793556609,0.1327024076133965,0.5434508105546507,0.2784291300922632,0.443430474507656,1.3372048868617366,2.0,1.105541594562902,0.0,0.2784291300922633,0.5434508105546507,0.1457267224788664,0.434472694424845,0.0,0.0,0.0,0.2650216804623875,0.5434508105546507,0.5434508105546507,0.5434508105546507,0.5434508105546507,1.0,0.0,0.8451542532999404,0.2784291300922632,0.5434508105546507,0.3320805284813635,0.1649754312219691,0.0,0.0
2026-07-01,159.5399932861328,745.760009765625,16.59000015258789,84.85173034667969,78.77375793457031,28.489999771118164,159.61000061035156,159.9600067138672,158.5,10123700.0,0.0055463860060001,-0.0049894166772458,0.0403650925089547,0.0477546696253938,0.0945601612672577,0.0159504171369525,0.0139034053713086,0.0125179241597905,1.2742061430585745,-0.1242019481980033,-0.1258769335710677,0.0035097844481783,0.0297604902755337,0.0396770501957775,,,,0.0079143404077709,0.0045176301682888,0.0014865331874113,0.0001453633111886,0.0008507011144783,-0.007465547878697,0.0035097844481783,0.0297604902755337,0.0091513524840676,-0.0004386148985091,67.5603248386545,2.814099337105404,2.0745517939900955,0.7395475431153082,0.0985696405666137,0.9025281006169796,0.0512328179095866,0.5685065665209408,0.0072095248984153,0.3477266839262797,-0.0065479468892034,-0.0013525044380584,0.0170749273061989,-0.0156519668339587,,16.59000015258789,0.0085106007997182,-0.1095007568478477,-0.0832734636620073,-0.820379644687118,-0.9333655511440996,-0.0988592998320994,-0.0067595306935777,-0.0176718076214639,0.0021698373505061,,-0.0176718076214639,-0.0008878279895442,0.0013644697659238,0.0200501059729172,-0.0014020650040176,-0.0014020650040176,0.6917405075710441,1.2686261900642128,0.2139294024846847,0.0321465048357343,1.880220858600036,0.0424742988391968,0.0514664992158393,0.0520776981913657,0.0228991636480917,0.0590809676243664,1.412197635857889,1.7570817021147322,0.0232901652027557,190.1097717285156,0.0473200062877696,0.1575256240856837,,156.5500030517578,0.0456883042625437,0.2265472325651638,,49.90193557739258,0.0072551049801155,0.0387130543627203,,56.9592170715332,0.0671027979408509,0.1442202479126999,,1.0,0.0,1.0,0.0,0.999999999,0.0,0.0,1.0,0.8307031393051147,0.0103730391710996,0.1589238792657852,0.8203301001340151,0.6058026472514964,0.0151402724179673,0.3790571018555426,0.590662374833529,-0.0672805309295654,0.1161022707819938,-0.4252770841121673,0.1414703726768493,-0.1048021242022514,-0.0363741964101791,-0.033460795879364,-0.2180418521165847,0.1494878083467483,-0.1296688467264175,-0.0933984220027923,-0.085130825638771,-0.0186794325709342,-0.2240410149097442,-0.0692337080836296,-0.0659455582499504,0.0322355553507804,0.0669955685734748,0.0758324638009071,0.0126436371356248,0.0591943934559822,0.1069806739687919,-0.1619115620851516,-0.125010073184967,0.0888058245182037,-0.0890563204884529,0.0006258338689804,-0.0115375202149152,0.0557744465768337,-0.0530916228890419,0.0,0.0,0.0,0.0,1.0,0.4484944891538219,0.2690966934922933,0.4946140460669992,0.2967684276401995,0.590662374833529,0.8203301001340151,1.099498772104471,1.5166275167370753,3.0,0.9999999979999924,0.0,0.8203301001340152,0.590662374833529,0.5235616724938152,1.5676523110653435,0.0,0.0,0.0,0.229667725300486,0.590662374833529,0.590662374833529,0.590662374833529,0.590662374833529,1.0,0.0,1.105541594562902,0.8203301001340151,0.590662374833529,0.0472115642788782,0.1677397841767934,0.0,0.0
2026-07-02,163.74000549316406,744.780029296875,16.149999618530273,84.84181213378906,78.89253234863281,28.34000015258789,160.6699981689453,163.85000610351562,160.3800048828125,14719400.0,0.0263257639700322,0.0186636798399735,0.0521107778442742,0.0912490306157627,0.114619681495834,0.0178815844723276,0.0135942272966874,0.0134194719547323,1.3325101911712374,0.4539545818228514,0.2446937691743083,0.019526317040589,0.0476115313460667,0.0612250549081596,,,,0.0101596821809956,0.0054256626948921,0.0015707918757872,0.0004047041239561,0.0009806271399586,0.0,0.019526317040589,0.0476115313460667,0.0211921406149457,0.0191075331997615,71.58117286903281,3.2433794114299985,2.3083173174780764,0.935062093951922,0.1064699934374028,1.0750451646656276,0.0479625381047129,0.9071160078717856,0.0201045373567077,1.4722276171076811,0.0082631033836675,-0.0013140694806872,0.0142721526326117,-0.0099984471487818,,16.149999618530273,-0.026522033153145,-0.1450502837294776,-0.1078087678977256,-1.0653431310730404,-0.9498454968072216,-0.0849858375308512,-0.0001168887522988,-0.0174492135183692,0.0060463821946104,,-0.0174492135183692,0.004383577982979,0.002497663802605,0.0056777801873453,-0.0049157089852061,-0.0049157089852061,1.196086341805867,0.5756130973367479,0.219850155820835,0.0544599208458207,1.9299446979628223,0.0644956250838484,0.0828622477538905,0.0976596998741918,0.0373061856361232,0.0707953139111796,1.5277752526342587,1.920861459362656,0.0378386252116624,195.68946838378903,0.0654978461078317,0.1685223897228893,,160.4600067138672,0.0585131643924941,0.2371371480301334,,51.79896926879883,0.0344964482295391,0.0706461618327438,,57.3682746887207,0.0560146511751036,0.1508244996634475,,1.0,0.0,1.0,0.0,0.999999999,0.0,0.0,1.0,0.449611634016037,0.0127006163820624,0.5376877188682556,0.4369110176339745,0.4958732076573511,0.0137929507245732,0.4903338809273727,0.4820802569327778,0.0081177353858947,0.2195859551429748,-0.3986891508102417,0.1109295114874839,-0.1520318686962127,-0.0348554998636245,-0.0711872279644012,-0.2365910708904266,-0.09949591755867,-0.1670926660299301,0.0043263584375381,-0.1830818355083465,-0.2212434560060501,-0.021392285823822,-0.1110602989792823,-0.1782740652561187,-0.1674241125583648,0.1180186495184898,0.056142721325159,0.0547231584787368,0.21016526222229,0.0010477527976036,-0.0758187472820282,-0.0146716833114624,0.072881706058979,-0.0518282502889633,0.104417011141777,0.0293524749577045,0.0069141751155257,0.0891257002949714,0.0,0.0,0.0,0.0,1.0,0.5387311474403188,0.3655127448788489,0.5118900826200842,0.3841506311669944,0.2707099748594905,0.0518281096592544,1.8589102605787569,1.082526408071415,4.0,0.9999999979999924,0.0,0.4369110176339746,0.4820802569327779,0.0527603864669798,0.0504275699203042,0.0,0.0,0.0,0.0451692392988032,0.4820802569327778,0.4820802569327778,0.4820802569327778,0.4820802569327778,1.0,0.0,0.9999999979999924,0.4369110176339745,0.4820802569327778,0.1085821179007512,0.0423836878583628,0.0,0.0
2026-07-06,161.9600067138672,751.280029296875,15.56999969482422,84.78227996826172,79.05089569091797,28.31999969482422,163.1999969482422,163.4499969482422,160.25,16123400.0,-0.0108708850591261,0.0207992119979125,0.010103594941855,0.0888507754240166,0.0696626366831161,0.01575889256359,0.0139201992777436,0.0125029265485108,1.2604162107191483,0.0953843227305459,0.3515797238731526,0.0064128291247769,0.0275346114677863,0.04611289070293,,,,0.0020105789685327,0.0033671652969532,0.001426521915704,0.0003099106164438,0.0009161246197843,-0.0108708850591261,0.0064128291247769,0.0275346114677863,0.0197579452679054,-0.0075979795193761,67.35486403086057,3.4007541606414406,2.5268046861107494,0.8739494745306913,0.1132990401394993,0.9070016007739654,0.0498328895429102,0.6286866802948481,-0.017803955725097,-0.6898254001945062,-0.0008637309926819,0.0087274090930398,0.0305766051126896,-0.0051176463789359,,15.56999969482422,-0.0359133088177024,-0.154263996530511,-0.1402540219752891,-1.3964036173165597,-1.1978042134403,-0.0534955031794166,-0.0007016842760674,-0.0182510731793938,0.0031062889352402,,-0.0182510731793938,0.0028777655252167,0.0051390208203341,0.0007067299753662,-0.0049191635331014,-0.0049191635331014,1.751463789112159,0.4141644800557762,0.2155787461373703,0.0302495112584733,1.910304921906995,0.0502202891362977,0.082270772148427,0.1013485823160176,-0.0198655879332676,0.0288817918172576,1.597847879611361,2.0878275563347675,-0.0204730101708345,195.29949951171875,0.0424316662954114,0.1394591410826222,,160.80999755859375,0.0349465343361041,0.2064747405852021,,52.02861022949219,0.0211640726625623,0.0464969942053985,,56.73971939086914,0.0226578115941551,0.1035702340367881,,0.0,0.0,0.0,0.0,0.0,0.0,0.0,0.0,0.0,0.0,1.0,0.0,0.0,0.0,1.0,0.0,0.0032215254227922,0.08714274404785,-0.1582198943511214,0.0440224058073876,-0.0603338870752648,-0.0138324142875987,-0.0282506701393476,-0.0938912287044365,-0.0394849810497935,-0.0663107684580205,0.0017169164837348,-0.0726560745705545,-0.087800523701271,-0.0084895342551848,-0.0440743088579039,-0.0707481096815526,-0.0664423030999976,0.0468357320993792,0.0222802537229787,0.0217168998340423,0.0834041395847089,0.0004158009732796,-0.0300886897986006,-0.0058224613806899,0.0289231242168151,-0.0205680547575928,0.041437918332458,0.0116485374064326,0.0027438922129694,0.03536955760141,0.0,0.0,0.0,4.0,0.0,0.3575808772554352,0.3655127448788489,0.4190803725893297,0.3841506311669944,-0.5434508105546507,-0.2784291300922632,0.0,0.0,4.0,-0.9999999979999924,0.0,0.0,0.0,-0.3841506311669947,-1.3046050418697708,0.0,0.0,0.0,0.0,0.1913136767470478,0.2768823990576148,0.3244159553350407,0.4007233785447768,0.0,-1.0,-0.9999999979999924,0.0,0.0,0.4820802569327778,0.0,0.0,0.0
2026-07-07,164.44000244140625,747.7100219726562,16.1299991607666,83.88932037353516,78.94202423095703,28.399999618530277,164.75,165.61000061035156,163.8800048828125,12143500.0,0.0153123958059624,0.0307133594175683,0.0230185194836236,0.0958283694306842,0.079440720627451,0.0168421909502454,0.0140803597912444,0.0127724759096357,1.3186315441713143,-0.2468399965267871,0.055926680332947,0.0171462508492863,0.0338367178928156,0.0579963730671606,,,,0.0045515179835353,0.0038221527866985,0.0019067854792427,0.0004705034230401,0.0009822769076367,0.0,0.0171462508492863,0.0338367178928156,0.0105205284715043,-0.0018816240278831,72.64024061034523,3.683132849421156,2.758070318772831,0.9250625306483252,0.124468158701911,0.9659534910133616,0.0626405907281137,0.7737242840462362,0.0050746093334396,0.909168821445435,0.0030972330495298,-0.0047518996712316,0.0090553602869853,0.0163870840775484,,16.1299991607666,0.0359665688451193,-0.0861190079668819,-0.0959027423035686,-1.0170203223227183,-0.1222694247094265,-0.0277276062441466,-0.0105323847749888,-0.0295909452713574,-0.0023245284525403,,-0.0295909452713574,0.0023735326838578,0.0014965697077526,0.0014104022326471,0.0010574119989235,0.0010574119989235,1.1724486582033824,0.7037253892418093,0.2199248339718252,0.047803025966542,1.9602018672842016,0.0732713787877092,0.0909626352480688,0.1116820680977672,0.0138378524570417,0.0542136993658746,1.5993743963163705,2.7840034019553777,0.0139631591966382,198.21934509277344,0.0444702786947248,0.1770236661390651,,163.8699951171875,0.0351209503148144,0.2748182715915144,,52.16839218139648,0.0311821892326171,0.0449084362434695,,57.37825012207031,0.0393998397230472,0.1084678972885384,,0.0,0.0,0.0,0.0,0.0,0.0,0.0,0.0,0.0,0.0,1.0,0.0,0.0,0.0,1.0,0.0,0.0025569264225413,0.0691652417864763,-0.1255792133676337,0.034940606644409,-0.0478870379063029,-0.0109787944956971,-0.0224225717490035,-0.0745215176080046,-0.0313392502276933,-0.0526308918035407,0.0013627175162111,-0.0576671646025891,-0.0696873218433782,-0.0067381478037002,-0.0349818021229039,-0.056152811866629,-0.0527352909180631,0.0371735452021277,0.0176838490989874,0.0172367148210234,0.0661979094576347,0.0003300214511967,-0.0238814089193217,-0.0046212906603756,0.0229562989039896,-0.0163248758795712,0.0328892975761581,0.009245450266431,0.0021778286926775,0.028072836472064,0.0,0.0,0.0,5.0,0.0,0.1606934189775922,0.3232386884641914,0.1456370058779913,0.3071340495720504,-0.590662374833529,-0.8203301001340151,0.0,0.0,3.0,-0.9999999979999924,0.0,0.0,0.0,-0.3071340495720508,-0.9941103181805052,0.0,0.0,0.0,0.0,0.1518457658620839,0.2410401284663889,0.2938312078117289,0.3826273534940957,0.0,0.0,-0.9999999979999924,0.0,0.0,0.0,0.0,0.0,0.0
2026-07-08,162.3000030517578,745.4000244140625,16.899999618530273,83.7008056640625,78.84304809570312,28.36000061035156,163.4199981689453,163.99000549316406,162.25999450683594,9287900.0,-0.0130138613346892,-0.0087944448094352,0.0229421360496144,0.0665002685178017,0.0679056515554044,0.0168614820682616,0.0155786437227024,0.0132605903096184,1.2715482797536533,-0.235154609461852,-0.1876054263433672,-0.0005911422954316,0.0139314066777787,0.0407723891421216,,,,0.0045365844736776,0.0032849697697713,0.001613958127794,0.0003020085552508,0.0009233316749167,-0.0130138613346893,-0.0005911422954316,0.0139314066777787,0.0106593404423807,-0.0068534765006522,67.24788660413188,3.6916844879014254,2.9447931525985505,0.7468913353028759,0.1281821026651778,0.8180817625423307,0.0466374655362206,0.4873247336956472,-0.0100823797315442,-0.77181000520561,-0.0117295184210351,-0.0030894297130047,-0.0018345609509704,0.0109580441079983,,16.899999618530273,0.0477371666352322,0.0273555522626256,-0.0473506395224936,-0.5015533238718712,1.2495387616442546,0.0464396295798954,-0.0022471836538101,-0.020231795398475,0.000609349506405,,-0.020231795398475,0.0019941729078902,0.0007412025532074,-0.0031634499182555,-0.0017599168366451,-0.0017599168366451,0.5793748981622021,0.451136128689151,0.2177354410195212,0.0345105277107633,1.939049472273388,0.0581500307897921,0.0495884888394055,0.085751909020223,0.0248222349034545,0.0440654547119627,2.150844054322331,3.197748799368165,0.0247766970005849,196.32943725585935,0.0323360255951279,0.176417461123074,,162.97000122070312,0.0298262320423579,0.2701859801006929,,51.179935455322266,0.0374417398909165,0.029633287747556,,56.83949279785156,0.0296403180358009,0.0927989295652591,,0.0,0.0,0.0,0.0,0.0,0.0,0.0,0.0,0.0,0.0,1.0,0.0,0.0,0.0,1.0,0.0,0.0,0.0,-0.0,0.0,-0.0,-0.0,-0.0,-0.0,-0.0,-0.0,0.0,-0.0,-0.0,-0.0,-0.0,-0.0,-0.0,0.0,0.0,0.0,0.0,0.0,-0.0,-0.0,0.0,-0.0,0.0,0.0,0.0,0.0,0.0,0.0,0.0,6.0,0.0,0.0,0.2145485263532613,0.0,0.2514482235535978,-0.4820802569327778,-0.4369110176339745,0.0,0.0,2.0,-0.9999999979999924,0.0,0.0,0.0,-0.2514482235535981,-0.7795724483798525,0.0,0.0,0.0,0.0,0.1205200642331944,0.2098376196133849,0.2661298782143286,0.3653485159103002,0.0,0.0,-0.9999999979999924,0.0,0.0,0.0,0.0,0.0,0.0
2026-07-09,162.1699981689453,751.7100219726562,15.84000015258789,83.82978820800781,78.93212127685547,28.36000061035156,161.8000030517578,163.4199981689453,161.36000061035156,9576400.0,-0.0008010158987553,0.0012965636352999,0.0164849253697512,0.057515433416259,0.0537956719902916,0.0170162930239992,0.0157412358736208,0.0131084028851451,1.2981208980967216,0.0310619192713099,-0.149164526191684,-0.0046157363046934,0.0075674499294207,0.0371855938400074,,,,0.0032701048079999,0.0026199285867108,0.0015040172727017,0.0003429763403001,0.0009206052651278,-0.0138044529236114,-0.0046157363046934,0.0075674499294207,0.0127027044573786,0.0022867435736026,72.45576891004531,3.645943251182701,3.0850231723153803,0.5609200788673201,0.1319735963237023,0.7817654051708904,0.0270382472002585,0.3292886269399405,-0.0012332037771886,-0.0470734636828464,-0.019518645433944,0.0084652500025792,0.0079784543675132,0.0225176065648926,,15.84000015258789,-0.0627218633058506,-0.0452079561845577,-0.0968440734357013,-1.0311140265810272,-0.5587211181192818,0.0173410702026812,0.0015409952499501,-0.0120438573791779,-0.0037353561336611,,-0.0120438573791779,0.0033775694127562,0.0020103565760654,-0.0059586425587967,-0.0045629751425406,-0.0045629751425406,1.020015637194784,0.3821918313899469,0.2157347826005761,0.0234481006230102,1.9345151841079573,0.0526422631368037,0.0315315526005379,0.0896635912201158,0.0084391397111514,0.0288765680157105,2.0980205058029338,2.619747621573062,0.008506471002238,197.3293914794922,0.0379760581759387,0.1653741423710277,,164.27999877929688,0.0493771675301941,0.2516460745557027,,51.19990539550781,0.0260104102796217,0.0081968801647398,,57.19866943359375,0.0042039264998994,0.0788227718319993,,1.0,0.0,1.0,0.0,0.999999999,0.0,1.0,0.0,0.0318395271897316,0.033899538218975,0.9342609643936156,-0.0020600110292434,0.9306187629699708,0.0145421177148818,0.054839052259922,0.9160766452550888,-0.524172306060791,-0.0722736269235611,-0.0240672081708908,0.2487515807151794,-0.0866913348436355,-0.0019877403974533,-0.0439635813236236,0.0194051377475261,0.1410323232412338,-0.2068493515253067,-0.0534090995788574,0.1025039851665496,-0.1156891137361526,-0.0746002718806266,0.043022945523262,0.1140336915850639,0.0149629414081573,0.0225363187491893,-0.2804148197174072,0.0340876393020153,-0.068030372262001,0.0836843624711036,-0.080106034874916,0.0602393075823783,0.0099902097135782,0.0048677995800971,-0.0155713632702827,-0.0617430880665779,0.0198014248162508,0.011199727654457,0.0,0.0,0.0,0.0,1.0,0.3053588817516959,0.2796313804375733,-0.0006866703430812,0.086970201320946,0.9160766452550888,-0.0020600110292434,1.8584330872321413,2.5660984690854214,2.0,0.9045340319151024,0.0,-0.0020600110292434,0.916076645255089,-0.0890302123501898,-0.2745973732532654,0.0,0.0,0.0,0.9181366562843322,0.9160766452550888,0.9160766452550888,0.9160766452550888,0.9160766452550888,1.0,1.0,0.9999999979999924,0.0020600110292434,0.9160766452550888,0.9160766452550888,0.4594653658883104,0.0,0.0
2026-07-10,160.83999633789062,754.9500122070312,15.029999732971191,83.80994415283203,78.89253234863281,28.38999938964844,162.47999572753906,162.66000366210938,160.24000549316406,9497100.0,-0.0082012816554953,-0.0218925203725801,-0.0177110605715382,0.033476780129906,0.0569141641083086,0.0114905960455146,0.0159405469371872,0.0129613884259348,0.8865250219642902,-0.0082807735683555,-0.1478244718151093,-0.0092521035373429,-0.0039201894832903,0.0258380923964725,,,,-0.0035739556471931,0.0027676748251466,0.0014858938286899,0.0003393767723525,0.0008680979669792,-0.0218925203725802,-0.0092521035373429,-0.0039201894832903,0.0150459974138609,-0.0100935464843225,72.38673114482621,3.462459876903779,3.16051051323306,0.3019493636707189,0.1314671754090764,0.6965364534232519,0.0322080974042015,0.21273982994922,-0.0009037748646353,-0.7137385135872282,-0.0265427327983785,0.0043101596888019,0.0136550155886394,0.0433742019336469,,15.029999732971191,-0.0511363896347162,-0.0693498397531855,-0.125094605155863,-1.6221421506713114,-1.2463887417360031,-0.0681958763191362,-0.0002367184219354,-0.0121622576770267,-0.0011547725248155,,-0.0121622576770267,0.002497663802605,0.0,-0.0031601177680645,0.0017642638246768,0.0017642638246768,0.8041763868606567,0.4614951754503956,0.2130472133746826,0.0100443461425177,1.9191039674789672,0.0412693789343414,0.0052082585112895,0.0647805284026936,-0.0309435416170296,-0.0056171197523423,2.121963978953376,1.8100279841066176,-0.0313660761601777,192.04966735839844,-0.0185998820245767,0.1576388711322029,,159.02999877929688,-0.008911927425756,0.2354373198872028,,51.25981140136719,-0.0104086601537147,0.0341439177921334,,56.84946823120117,-0.0090434383870626,0.079338717637214,,0.0,0.0,0.0,0.0,0.0,0.0,0.0,0.0,0.0,0.0,1.0,0.0,0.0,0.0,1.0,0.0,-0.4160358350267483,-0.057363615704009,-0.0191021557842048,0.1974342604530141,-0.0688069580636572,-0.0015776705989785,-0.0348939176207048,0.0154018680370054,0.1119374291373268,-0.1641764391051058,-0.0423908304280763,0.0813574669421568,-0.0918225104230187,-0.0592102750302102,0.0341473344911983,0.0905086009909738,0.0118760944659237,0.0178870880449769,-0.2225653899034426,0.0270553772435658,-0.0539957422472443,0.066420322509959,-0.0635802020147215,0.0478119701130516,0.0079292347043584,0.0038635750871083,-0.0123589992179129,-0.0490055214743254,0.0157164012918928,0.0088892297302212,0.0,0.0,0.0,1.0,0.0,0.3053588817516959,0.1832153290510177,-0.0006866703430812,-0.0004120022058488,0.0,0.0,0.0,0.0,1.0,-0.9999999979999924,0.0,0.0,0.0,0.0004120022058485,0.1150591299540473,0.0,0.0,0.0,0.0,0.7270905151807135,0.7974910395492413,0.829712295887026,0.8747080932602427,0.0,-1.0,-1.105541594562903,0.0,0.0,0.9160766452550888,0.0,0.0,0.0
2026-07-13,161.41000366210938,749.1699829101562,17.15999984741211,83.31385040283203,78.70447540283203,28.5,160.97000122070312,162.24000549316406,160.32000732421875,6873000.0,0.0035439401715806,-0.0054836683482045,-0.0033959189241669,0.0066733650284229,0.0521245012358637,0.0109806114947354,0.0128861600394132,0.0129039077595694,0.8509523508985082,-0.2763053984900654,-0.3729440836366506,-0.0050667998089246,-0.0010520990655951,0.0268550014863342,,,,-0.0006803396288776,0.0025405727247711,0.0016762053432848,0.0003870703515986,0.0009059085325582,-0.018426165983405,-0.0050667998089246,-0.0010520990655951,0.0118951621670523,0.0027334437352893,71.60258405977584,3.324717534008613,3.1933519173881706,0.1313656166204424,0.1320088172434599,0.7034333921559681,0.0337551463955414,0.3498954870598948,0.0053718296209821,0.3227452178355048,-0.0317720240749738,-0.0076561748505409,-0.0028086017256355,0.0180817657012042,,17.15999984741211,0.1417165769982253,0.1021194723026512,0.0055669460135137,0.0782920023005454,1.1106386258576275,0.0153846292751838,-0.0059192707382711,-0.0173200056188557,-0.0197705389159635,,-0.0173200056188557,0.0007342566982371,-0.0043822436805828,0.0014055135915014,0.0063559430478623,0.0063559430478623,-0.7689795314204696,0.9511183185438656,0.2154517764247721,0.0197590846769906,1.9373729923857013,0.0474199636042695,-0.0204428590550155,0.0434605349989303,-0.0005889713845784,0.0141695025586205,1.7008872958513506,1.6391794914077775,-0.0005873171985313,189.5398101806641,-0.0294915724077884,0.1119517653694666,,155.33999633789062,-0.0340153056635054,0.1714063210887753,,51.25981140136719,-0.0147764628871291,0.0351850147044945,,57.35829925537109,0.0109020606929808,0.085506950907743,,1.0,0.0,1.0,0.0,0.999999999,0.0,0.0,1.0,0.3317683041095733,0.0163754969835281,0.6518561840057373,0.3153928071260452,0.8397149443626404,0.0089689306914806,0.1513160616159439,0.8307460136711597,0.05689138174057,0.136667788028717,0.2289219498634338,0.0594053007662296,0.0300018340349197,0.1625560969114303,-0.1005380004644393,0.1203607842326164,0.1266299188137054,-0.1875736564397812,-0.0338191762566566,-0.0761356875300407,-0.3152356743812561,-0.1178908050060272,0.1329687237739563,-0.0028285048902034,0.1654864847660064,0.0022364389151334,0.0561343282461166,-0.1092847138643264,-0.0453199371695518,-0.0319017954170703,-0.053476482629776,-0.0604928396642208,0.0640596896409988,0.0584715083241462,0.0228409692645072,-0.0995363444089889,-0.009312579408288,-0.0223700702190399,0.0,0.0,0.0,0.0,1.0,0.5822742196420825,0.3493645317852497,0.1044442653656004,0.0626665592193602,0.8307460136711597,0.3153928071260452,1.0283315422748345,1.9073859721345807,2.0,0.9045340319151024,0.0,0.3153928071260452,0.8307460136711597,0.2527262479066847,0.9054431818671024,0.0,0.0,0.0,0.5153532065451145,0.8307460136711597,0.8307460136711597,0.8307460136711597,0.8307460136711597,1.0,1.0,0.9999999979999924,0.3153928071260452,0.8307460136711597,0.8307460136711597,0.333848684390127,0.0,0.0
2026-07-14,158.2899932861328,751.8300170898438,16.5,83.4229965209961,78.86283874511719,28.38999938964844,159.77999877929688,160.0800018310547,157.77999877929688,11523000.0,-0.0193297212390125,-0.0239255406463678,-0.0373997145704545,-0.0152420811453527,0.0336655728857928,0.009187811713433,0.0143238128884221,0.0137851087431982,0.6665026165617929,0.6765604539502401,0.0398557214850723,-0.0168445462400488,-0.0188738172913446,0.0053575299252932,,,,-0.0076234051187604,0.0016555646646681,0.001103769628958,7.24386800835748e-05,0.0008918580344715,-0.0373997145704545,-0.0168445462400488,-0.0188738172913446,0.0145303123969448,-0.0093253567689795,61.20277377237407,2.930021508482838,3.1406858356071043,-0.2106643271242663,0.129642014384867,0.541325568340742,0.0404375229014588,0.0834426782002222,-0.0113545410235565,-2.103843628718233,-0.0451667268433967,0.0035506416973014,0.0055101509891735,0.0162007437299551,,16.5,-0.0384615299114727,0.0229386769054125,-0.0297541986309749,-0.417970105399759,0.2486391010874148,0.0416666566322148,0.0013100597035946,-0.0055587987894365,-0.0160831929441452,,-0.0055587987894365,0.0004919844667252,-0.0010030840558151,0.0007049189222223,-0.0003521207400055,-0.0003521207400055,0.5175045761425779,0.2556848637291636,0.2105396029528535,-0.0043290285106644,1.8974383549779827,0.0233036206744912,-0.0294273954426406,0.0204589337992004,-0.0426747214012859,-0.0320189024170127,2.431196607271084,1.4315021420816472,-0.042909865559628,188.65985107421875,-0.0482268469511919,0.1056868952442273,,155.4499969482422,-0.0513821835591314,0.1630361545035528,,49.14312362670898,-0.0579904503126765,-0.0075612109493113,,56.88937759399414,-0.0085201714418985,0.0671707790652551,,0.0,0.0,0.0,0.0,0.0,0.0,0.0,0.0,0.0,0.0,1.0,0.0,0.0,0.0,1.0,0.0,0.0451547196114526,0.1084732952434761,0.1816954720159131,0.0471500184644001,0.0238124714540034,0.1290208596205245,-0.0797970638500152,0.0955304177532864,0.1005062331677618,-0.1488773097770151,-0.0268422979832573,-0.0604289352387544,-0.2502027205653553,-0.0935699939419727,0.1055373459988235,-0.002244985819103,0.131346710002039,0.0017750627432727,0.0445538458547068,-0.0867393348761377,-0.0359704579690396,-0.0253204718023659,-0.0424443123910327,-0.0480131986597638,0.0508442093624389,0.0464088669119585,0.018128889319226,-0.079002048911949,-0.0073913991746268,-0.0177551364991532,0.0,0.0,0.0,1.0,0.0,0.2769153378903862,0.3493645317852497,0.1051309357086816,0.0626665592193602,-0.9160766452550888,0.0020600110292434,0.0,0.0,2.0,-0.9999999979999924,0.0,0.0,0.0,-0.0626665592193605,-0.1058981742546966,0.0,0.0,0.0,0.0,0.6593635480099936,0.7232064101574377,0.7524263235748764,0.793230856135955,0.0,-1.0,-1.105541594562903,0.0,0.0,0.8307460136711597,0.0,0.0,0.0
2026-07-15,158.2899932861328,754.8099975585938,15.670000076293944,83.58174133300781,78.99150848388672,28.25,157.3800048828125,159.35000610351562,157.25,10885300.0,0.0,-0.0158542844430361,-0.0247073918066791,-0.0023320961013246,0.0398855109708962,0.0090995949639194,0.0137424452996785,0.0136730509934563,0.6655130813716178,-0.0553414909311811,-0.0236825571367644,-0.0119226198407885,-0.0186487513458858,0.0034228720810873,,,,-0.0050035484082139,0.0019555310744254,0.0012590614843706,7.085869142753542e-05,0.0008410475866268,-0.0373997145704545,-0.0119226198407885,-0.0186487513458858,0.0132668279271422,0.0057821093854832,59.46356923246015,2.5873961721480327,3.03002790291529,-0.4426317307672573,0.125615695594277,0.5272487611113724,0.0451010717442457,0.2356466403193689,0.005284761481012,0.0,-0.0495530807380868,0.003963635929681,0.0126240580041947,0.0025496629363594,,15.670000076293944,-0.0503030256791547,-0.0727810396449758,-0.0771224004669367,-1.0605429903136565,-0.4534673214623403,0.0425815272583665,0.0019028903136051,-0.0014224992233953,-0.013635942922977,,-0.0014224992233953,0.0026255846387659,0.0018829864112228,-0.0056318144410931,-0.0038787238358313,-0.0038787238358313,1.453925175630742,-0.8501473936400318,0.2097083952227927,-0.0100224437056909,1.8938345954706917,0.0186825803869732,-0.0129589135148139,0.0197198711754034,-0.036866050649094,-0.023318062509094,2.476026706784904,1.5100523091052638,-0.0373314498108738,189.8897857666016,-0.032800234031464,0.1029796345315838,,156.22000122070312,-0.041418665701909,0.1464322091063905,,49.78212356567383,-0.0273117165391633,0.0042295873966853,,56.39052200317383,-0.0078989233115518,0.0556592790792969,,0.0,0.0,0.0,0.0,0.0,0.0,0.0,0.0,0.0,0.0,1.0,0.0,0.0,0.0,1.0,0.0,0.0358393247062745,0.0860953114899755,0.1442117917079595,0.0374229944553543,0.0188999711180239,0.102403924143731,-0.0633349715497438,0.0758225428182642,0.0797718501299331,-0.1181639990771146,-0.0213047460279333,-0.0479624776836584,-0.1985860309153752,-0.0742665534080728,0.0837650470302322,-0.0017818464254489,0.1042499528148994,0.0014088682329903,0.0353624108894953,-0.0688450557147015,-0.0285497714099157,-0.0200968717877033,-0.0336880730697961,-0.0381081010304336,0.0403550757142135,0.0368347420783475,0.0143889089881772,-0.0627039677752355,-0.0058665574126597,-0.0140922611782974,0.0,0.0,0.0,2.0,0.0,0.2769153378903862,0.3493645317852497,0.1051309357086816,0.0626665592193602,0.0,0.0,0.0,0.0,2.0,-0.9045340319151016,0.0,0.0,0.0,-0.0626665592193605,-0.0938782234044521,0.0,0.0,0.0,0.0,0.5233371948702741,0.6295877477419252,0.681490326876857,0.7574098229440882,0.0,0.0,-0.9999999979999924,0.0,0.0,0.0,0.0,0.0,0.0
2026-07-16,161.8000030517578,750.719970703125,16.729999542236328,83.55197143554688,78.98161315917969,28.34000015258789,160.35000610351562,162.63999938964844,159.94000244140625,11819000.0,0.0221745524954324,0.0024162033380834,-0.0022815263079798,0.014165788270855,0.0625969404351067,0.01536646019435,0.0154126264431058,0.0143828150722606,1.0683902315893825,0.0857762303289757,0.045115770513127,0.010454299418257,0.0017087398869688,0.0225840072884626,,,,-0.0004568265909273,0.0030357927855533,0.0017950508911211,0.0002963806054304,0.0009359712404656,-0.0160544840090788,0.010454299418257,0.0017087398869688,0.0166872490563457,0.0090426996760207,61.28794523591914,2.5694723010848577,2.937916782549204,-0.3684444814643464,0.1227705966668164,0.6839528999745174,0.0427276516544933,0.7446729228835977,0.0213691513827379,1.443048741995693,-0.0315554330473434,-0.005418617756386,-0.0013170654116505,0.0030972568668039,,16.729999542236328,0.0676451474653139,0.0561868296133212,-0.0156218004434721,-0.2160230910012065,0.5971395485922878,-0.0250582930652315,-0.0003561770428104,-0.003314057907096,-0.0193640982365552,,-0.003314057907096,0.0026386353788279,0.000627018272455,-0.0052649919177021,-0.0007052347437669,-0.0007052347437669,1.2638895173549176,-0.5073907666227817,0.2155264404385243,0.0145529798264369,1.9365192738339216,0.0374746373945626,0.0074652569272424,0.029942447971673,-0.000965732829636,0.0010359648466076,2.617925530261308,2.649382371683936,-0.0009644608963292,189.4998016357422,-0.0396777681471931,0.1054012287438912,,152.0,-0.0747504192265945,0.1241998595183537,,52.11846923828125,0.0179407332040506,0.0458825773709479,,56.2807731628418,-0.0160475108921477,0.057753542880421,,1.0,0.0,0.0,0.0,0.0,0.0,0.0,1.0,0.6687008142471313,0.0240290649235248,0.3072700798511505,0.6446717493236065,0.0962107904175088,0.1030201068865493,0.8007690941159035,-0.0068093164690404,0.0592578947544097,0.0389819741249084,-0.1021273285150528,-0.0371287837624549,-0.1345615833997726,0.0034806281328201,0.256725013256073,0.2170126736164093,-0.0441525466740131,-0.0567933470010757,0.0610781572759151,-0.0081425532698631,-0.0722067505121231,0.0141806602478027,-0.1061966940760612,0.037334032356739,0.1100047677755355,0.1834568083286285,0.0500049814581871,0.001892102882266,-0.2308042347431183,-0.0394325368106365,0.1168160513043403,0.1283173263072967,0.1002400144934654,-0.06877201795578,0.0907983481884002,0.1173964887857437,-0.0343091785907745,-0.0140016600489616,0.0,0.0,0.0,0.0,1.0,-0.0022697721563471,0.1647873394404238,0.2148905831078686,0.1920129112899302,-0.8375553301402001,0.3292789421975612,7.341582459975247,4.5995619086915775,2.0,1.105541594562902,0.0,0.6446717493236065,-0.0068093164690405,0.4526588380336759,1.6799680218037372,-0.0,0.0,0.0,0.6514810657926469,-0.0068093164690404,-0.0068093164690404,-0.0068093164690404,-0.0068093164690404,1.0,1.0,1.105541594562902,0.6446717493236065,0.0068093164690404,0.0068093164690404,0.5954092883271196,0.0,0.0
2026-07-17,161.08999633789062,743.2899780273438,18.770000457763672,83.85955047607422,78.83314514160156,28.32999992370605,161.80999755859375,164.0,160.8800048828125,9166500.0,-0.004388174910232,0.0176890717702944,0.0015543397518786,-0.0161842498251538,0.0735879836828201,0.0149696694623476,0.0127489355787581,0.0138942003760497,1.0774040952185824,-0.2244267704543531,-0.1828429559039184,0.0057062133211434,-0.0010480239632035,0.0145567185765895,,,,0.0003106266032272,0.0035503147313417,0.0016692964714402,0.0002269874463061,0.0007950971903445,-0.0203722090353854,0.0057062133211434,-0.0010480239632035,0.0193680252536801,-0.0044496707964067,51.6073692017701,2.469508934318497,2.844235212903063,-0.3747262785845655,0.1131550534168546,0.6286439989822082,0.0434507372446726,0.6313260414664877,-0.0102845321669968,-0.2931377094284976,-0.0224246580215982,-0.0098971560178722,-0.0154447764635441,0.0057288589504367,,18.770000457763672,0.1219366988251964,0.2488357146532791,0.1033388565850148,1.4047590762716995,1.575482933748841,0.1375757853190105,0.0036812900431033,0.0005918906609903,-0.0173502558710154,,0.0005918906609903,-0.000752760816053,-0.000752760816053,-0.0003528662254055,-0.0021134014523529,-0.0021134014523529,0.0341804427334523,-0.8350602913287757,0.2167256401941753,0.0169192282315582,1.9209499147488376,0.0246673263969197,-0.0142120237076656,-0.0046606429829203,0.0172657823645108,0.0009618797632395,1.8832388731809224,2.320518349655861,0.0169991162154228,189.74978637695312,-0.0119754489194366,0.0940958492437897,,154.25999450683594,-0.0299943677864249,0.1077654824008143,,50.43110656738281,-0.0161667554235728,0.0435949675531635,,56.51024627685547,-0.0059670207110138,0.0802975397156684,,0.0,0.0,0.0,0.0,0.0,0.0,0.0,0.0,0.0,0.0,1.0,0.0,0.0,0.0,1.0,0.0,0.0470330222352854,0.0309400133668384,-0.0810585143597483,-0.0294691352014104,-0.1068015995216528,0.0027625763797743,0.2037627780546201,0.1722430731945598,-0.0350438995187017,-0.0450769093871513,0.0484777655560334,-0.0064627488131439,-0.0573105358610747,0.0112551974974828,-0.0842883719459423,0.0296320411186511,0.0873108420442013,0.1456097652657966,0.0396889800851882,0.0015017630528705,-0.1831894425149706,-0.0312976252074895,0.0927169613636405,0.1018455293829748,0.0795605522281173,-0.0545843868244905,0.0720666967156207,0.0931776548979312,-0.0272312130935801,-0.0111131249455114,0.0,0.0,0.0,1.0,0.0,-0.0022697721563471,0.1647873394404238,0.2148905831078686,0.1920129112899302,0.0,0.0,0.0,0.0,2.0,-0.8164965792610521,0.0,0.0,0.0,-0.1920129112899305,-0.487676116107058,0.0,0.0,0.0,0.0,-0.0054045580630695,-0.0059278542877846,-0.0061673590634718,-0.0065018186588321,0.0,-1.0,-0.9045340319151016,0.0,0.0,0.0068093164690404,0.0,0.0,0.0
2026-07-20,159.25,742.0900268554688,18.649999618530277,83.2344741821289,78.86283874511719,28.38999938964844,161.0,161.49000549316406,159.17999267578125,6635300.0,-0.0114221638818041,0.0060648604118127,-0.0133820928883134,-0.0167325673099959,0.0706315065336928,0.0156640506511325,0.0127947923064781,0.0140345083194015,1.1161096048779051,-0.2761359297441772,-0.397084145438355,-0.0030924303952897,-0.010795829338858,-0.0003389751137553,,,,-0.0026944880042317,0.0034124333700276,0.0014937780664768,0.0002721184170764,0.0005855089218536,-0.0315616782069531,-0.0030924303952897,-0.010795829338858,0.0145055749914148,-0.0108695652173913,46.99232256677482,2.216267170617755,2.7186416044460016,-0.5023744338282468,0.0959304322833592,0.4964664485952265,0.0405910987872998,0.4238150607478179,-0.013443784019075,-0.729196004724509,-0.0326756939840961,-0.001614378247181,-0.0094504000643289,-0.0062270180246364,,18.649999618530277,-0.0063932251628562,0.0868298242638312,0.0890828804805041,1.1789393577906395,1.005594497876953,0.190172273626505,-0.0074538474198433,-0.0009527373938346,-0.0293968051801521,,-0.0009527373938346,-0.002378935041243,0.0020121262669576,0.0024717406630838,-0.0038596705386513,-0.0038596705386513,0.2729361128335321,-0.0851849686873206,0.2145966045047199,0.003303162789265,1.913269730659177,0.0157280434995235,-0.0045558370212648,0.0015520081208932,-0.003969203383899,-0.0124412086992311,2.13086798994234,2.642925532287508,-0.0039316928239845,186.5199737548828,-0.0159324651792297,0.0742340820976497,,150.94000244140625,-0.0283249259702159,0.0736794301903511,,50.50100326538086,-0.0148031784597258,0.0307724290808097,,56.330657958984375,-0.0179161744634624,0.0797475422101083,,1.0,0.0,1.0,0.0,0.999999999,0.0,0.0,1.0,0.84163498878479,0.0130952550098299,0.1452697068452835,0.82853973377496,0.7699092654039233,0.0140399719086316,0.2160507402112407,0.7558692934952916,0.0631347894668579,0.2525414228439331,-0.1251728236675262,0.0265967324376106,0.0053063035011291,0.1637267619371414,-0.0572561770677566,-0.0674666836857795,-0.0800376385450363,0.1667680442333221,-0.0673201084136962,0.0596442446112632,-0.0551346763968467,-0.0705913677811622,-0.0956523045897483,-0.0579844489693641,-0.0071504488587379,0.103194810450077,-0.1061587408185005,0.1203714683651924,0.0934882014989852,0.0100941210985183,0.0257284119725227,-0.0221275687217712,-0.0677618384361267,0.0420448556542396,-0.0137182772159576,-0.076255090534687,0.038565807044506,0.0115296654403209,0.0,0.0,0.0,0.0,1.0,0.24968665900875,0.1498119954052502,0.4910704943661887,0.2946422966197132,0.7558692934952916,0.82853973377496,0.9987805596608303,0.5996908362545341,2.0,1.224744868891578,0.0,0.8285397337749602,0.7558692934952917,0.5338974371552467,1.8192883421834816,0.0,0.0,0.0,0.0726704402796684,0.7558692934952916,0.7558692934952916,0.7558692934952916,0.7558692934952916,1.0,1.0,1.224744868891578,0.82853973377496,0.7558692934952916,0.7558692934952916,0.2157484857868762,0.0,0.0
2026-07-21,160.25,748.280029296875,17.049999237060547,83.00627899169922,78.83314514160156,28.479999542236328,157.52999877929688,160.3699951171875,157.22999572753906,6594900.0,0.0062794348508634,-0.0095797467399427,0.0123823791585118,-0.0254804328581741,0.0679061882393232,0.0127366755616583,0.0117427561301811,0.0139948092885726,0.9100999083966398,-0.0060886470845327,-0.3865089457561497,0.000711904043354,-0.0019866768853771,0.0027313073413288,,,,0.0024612689036226,0.0032849948976365,0.0018345523332354,0.0003856219628001,0.0006265758395698,-0.0254804328581741,0.000711904043354,-0.0019866768853771,0.0195943799666049,0.0172665602855358,53.3558339505974,2.072373855232655,2.589388054603332,-0.5170141993706769,0.0786442411513965,0.5347299090351822,0.035069932589938,0.5202995555103646,0.0094726837641777,0.4930198879169669,-0.0344839851282546,0.0083413092985977,-0.0047217957680246,0.0052257748920432,,17.049999237060547,-0.0857909069274187,0.0333332870945786,-0.0036814431602033,-0.0487044713814076,-0.2449157760010196,0.0191272984805739,-0.0027415946658155,-0.0049952356865051,-0.0246371524903096,,-0.0049952356865051,-0.0013792284960533,-0.000376522123577,0.0028168987598808,0.0031701357704398,0.0031701357704398,-0.0163479910744864,1.0788251440261092,0.2141577935075719,-0.0016818746819592,1.9305768424582108,0.0203847257858271,-0.0262227796656752,-0.015113252017781,0.0171853205001462,0.0174648559165511,1.792782244096231,1.753945724587619,0.0171041749265364,189.29981994628903,0.0033921837021833,0.0695480431145192,,154.5,-0.0061112702920058,0.0592348783319234,,49.87198638916016,0.0148314292755913,0.0333057782849515,,57.20864486694336,0.0056120718216985,0.0845470534979417,,0.0,0.0,0.0,0.0,0.0,0.0,0.0,0.0,0.0,0.0,1.0,0.0,0.0,0.0,1.0,0.0,0.0501101156077405,0.2004422601440026,-0.0993497359838305,0.0211098405251899,0.0042116158798774,0.1299500170671826,-0.0454442578545172,-0.0535483423278061,-0.0635259158117205,0.1323638844253274,-0.0534320054572573,0.0473396683198839,-0.0437604216561404,-0.0560284057378455,-0.0759192844644746,-0.0460222876458825,-0.0056753150202027,0.0819057753330556,-0.0842582484254535,0.0955388977549316,0.0742016347030521,0.0080117092252412,0.0204206541153269,-0.0175626629332191,-0.0537826068084033,0.0333710240476955,-0.0108882038419012,-0.0605237054663462,0.0306097013362257,0.0091511015244034,0.0,0.0,0.0,1.0,0.0,0.2519564311650968,0.1498119954052502,0.2761799112583198,0.2946422966197132,0.0068093164690404,-0.6446717493236065,0.0,0.0,2.0,-0.8164965792610521,0.0,0.0,0.0,-0.2946422966197135,-0.9802977266293276,0.0,0.0,0.0,0.0,0.5999338558224429,0.6580224392305695,0.6846087062091258,0.7217354485476776,0.0,-1.0,-0.8164965792610521,0.0,0.0,0.7558692934952916,0.0,0.0,0.0
2026-07-22,159.42999267578125,747.4099731445312,16.639999389648438,82.78799438476562,78.70447540283203,28.450000762939453,160.97000122070312,160.97000122070312,158.9499969482422,5599500.0,-0.0051170503851404,-0.0103048215273868,0.0072019675153294,-0.0176833661245299,0.047640953797692,0.0131882358169003,0.0112118617915117,0.0138782687260281,0.950279543289633,-0.1509348132647955,-0.469531829511253,-0.0058242856660305,-0.0053156625024121,-0.0046574239389599,,,,0.0014352314393156,0.0023270462929762,0.0018324857132362,0.0003693737715734,0.0005443285406883,-0.0304670985845441,-0.0058242856660305,-0.0053156625024121,0.0126701647447782,-0.0095670530735127,49.76724423502488,1.8706064414720915,2.445631731977084,-0.5750252905049926,0.0645208407919471,0.4278152007662413,0.0270824970115271,0.2849428114567288,-0.0016821098760114,-0.3880010994785191,-0.0264500762865482,-0.0011627413779321,-0.0098038240590315,0.0188526891852258,,16.639999389648438,-0.0240469129477095,0.0619016789171518,-0.0194749930229145,-0.2827541651953965,-0.8800973468778026,-0.1134790099184158,-0.0026297360824405,-0.0094966548385218,-0.028443435051481,,-0.0094966548385218,-0.0017575765551692,-0.0036337207196548,0.0031734890920644,0.0070796730244053,0.0070796730244053,-1.1568074013691,0.6639071087218148,0.2133099616065081,-0.0069907931338082,1.9257622299051496,0.0140919269587804,-0.0203250301939422,-0.0068524514501738,0.0171741640571381,0.0168587238351314,1.7318781743120764,1.9560565347267769,0.0170057915743609,186.9899444580078,-0.0152711811058547,0.0500308508185343,-0.3848938304116302,152.11000061035156,-0.026309055039278,0.0345507846917698,-0.3779185175532993,49.33282852172852,-0.0090252285713081,0.0059039851043849,-0.4379883749689918,56.370567321777344,-0.0003538658747539,0.0608336584754776,-0.0141928694236001,0.0,0.0,0.0,0.0,0.0,0.0,0.0,0.0,0.0,0.0,1.0,0.0,0.0,0.0,1.0,0.0,0.0397724251149877,0.1590911273057366,-0.0788539377067477,0.0167548915282837,0.0033427617391017,0.1031413968978655,-0.0360691313620873,-0.0425013474711563,-0.0504205527933842,0.1050572846896809,-0.0424090108358104,0.0375735196454047,-0.0347326696857646,-0.0444697751041785,-0.0602571760117899,-0.0365279139115285,-0.0045045005166603,0.0650086569629817,-0.0668758160937814,0.0758292734000303,0.0588938764926925,0.0063588978261056,0.0162078839122743,-0.0139394948077774,-0.0426872833126257,0.026486599339284,-0.0086419731163391,-0.0480376968631457,0.0242949360507785,0.0072632340932529,0.0,0.0,0.0,2.0,0.0,0.2519564311650968,0.1498119954052502,0.2761799112583198,0.2946422966197132,0.0,0.0,0.0,0.0,2.0,-0.8164965792610521,0.0,0.0,0.0,-0.2946422966197135,-1.0448864770938455,0.0,0.0,0.0,0.0,0.4761678169219419,0.5728418051336619,0.6200663059747018,0.6891430332902685,0.0,0.0,-0.8164965792610521,0.0,0.0,0.0,0.0,0.0,0.0
2026-07-23,161.44000244140625,738.1799926757812,18.700000762939453,82.52009582519531,78.4174575805664,28.559999465942383,159.89999389648438,161.61000061035156,159.32000732421875,6448200.0,0.0126074757446208,0.0137519776540424,-0.0022249728279448,-0.0045014228018832,0.0527551093309357,0.0096624679502524,0.0121012889126821,0.0140194099235964,0.6892206814474112,0.1515671042057327,-0.3784672772882042,0.0071619554477471,0.007683740289462,0.0053524706345124,,,,-0.0004454903515408,0.0025705320683256,0.00199721046658,0.0004240864660159,0.0006311984431671,-0.0182437360463368,0.0071619554477471,0.007683740289462,0.0141847946698585,0.0096310731939041,44.63619897586996,1.851551765937785,2.3268157387692243,-0.4752639728314394,0.0506523340299812,0.6056707600353476,0.0242754823629422,0.7950283475594393,0.0080234831932733,1.3047882285087715,-0.0184478357611101,-0.0123492872725757,-0.016703935577468,0.0067372245202108,,18.700000762939453,0.1237981639934746,0.1177526165335323,0.101684985610482,1.4699569732720927,0.7159420592329728,0.0026810265647136,-0.0032359590489078,-0.0123501048822954,-0.0446651325120595,,-0.0123501048822954,-0.0065203327614099,-0.0071428723224009,0.0070521456730088,0.0077628550518693,0.0077628550518693,-2.8388723420404545,2.0771639105308504,0.2187000515364996,0.015840968789631,1.9563719700882225,0.0253233759300368,0.0137449738061643,0.0112983274361548,0.0147249269812002,0.0102517421450685,1.757464412536693,1.1797217568100935,0.0144789627495232,188.96983337402344,-0.0027966692162425,0.0410400542698412,-0.0665828275100734,152.22999572753906,0.0015131297864412,0.0168324687773757,0.0197068125301551,49.36277770996094,-0.0528736083118926,-0.0036276294885398,-2.68795543732165,55.98146057128906,-0.0053182032643138,0.0487850128525297,-0.2016283554498183,2.0,1.0,1.0,0.49999999975,0.49999999975,0.0,0.0,1.0,0.1944320686161518,0.0823407787829637,0.7232271730899811,0.112091289833188,0.2224795636307139,0.1436664036378089,0.6338540435720148,0.078813159992905,0.1228783279657363,0.1371660158038139,0.1207712441682815,-0.0143961422145366,-0.0538992807269096,-0.0884008333086967,-0.1316826939582824,-0.0309470738284289,-0.0904654990881681,0.1057302542030811,0.0269336365163326,0.0355105511844158,-0.0596211664378643,-0.1202779151499271,-0.0681907422840595,-0.0501308385282754,0.0735114552080631,-0.0076497979462146,-0.0237297853454947,-0.0095734568312764,0.0232383571565151,0.0033144876360893,0.0070399902760982,-0.0608529793098568,0.0385517571121454,-0.0589648392051458,0.0611563250422477,0.0382770001888275,-0.0273026619106531,0.0876734182238578,0.0,0.0,0.0,0.0,2.0,0.0262710533309679,0.1669364906976393,0.0373637632777292,0.1881262047216295,-0.6770561335023866,-0.716448443941772,5.326987086892612,4.554869724991965,3.0,2.535462759899821,0.3333333332222222,0.1120912898331881,0.078813159992905,-0.0760349148884417,-0.3063091608404327,0.0,0.0,0.0,0.033278129840283,0.078813159992905,0.078813159992905,0.078813159992905,0.078813159992905,1.0,2.0,3.2659863170442085,0.112091289833188,0.078813159992905,0.078813159992905,0.461617635050438,0.0,0.0
2026-07-24,162.57000732421875,738.9299926757812,18.57999992370605,82.59947204589844,78.4174575805664,28.57999992370605,162.47000122070312,163.25,161.5800018310547,7647900.0,0.0069995345993791,0.0144774248001169,0.0091874791729695,0.0107560993889463,0.0445929590931517,0.0098304262177211,0.0119643472099941,0.0137671224312705,0.714050852147687,0.1860519214664557,-0.2564827714267104,0.0123421851564939,0.0136424793835998,0.0102065039851702,,,,0.0018291062044556,0.0021813648353713,0.0022297367073264,0.0004312080893008,0.0006622602561629,-0.0113718991086358,0.0123421851564939,0.0136424793835998,0.0102724862748808,0.0006155358082368,51.4670491017595,1.9056654237242583,2.2425856757602314,-0.3369202520359731,0.042521843492431,0.7400296682101021,0.035004431869454,0.8525892150606262,0.0021737263326735,0.7120275085055565,-0.0066867906702592,0.001016012364791,-0.0058657932710645,0.0063053315535637,,18.57999992370605,-0.0064171569164436,-0.0101225641674946,0.0956157724006077,1.410804300443594,0.6582980342356025,0.0897361146691337,0.0009619017029653,-0.0150260575333669,-0.0434176948780309,,-0.0150260575333669,-0.0060217964099188,-0.0052730049053414,0.0066925163135753,0.0088245676199527,0.0088245676199527,-2.3402167845819504,2.052484175400982,0.2200073199566947,0.0200028278414647,1.968172474926749,0.0270450216215376,0.0326693152741293,0.0255684466705785,0.0151420928302676,0.0245829210930184,1.8030900028604675,1.3242817615412492,0.015053272444034,188.1298828125,-0.0085370507940127,0.024337112164402,-0.1851446215795519,150.47999572753906,-0.0245040769733034,-0.0073223869461503,-0.2871873442466979,50.15154647827149,-0.005543405809226,0.0015951559916742,-0.270137690684107,56.36059188842773,-0.0026482699738122,0.0374655871389186,-0.0924006147282956,0.0,0.0,0.0,0.0,0.0,0.0,0.0,0.0,0.0,0.0,1.0,0.0,0.0,0.0,1.0,0.0,0.0975285935384517,0.1088687388906304,0.0958562000201192,-0.0114262256478196,-0.0427798874631128,-0.0701637878945453,-0.104516623457692,-0.0245627087752928,-0.0718025142096931,0.083918158373418,0.0213772414696777,0.0281847431530561,-0.0473213511615184,-0.0954646445187681,-0.0541230280181042,-0.0397888729079162,0.0583460806644962,-0.0060716486535826,-0.0188343431102089,-0.0075984577224701,0.0184442962981324,0.0026307105801318,0.0055876439850621,-0.0482990416859329,0.030598549897521,-0.0468004238916921,0.0485398073532866,0.0303804751829658,-0.0216701371192514,0.0695864381590999,0.0,0.0,0.0,1.0,0.0,0.0262710533309679,0.1669364906976393,0.0373637632777292,0.1881262047216295,0.0,0.0,0.0,0.0,3.0,-0.8451542532999404,0.3333333332222222,0.0,0.0,-0.1881262047216298,-0.6947834272593568,0.0,0.0,0.0,0.0,0.0625540465408377,0.068610840826971,0.0713829440609915,0.0752540840968737,0.0,-2.0,-0.8451542532999404,0.0,0.0,0.078813159992905,0.0,0.0,0.0
2026-07-27,163.39999389648438,739.0900268554688,18.670000076293945,83.09556579589844,78.45704650878906,28.600000381469727,163.00999450683594,164.57000732421875,162.35000610351562,8056000.0,0.005105410191748,0.0249012193632636,0.0260596163044544,0.0123287912101208,0.0190844307626483,0.0064366439703192,0.0120093873532584,0.012126583129441,0.5307878873072145,0.0533610533610533,-0.1830211181333614,0.0122786469780284,0.0175549766010707,0.0143995943986228,,,,0.0051451701240824,0.0009452303648764,0.0019510584955921,0.0005591875450566,0.0006780248185141,-0.0063245471264965,0.0122786469780284,0.0175549766010707,0.0135862992878048,0.0023924875945694,47.28316068248241,1.992554934322044,2.192579527472594,-0.20002459315055,0.0444598843192051,0.8238783595395592,0.0402868038399233,0.8047808663803856,-0.0031949962626731,0.7931787779643302,-0.0005544891200576,0.0002165755636849,-0.0040426361916117,0.0138548358089889,,18.670000076293945,0.0048439264239747,0.0010724106258854,0.1000795578985773,1.454262582452052,0.7418625860013844,0.1219952380472051,0.0060060159915347,-0.0016688804440154,-0.0377826289383408,,-0.0016688804440154,-0.0031437715933758,-0.0051455443753379,0.0035087853147273,0.0073970058589667,0.0073970058589667,-1.8848094423947983,1.9756938061743856,0.2210826664671497,0.0247188777093056,1.9664105097717468,0.0231961719499027,0.0261352685775775,0.0149880882515494,0.0302244389066612,0.0277748496518894,1.886008290978881,0.8651454484493543,0.0301022524960661,188.3198699951172,0.0096498846959935,0.0051771579873702,0.1865453055570182,150.58999633789062,-0.0023188425722432,-0.0308277023709356,-0.0244522763567558,51.28976440429688,0.0156187221622332,0.0066627663889902,0.7463951498007116,56.590065002441406,0.0046050774632511,0.0199604907224977,0.1440952466513827,0.0,0.0,0.0,0.0,0.0,0.0,0.0,0.0,0.0,0.0,1.0,0.0,0.0,0.0,1.0,0.0,0.0487642967692258,0.0544343694453152,0.0479281000100596,-0.0057131128239098,-0.0213899437315564,-0.0350818939472726,-0.052258311728846,-0.0122813543876464,-0.0359012571048465,0.041959079186709,0.0106886207348388,0.014092371576528,-0.0236606755807592,-0.047732322259384,-0.0270615140090521,-0.0198944364539581,0.0291730403322481,-0.0030358243267913,-0.0094171715551044,-0.003799228861235,0.0092221481490662,0.0013153552900659,0.002793821992531,-0.0241495208429664,0.0152992749487605,-0.023400211945846,0.0242699036766433,0.0151902375914829,-0.0108350685596257,0.0347932190795499,0.0,0.0,0.0,4.0,0.0,0.0262710533309679,0.0157626319985809,0.0373637632777292,0.0224182579666374,0.0,0.0,0.0,0.0,2.0,-0.8451542532999404,0.49999999975,0.0,0.0,-0.0224182579666378,-0.0894562151279089,0.0,0.0,0.0,0.0,0.0312770232704188,0.045266273617984,0.0530373236082078,0.0655124853008673,0.0,0.0,-0.8451542532999404,0.0,0.0,0.0,0.0,0.0,0.0
2026-07-28,167.25999450683594,740.8599853515625,18.209999084472656,83.58174133300781,78.60549926757812,28.57999992370605,165.99000549316406,168.52999877929688,165.75,12774800.0,0.0236230156336292,0.0360504954002465,0.0437441154872757,0.0566681508697046,0.0405623291704388,0.0105436288913832,0.0114845089573198,0.0131401906738109,0.802395364779736,0.5857497517378352,0.2965772868581333,0.0272693550412868,0.0358067118356235,0.0362655472019359,,,,0.0085628718621066,0.001988063407626,0.0024352226539476,0.0006500359458889,0.0008058501266476,0.0,0.0272693550412868,0.0358067118356235,0.0166208230933742,0.0076509968771835,61.88873543981204,2.3458438595839937,2.223232393894874,0.1226114656891197,0.0559515786705004,1.1481594990465658,0.0711054478800532,0.8835058473618925,0.011606183833547,2.240501219882078,0.015718382640765,0.002394780651586,-0.0099161325370192,-0.000188953641616,,18.209999084472656,-0.0246385104414311,0.068035184710782,0.0712079325844396,1.015909375950263,0.0573436030446741,-0.0262032972446667,0.0058508000090344,0.006932756754054,-0.0331489367372966,,0.006932756754054,-0.0032631272426139,-0.0028876923991112,0.0066925163135753,0.0035112494057951,0.0035112494057951,-0.9822240700787466,1.5461974864874457,0.2257646489403332,0.0442801161923109,2.001154700049091,0.037448659235574,0.0723144043873258,0.0546612462001758,0.0541976793963885,0.0365579116244929,1.8290498466887672,1.7750508105376508,0.053660248024295,190.509765625,0.0063916895380791,0.003846460613015,0.1127175103906066,149.77999877929688,-0.0305501697132888,-0.053881617780581,-0.2919331771949025,52.607704162597656,0.0548547986857832,0.0398658130053408,2.608577958388436,57.97687911987305,0.0134286392330469,0.0502439293048311,0.415549285031988,0.0,0.0,0.0,0.0,0.0,0.0,0.0,0.0,0.0,0.0,1.0,0.0,0.0,0.0,1.0,0.0,0.0387042479949792,0.0432045876603595,0.0380405581874028,-0.0045345006533437,-0.0169772095905066,-0.0278445176784687,-0.0414774495062261,-0.0097477174372721,-0.0284948466476071,0.0333029432202994,0.0084835638992861,0.0111851227326537,-0.0187794906535877,-0.0378851692837156,-0.0214787379029107,-0.0157902246776638,0.0231546574562607,-0.0024095353649696,-0.0074744140165689,-0.0030154499454962,0.0073196238366171,0.0010439981855813,0.0022174579849778,-0.0191674873953264,0.0121430425740066,-0.0185727605295574,0.0192630353137352,0.0120564995661834,-0.0085997996148487,0.0276153962841188,0.0,0.0,0.0,5.0,0.0,0.0,0.0157626319985809,0.0,0.0224182579666374,-0.078813159992905,-0.112091289833188,0.0,0.0,2.0,-0.7633700354170053,0.49999999975,0.0,0.0,-0.0224182579666378,-0.0305176427914898,0.0,0.0,0.0,0.0,0.0248245898209483,0.0394065799964525,0.0480371590811765,0.0625540465408377,0.0,0.0,-0.8451542532999404,0.0,0.0,0.0,0.0,0.0,0.0
2026-07-29,166.24000549316406,729.4600219726562,20.65999984741211,82.20259857177734,78.42735290527344,28.420000076293945,167.14999389648438,168.16000366210938,165.77000427246094,11656900.0,-0.0060982246034343,0.0225748785360273,0.0427147533728595,0.0502243511544056,0.0477751270395623,0.0108679108532009,0.0119659093044437,0.0128138061354347,0.8481406609552665,-0.0875082193067602,0.1825310154566255,0.0125348987803861,0.0244464940615802,0.0275334064682786,,,,0.0083655303830496,0.0023334494719572,0.0023827207025383,0.0006628619863128,0.0008479182308985,-0.0060982246034343,0.0125348987803861,0.0244464940615802,0.0143768004732574,-0.0054441426057356,59.35632554843869,2.514537268774575,2.281493368870814,0.2330438999037607,0.0594344977125212,0.9632563162467528,0.0602195699193361,0.7081532431596008,-0.0136231841154434,-0.5611220155082721,0.0094042434695227,-0.015387473482586,-0.0240162050505632,-0.0231798239161492,,20.65999984741211,0.1345415093968085,0.2415865748327172,0.20046485112325,2.402292978658792,1.7519668183275,0.111948327892736,-0.016500526780552,-0.0070710230068817,-0.0377692093012871,,-0.0070710230068817,-0.0071419775295006,-0.0035210513270077,0.0060177018157148,-0.0010545056534616,-0.0010545056534616,-1.6880461187719666,-0.0652991932715621,0.2278946076353935,0.0503831900690161,2.022320563844551,0.0439536017275159,0.0867214323645932,0.0678443453726886,0.0683730188643962,0.0501403197341541,1.6346089379488649,1.2993329870377484,0.0667309584234228,188.51986694335935,0.0081818436268648,-0.0087281209266455,0.1327102567004436,147.91000366210938,-0.0276115766970574,-0.0653396293073657,-0.2444901347997227,53.21675109863281,0.0787289659499987,0.0787289659499987,3.3033602846843784,56.92928695678711,0.0099115489085013,0.0312669280179302,0.2936296830709412,0.0,0.0,0.0,0.0,0.0,0.0,0.0,0.0,0.0,0.0,1.0,0.0,0.0,0.0,1.0,0.0,0.0,0.0,0.0,-0.0,-0.0,-0.0,-0.0,-0.0,-0.0,0.0,0.0,0.0,-0.0,-0.0,-0.0,-0.0,0.0,-0.0,-0.0,-0.0,0.0,0.0,0.0,-0.0,0.0,-0.0,0.0,0.0,-0.0,0.0,0.0,0.0,0.0,6.0,0.0,0.0,0.0157626319985809,0.0,0.0224182579666374,0.0,0.0,0.0,0.0,2.0,-0.6859943393935606,0.49999999975,0.0,0.0,-0.0224182579666378,0.0010277923442499,0.0,0.0,0.0,0.0,0.0197032899982262,0.0343054204134855,0.0435083917438314,0.0597292061301403,0.0,0.0,-0.7633700354170053,0.0,0.0,0.0,0.0,0.0,0.0
2026-07-30,163.52000427246094,741.6900024414062,17.09000015258789,82.15299224853516,78.65499877929688,28.13999938964844,163.25,163.9499969482422,161.86000061035156,12475200.0,-0.0163618932316202,0.0007344576527499,0.0128840547547044,0.0106304152550165,0.0249467917376053,0.0150233013141291,0.0120170524522804,0.0134524363349045,1.116771700184672,0.0701987663958685,0.2506265563660133,-0.0065492704587942,0.0066176526187711,0.0094793276469877,,,,0.0025603522830838,0.0012320350371538,0.0020422554762578,0.0003723375923229,0.0007710647682459,-0.0223603393351907,-0.0065492704587942,0.0066176526187711,0.0127812884251655,0.0016539312248755,55.79084803544994,2.401068619978645,2.3054084190923803,0.0956602008862645,0.0585926160133536,0.6617836562345565,0.0493455455220737,0.3672773724658769,-0.0166067124492036,-1.0891009772353624,-0.0166739649883813,0.0167657994960119,0.0047549510965501,-0.0054575295952082,,17.09000015258789,-0.1727976631747846,-0.086096285810979,-0.0084130924760896,-0.1014620861187038,-1.2016680005055729,-0.0846277406132549,-0.000603464173932,-0.0044486566937319,-0.0318053395861023,,-0.0044486566937319,-0.0041353217137329,0.003029187709719,-0.0070571899034089,-0.0147058852992904,-0.0147058852992904,-0.5372631490231752,-2.298755496991261,0.220469473411001,0.0146309591863587,1.9904327255393013,0.0245780285872379,0.0229346940561876,0.0278403899376853,0.0080906330934547,0.0174101632878858,1.2475713243558688,1.3180499607373266,0.0081291036581543,189.9497985839844,0.0051858288302626,-0.0008414777582275,0.0816830665295581,151.4600067138672,-0.0050580636883811,-0.0325135499116393,-0.0439220897510047,52.65762710571289,0.0667476497192152,0.0552221371062155,2.72977428255308,56.6199951171875,0.011406178748861,-0.0059555234742725,0.3311382106323282,1.0,0.0,0.0,0.0,0.0,0.0,0.0,1.0,0.5973957777023315,0.0109749659895896,0.3916292190551758,0.5864208117127419,0.1040736934939636,0.0221778794756324,0.8737483793819273,0.0818958140183312,0.0703124701976776,0.0654917508363723,-0.1873765289783477,-0.0181083343923091,-0.1205260455608367,-0.0829763710498809,0.1016626954078674,0.1783031821250915,-0.0115871503949165,-0.0577019751071929,-0.0911545008420944,0.0259466413408517,-0.1555620431900024,-0.1423768550157547,-0.1452045440673828,-0.2561841607093811,0.0020186230540275,0.0617796182632446,-0.0904419049620628,-0.0553197711706161,0.0725269243121147,0.0878079906105995,-0.0578370131552219,0.0528452396392822,0.0802505910396575,0.0222701504826545,0.0489654839038848,-0.1478735655546188,-0.0104782730340957,-0.0514732971787452,0.0,0.0,0.0,0.0,1.0,0.0272986046727766,0.0163791628036662,0.1954736039042471,0.1172841623425482,0.0818958140183312,0.5864208117127419,1.232897133771602,4.999998872750864,1.0,1.0289915090903408,0.0,0.586420811712742,0.0818958140183312,0.4691366493701934,1.9121290154031303,0.0,0.0,0.0,0.5045249976944106,0.0818958140183312,0.0818958140183312,0.0818958140183312,0.0818958140183312,1.0,1.0,1.0289915090903408,0.5864208117127419,0.0818958140183312,0.0818958140183312,0.4391668185119134,0.0,0.0
2026-07-31,162.5500030517578,747.030029296875,15.989999771118164,81.60728454589844,78.6648941040039,28.170000076293945,162.30999755859375,163.22999572753906,160.72999572753906,9604900.0,-0.0059320033962748,-0.0281597011225874,-0.0001230502033566,0.0090632984484324,-0.0072676340630508,0.0152001481771312,0.0121053102041793,0.0121689041309121,1.2490974342892205,-0.2300804796716685,-0.0117841211963453,-0.0124184185896871,-0.0002521499613188,0.0038598304879282,,,,-2.46115549308115e-05,-0.0003647085986102,0.0019316292211363,0.000396529872663,0.0007275981264486,-0.0281597011225874,-0.0124184185896871,-0.0002521499613188,0.0153798828241422,0.0014786858281937,52.42140662038907,2.2074270613505007,2.2858121475440045,-0.0783850861935038,0.0578328279591094,0.5667411680206517,0.0494684582151786,0.2489628939784337,0.0034545636445876,-0.3902595512154315,-0.020270989338563,0.0071998096750542,0.0109618457788704,0.0030210262245138,,15.989999771118164,-0.064365147551105,-0.1393972100765906,-0.0718058890156423,-0.8614645993285143,-1.2139941312340967,-0.1219110063134185,-0.0066425785318422,-0.0120120319830696,-0.038124216191776,,-0.0120120319830696,-0.0021342677283195,0.0031553754874453,-0.005647717890681,-0.0143456909904338,-0.0143456909904338,-0.4360376194768706,-1.8013610803860245,0.2175950051228252,0.0019221824311614,1.9918565353113145,0.0236797436859528,0.004011361682314,0.0369122692986751,-0.0109647026032786,0.0120335289138959,1.2842667659706302,1.2957493092754409,-0.0110848959822271,186.3999786376953,-0.0091952652547432,-0.0474705655997544,-0.1365277970825527,147.00999450683594,-0.0230595515631589,-0.0838215857177131,-0.1942764839320173,52.427982330322266,0.0453911396937094,0.0121433509276858,1.9907743369192652,56.2508430480957,-0.0019472620257304,-0.0194782159074534,-0.0572169615492969,0.0,0.0,0.0,0.0,0.0,0.0,0.0,0.0,0.0,0.0,1.0,0.0,0.0,0.0,1.0,0.0,0.055807044579138,0.0519808370864483,-0.1487208496071895,-0.0143725945318717,-0.0956615857564197,-0.0658583893465423,0.0806897348181857,0.1415193294373239,-0.0091967273631021,-0.0457980879929005,-0.0723493752641884,0.0205938628797548,-0.1234696755030661,-0.1130045847139664,-0.1152489230015631,-0.2033335031038309,0.0016021821797453,0.0490345155106341,-0.0717837875393932,-0.043907331475438,0.0575646579745344,0.0696932483332397,-0.0459052677626489,0.0419432944974541,0.0636949363187111,0.0176758301518279,0.0388639303295794,-0.1173673267598452,-0.0083166108185668,-0.040854383044906,0.0,0.0,0.0,1.0,0.0,0.0272986046727766,0.0163791628036662,0.1954736039042471,0.1172841623425482,0.0,0.0,0.0,0.0,1.0,-0.6115928385940201,0.0,0.0,0.0,-0.1172841623425485,-0.3222410351311428,0.0,0.0,0.0,0.0,0.0650007506622454,0.0712944470252528,0.0741749767605583,0.0781975304108125,0.0,-1.0,-0.6859943393935606,0.0,0.0,0.0818958140183312,0.0,0.0,0.0
2026-08-03,162.24000549316406,757.6699829101562,15.859999656677246,81.87625885009766,78.87772369384766,28.170000076293945,163.6300048828125,164.72999572753906,161.35000610351562,10986300.0,-0.0019070904507768,-0.0240615968950054,-0.0070990725009155,0.0187755446980475,0.0017288143226095,0.0149403656298037,0.0113751015133289,0.0119214221956611,1.2532367473743715,0.1438224239710981,0.1610258513005966,-0.012910508738131,-0.0039903948597824,0.0018587588802738,,,,-0.0014248781623214,8.636608216289132e-05,0.0019779413583346,0.000433566223648,0.0007103311394763,-0.0300130884762566,-0.012910508738131,-0.0039903948597824,0.0208332686734644,-0.0084947708132375,59.52727957943767,2.00582857557049,2.2298154331493016,-0.2239868575788115,0.057853944389179,0.5321284728275406,0.0549871212563691,0.2652084989512763,0.0061134418475582,-0.1276468307660205,-0.0113634045658099,0.0142430065673475,0.0251389619390993,0.0085054218987581,,15.859999656677246,-0.0081300885742181,-0.1505088595679584,-0.0801264486478413,-0.9731025829820336,-0.8616126068753768,-0.2323330215966151,0.003295959493027,-0.0146735500760133,-0.0342762794212651,,-0.0146735500760133,0.0001887447746913,0.0053618789360299,-0.0077491834478414,-0.0150349755049088,-0.0150349755049088,0.6809040891834435,-1.6277154435633918,0.2141301742877707,-0.0137027968216891,1.981526852493341,0.0165106040846023,-0.0021735209558679,0.0356756398433415,-0.0314474775000601,0.0076872772223683,1.1028027204711286,1.1709982282466875,-0.0322380344400149,185.90000915527344,-0.0128497372046109,-0.0481285941845504,-0.1804748206728043,147.30999755859375,-0.0217809871775099,-0.0839500043837825,-0.1787988397125955,54.12532806396485,0.0552851761477464,0.040299324260715,2.4498772110538587,56.719764709472656,0.0022919165585983,-0.000351688052227,0.0656211415576083,0.0,0.0,0.0,0.0,0.0,0.0,0.0,0.0,0.0,0.0,1.0,0.0,0.0,0.0,1.0,0.0,0.027903522289569,0.0259904185432241,-0.0743604248035947,-0.0071862972659358,-0.0478307928782098,-0.0329291946732711,0.0403448674090928,0.0707596647186619,-0.004598363681551,-0.0228990439964502,-0.0361746876320942,0.0102969314398774,-0.061734837751533,-0.0565022923569832,-0.0576244615007815,-0.1016667515519154,0.0008010910898726,0.024517257755317,-0.0358918937696966,-0.021953665737719,0.0287823289872672,0.0348466241666198,-0.0229526338813244,0.020971647248727,0.0318474681593555,0.0088379150759139,0.0194319651647897,-0.0586836633799226,-0.0041583054092834,-0.020427191522453,0.0,0.0,0.0,4.0,0.0,0.0272986046727766,0.0163791628036662,0.1954736039042471,0.1172841623425482,0.0,0.0,0.0,0.0,1.0,-0.6115928385940201,0.0,0.0,0.0,-0.1172841623425485,-0.3916699036820098,0.0,0.0,0.0,0.0,0.0325003753311227,0.047036793422,0.0551117959315277,0.0680749041474986,0.0,0.0,-0.6115928385940201,0.0,0.0,0.0,0.0,0.0,0.0
2026-08-04,162.10000610351562,771.3300170898438,16.5,82.50385284423828,79.11642456054688,28.15999984741211,162.0,162.49000549316406,160.97000122070312,15129600.0,-0.0008629153409042,-0.008683941608632,-0.0308501050626868,0.0115444998659322,-0.0142300918459571,0.0061289179812519,0.0112949007758536,0.0113750652579194,0.5388028379162145,0.3771333387946807,0.5740512917081302,-0.0075307582350185,-0.0059788159634545,0.0017179739543178,,,,-0.0062671977433805,-0.0007166155241029,0.0021058108803903,0.0003771609755026,0.0007144391200691,-0.0308501050626868,-0.0075307582350185,-0.0059788159634545,0.0093769538262094,0.0006173216266396,59.12796100419891,1.8138545561917847,2.146623257757798,-0.332768701566013,0.0560606837131537,0.530644898358859,0.0420876992510199,0.321069852497673,0.0020317318619731,-0.1407940525146159,-0.023250594082117,0.0180290027159586,0.0411279220645479,0.0315897800257802,,16.5,0.0403531120540288,-0.0939044025505054,-0.044032436508165,-0.5402361691193897,-0.3630602734948793,-0.0345231215517893,0.007665152303669,-0.0128962195759356,-0.0165154220242551,,-0.0128962195759356,0.003593405013037,0.0064998670287625,-0.0112359445213351,-0.0146955940313201,-0.0146955940313201,1.748644817890242,-1.5081681173944073,0.2101564862146864,-0.0298232681454957,1.964756802443512,0.0077899328994461,-0.0186839209881192,0.0177045322587519,-0.0691346621311461,-0.0181884477020624,0.9938628363868752,0.4435121130680901,-0.0719780271272347,190.1397705078125,-0.0019421320265324,-0.0407607773155511,-0.0276290740307823,151.8800048828125,0.0140206043572614,-0.0731676975141218,0.1197592416513892,54.02548599243164,0.0269500798866257,0.0355980649083029,1.2101117527817726,56.330657958984375,-0.0283944425067266,-0.0182576526969229,-0.7860571361729701,1.0,0.0,0.0,0.0,0.0,0.0,1.0,0.0,0.0523999407887458,0.0181406866759061,0.9294593930244446,0.0342592541128397,0.0163465570658445,0.0929535999894142,0.8906998038291931,-0.0766070429235696,-0.4315481185913086,0.0496395975351333,-0.0727781355381012,0.1641119122505188,-0.0703038796782493,-0.0857166051864624,0.0083650350570678,0.085776649415493,0.047886062413454,-0.0126406885683536,0.0689067989587783,-0.0380909070372581,0.1446820497512817,0.0049841701984405,-0.0090720504522323,0.0773379802703857,0.2441920042037964,-0.0931598395109176,-0.1517632901668548,0.1683784425258636,0.018010014668107,0.0257202014327049,-0.0319204032421112,-0.1326420307159423,-0.070300854742527,-0.097233697772026,0.0012726113200187,0.0245363004505634,-0.0348112620413303,-0.0240487363189458,0.0,0.0,0.0,0.0,1.0,-0.0255356809745235,0.0010577542189522,0.0114197513709464,0.1241360131651161,-0.1585028569419008,-0.5521615575999022,3.5917448505839045,4.036845369505955,2.0,1.0289915090903408,0.0,0.0342592541128397,-0.0766070429235697,-0.0898767590522768,-0.3358245543931766,-0.0,0.0,0.0,0.1108662970364093,-0.0766070429235696,-0.0766070429235696,-0.0766070429235696,-0.0766070429235696,1.0,1.0,1.1358152716746088,0.0342592541128397,0.0766070429235696,0.0766070429235696,0.519372311250859,0.0,0.0
2026-08-05,164.16000366210938,769.7899780273438,15.8100004196167,82.68316650390625,79.08657836914062,28.09000015258789,163.63999938964844,165.35000610351562,162.6199951171875,15216000.0,0.0127081892722338,0.0099046482936018,-0.0125120413999277,0.0296682632103428,0.0114602623251856,0.0104671769879992,0.0115889404391521,0.0113582974327603,0.9215444593187622,0.005710659898477,0.5356837557237424,0.0076482015723875,0.003742026975424,0.0138653213563031,,,,-0.0025181952207834,0.0005697545483419,0.0023686306154486,0.0004957390764626,0.000744315271432,-0.0185339647646578,0.0076482015723875,0.003742026975424,0.0166301835125887,0.0031777332828188,56.07621223704712,1.8071071433334112,2.0787200348729207,-0.2716128915395095,0.057461973668153,0.7412955990056366,0.0218544840753909,0.8499602894309329,0.0094066398410332,1.2140988991305852,-0.0073062007974388,-0.0019966020100066,0.0552874110161984,0.0327206235771906,,15.8100004196167,-0.0418181563868667,-0.2347531202137411,-0.0811077549026227,-0.96765746859816,-0.8096246538278628,-0.0112569952519065,0.0021733974049249,0.0058461403955409,-0.0121580569276787,,0.0058461403955409,0.0048549077336819,0.0084055554528712,-0.0126537996730221,-0.011611538452504,-0.011611538452504,1.4592992080087073,-1.7305087188284467,0.2132529759386894,-0.0145088388126221,1.9854102183466071,0.0171743457937056,-0.0002671495854651,0.0309737035627681,-0.0642473810531277,-0.0182514810746795,1.0163625843908686,1.2591733736294712,-0.0677994524161262,191.7896881103516,0.0173447033461708,-0.0231231200423172,0.2607244331052413,153.00999450683594,0.0344803645355669,-0.0611155834771013,0.3160104785088222,53.6360969543457,0.0078799597317706,0.0479907111482693,0.3459212313887305,56.42045211791992,-0.0089380153180809,-0.0073723507952815,-0.2444026512106889,0.0,0.0,0.0,0.0,0.0,0.0,0.0,0.0,0.0,0.0,1.0,0.0,0.0,0.0,1.0,0.0,-0.3425199687133703,0.0393989746732743,-0.057764044456733,0.1302557110734932,-0.0558002262793493,-0.0680333146220666,0.0066393327246702,0.0680809717582305,0.0380071929248659,-0.0100329211655034,0.054691362577463,-0.0302327729506832,0.11483421898805,0.0039559385080965,-0.0072004912156911,0.0613831956191531,0.1938153221776647,-0.0739410136204096,-0.1204546032305102,0.1336420583971615,0.0142945581150579,0.0204141374055548,-0.0253352408428882,-0.1052780495468425,-0.0557978253862754,-0.077174437065036,0.0010100722740722,0.019474474573316,-0.0276297169923742,-0.0190874946656002,0.0,0.0,0.0,1.0,0.0,-0.0255356809745235,0.0010577542189522,0.0114197513709464,0.1241360131651161,0.0,0.0,0.0,0.0,2.0,-0.6859943393935606,0.0,0.0,0.0,-0.1241360131651165,-0.5165657394941788,0.0,0.0,0.0,0.0,-0.0608030502625237,-0.0666903043695638,-0.0693848116251578,-0.0731475917359753,0.0,-1.0,-0.6859943393935606,0.0,0.0,0.0766070429235696,0.0,0.0,0.0
2026-08-06,164.4499969482422,768.5599975585938,15.149999618530272,82.20499420166016,79.02690887451172,28.190000534057617,166.13999938964844,167.02000427246094,163.02999877929688,9435100.0,0.0017665282630578,0.0136217417421824,0.0056873327512374,0.018644663412517,0.0140593130976152,0.007027164177619,0.0110852262982384,0.0113557697530186,0.6188187777347537,-0.3799224500525762,-0.0470775080861206,0.0082770930179318,0.0036679800635652,0.0149417502750832,,,,0.0011342441868606,0.000698069881869,0.0020738062414352,0.000421712233611,0.0007003730891001,-0.0168001772741831,0.0082770930179318,0.0036679800635652,0.0242627276814109,-0.0101721587072038,58.84211397039632,1.80436026271326,2.0238480804409886,-0.2194878177277286,0.0591010852631725,0.752816851138163,0.0273871503472814,0.8022254200592086,-0.0027740523176695,0.2513856182979945,0.0012166580830468,-0.001597813044932,0.0362280670209118,0.022415526058465,,15.149999618530272,-0.0417457801119037,-0.11351670665514,-0.1176984601142154,-1.3617051093017052,-1.4741803348699547,-0.0447667120754352,-0.0057831880715829,0.0006329891547671,-0.0193820602566242,,0.0006329891547671,0.007771882852988,0.0047283720168684,-0.012955144916091,0.0017768708419934,0.0017768708419934,1.14126367650338,-1.0229493140538892,0.2139715799295224,-0.0107849897117633,2.000486692387858,0.0231692973585893,-0.0216208070083058,0.0225492508449947,-0.0294729849940051,0.0050511462756583,1.082481754658926,0.775020068746038,-0.0305407342696744,192.95962524414065,0.0158453795823609,-0.0221445280025894,0.2553900317404111,154.5,0.0200712607379971,-0.0595324984901898,0.2010602409462624,54.02548599243164,0.0259764627063938,0.0551872230055281,1.1237976879190483,55.86173629760742,-0.0133920679083545,-0.0233735006290395,-0.3484061416963956,1.0,0.0,1.0,0.0,0.999999999,0.0,0.0,1.0,0.8028263449668884,0.0082153920084238,0.1889582723379135,0.7946109529584646,0.3790029199700802,0.1257654913933947,0.4952315715327859,0.2532374285766854,0.0134811401367187,0.3504980206489563,-0.1995803713798523,-0.0294355601072311,0.0601873993873596,-0.0210261493921279,0.1549409180879593,0.1242155507206916,0.031948484480381,0.1368591785430908,0.1641353368759155,0.1423580795526504,-0.1134075075387954,0.1454487442970276,-0.0096518620848655,0.164567083120346,0.1631265878677368,-0.0689610391855239,-0.1033023372292518,-0.0650592222809791,-0.0220188274979591,-0.0420414358377456,-0.0160627141594886,-0.077861338853836,-0.0926011949777603,0.0041485205292701,0.1143732517957687,-0.0287168063223361,0.0121395364403724,-0.0915159732103347,0.0,0.0,0.0,0.0,1.0,0.0588767952177049,0.0353260771306231,0.2762900690237679,0.1657740414142607,0.2532374285766854,0.7946109529584646,5.220716795421313,2.875045971598107,2.0,1.0289915090903408,0.0,0.7946109529584646,0.2532374285766854,0.6288369115442036,2.206813224138456,0.0,0.0,0.0,0.5413735243817792,0.2532374285766854,0.2532374285766854,0.2532374285766854,0.2532374285766854,1.0,1.0,1.0289915090903408,0.7946109529584646,0.2532374285766854,0.2532374285766854,0.1153317952861955,0.0,0.0
2026-08-07,165.67999267578125,773.260009765625,14.899999618530272,82.44408416748047,79.17609405517578,28.06999969482422,163.9199981689453,165.77000427246094,162.9199981689453,7971800.0,0.0074794512031897,0.0220850489664972,0.0192555494633046,0.0191301298606707,0.030091994827722,0.0061509365600518,0.0111107469352807,0.0112453225759273,0.5469772851373554,-0.1550910960138207,-0.1886175618017783,0.0119345228464871,0.0092592108904623,0.0210080221928583,,,,0.0038145014712248,0.0014824056809942,0.0021000148563914,0.0004996797934081,0.0007259037462724,-0.0094463821771207,0.0119345228464871,0.0092592108904623,0.0172018724620105,0.0107369114598329,67.4823225241162,1.879764955447456,1.995031455442282,-0.115266499994826,0.0618558757091957,0.8396285632043078,0.0374175365189729,0.8189553336958892,0.0001177682143573,1.2159855518232008,-0.0090842590449401,0.0061153484724176,0.0351123508293746,0.0242532581793939,,14.899999618530272,-0.0165016505805201,-0.0681676152714333,-0.1319292875199104,-1.5154364797712223,-1.1747092260919103,-0.0969697200890743,0.0029084603452897,0.0102539819360292,-0.0162971112695271,,0.0102539819360292,0.0096743314309819,0.0064984508908891,-0.017844654662116,-0.0035498892864356,-0.0035498892864356,1.624097867289398,-1.5413789068228425,0.2142616850520937,-0.0097218034832491,2.0096043803362744,0.0254593415536195,-0.0261156533597701,0.0210509525650526,-0.0153189181380795,0.0089102024720804,1.0895610287649418,0.67746749673831,-0.01585680136607,197.69937133789065,0.0606190664976302,0.0294179316069778,1.0970664492150044,157.3699951171875,0.0704714032886371,-0.0104383051930544,0.8058912614808916,54.295066833496094,0.0356123661484866,0.0592131603521262,1.4821764883547424,56.93926239013672,0.0122383826577034,0.0015795074559072,0.3221745848726878,1.0,0.0,1.0,0.0,0.999999999,0.0,0.0,1.0,0.9170312881469728,0.0111308638006448,0.0718378573656082,0.9059004243463278,0.4442457808661706,0.0122043771963215,0.5435498777029535,0.4320414036698491,0.0394340455532074,0.1577441543340683,-0.4363889992237091,0.0838942229747772,-0.0711826831102371,0.0777906626462936,0.0434867143630981,-0.271994024515152,0.205003023147583,-0.1670123189687729,0.032272845506668,0.0702427700161933,0.0240068808197975,-0.1659814119338989,0.0807088389992713,0.03630031645298,0.0726159438490867,0.056994043290615,0.1760565936565399,-0.1432800889015197,-0.0414958819746971,0.0262750685214996,0.0095350518822669,-0.0153158232569694,-0.0225580465048551,-0.0394876040518283,0.0357070788741111,0.0795697569847107,-0.0942345857620239,0.0554959177970886,0.0,0.0,0.0,0.0,1.0,0.2284262774155111,0.1217343578645929,0.566837125768264,0.3469541262835263,0.5086484465934187,0.8716411702334881,0.4821932719018011,0.2642515506796111,3.0,0.9330078210652288,0.0,0.905900424346328,0.4320414036698491,0.5589462980628014,1.699444078332508,0.0,0.0,0.0,0.4738590206764786,0.4320414036698491,0.4320414036698491,0.4320414036698491,0.4320414036698491,1.0,0.0,1.0289915090903408,0.9059004243463278,0.4320414036698491,0.1788039750931637,0.1581634964753114,0.0,0.0
2026-08-10,168.44000244140625,773.030029296875,15.460000038146973,81.74674987792969,79.04680633544922,28.13999938964844,165.67999267578125,168.5,165.5500030517578,6995900.0,0.016658678703747,0.026072116738657,0.0382149700340304,0.0308446066902228,0.0435536746161857,0.007311046629815,0.0120371268172935,0.0117396261058656,0.622766512418618,-0.1224190270704232,-0.2883912846012731,0.0210588973939072,0.0229315511767682,0.035773048621517,,,,0.0075005727053736,0.0021315941657257,0.0023844632197826,0.0006214877645296,0.0007799966422717,0.0,0.0210588973939072,0.0229315511767682,0.0175136363422244,0.016658678703747,70.322592859036,2.1375926025061744,2.0235436848550608,0.1140489176511136,0.0701366486798128,1.0100478750393096,0.0564869786054964,0.8728097680880049,0.0079679731241946,2.278562464264573,0.0010372860222724,-0.0002974167367322,0.0202727397589672,0.0318486417381997,,15.460000038146973,0.0375839217418676,-0.0252206574520238,-0.0948212675588943,-1.050161867065259,-0.1665480139213153,-0.0221379109538449,-0.0084582695846822,-0.0015817646529878,-0.018809603893293,,-0.0015817646529878,0.0075169771601597,0.0021436044764404,-0.0160839505484527,-0.0010649870984826,-0.0010649870984826,0.990993506921067,-1.0358038715047555,0.2178958074819088,0.0065059759275374,2.0605100838006813,0.048142498941351,-0.0144147844612433,0.0478534739116387,0.0175857195589699,0.0398597834836083,1.1774261027937645,0.8630585399273515,0.0179422302750631,200.00924682617188,0.075896917568808,0.0552360827813884,1.451876152708405,158.02999877929688,0.0727717154189697,0.017316869478708,0.9149856658102286,55.36339569091797,0.0228740900284241,0.0800546115439146,0.8659923091013891,57.16873550415039,0.0079155969171844,-0.0033049053699574,0.2147464816635176,1.0,0.0,0.0,0.0,0.0,0.0,0.0,1.0,0.8408902287483215,0.0167986955493688,0.1423110961914062,0.8240915331989527,0.1056968099714174,0.0702918679575101,0.8240112961046486,0.0354049420139073,0.0334264636039733,0.0827886462211608,-0.0927005857229232,-0.0214462354779243,-0.1106756553053855,-0.120665967464447,0.340718537569046,0.2616798877716064,0.0072564668953418,-0.0543656721711158,0.078810378909111,-0.0072531923651695,0.0288529619574546,-0.0864358469843864,-0.0769065096974372,-0.0568434372544288,0.1498220264911651,0.1829004883766174,0.1237858310341835,-0.0552811697125434,-0.2161346077919006,0.0310817286372184,0.0870970860123634,0.0513004288077354,0.119506224989891,-0.0311239436268806,0.0486618913710117,0.1231518536806106,0.058380052447319,0.0357182994484901,0.0,0.0,0.0,0.0,1.0,0.2402279247534802,0.1288153462673744,0.8415343035012482,0.5117724329233168,0.0354049420139073,0.8240915331989527,2.173572675725826,1.1668042470698587,4.0,0.9330078210652288,0.0,0.8240915331989528,0.0354049420139072,0.3123191002756356,0.8420424231485293,0.0,0.0,0.0,0.7886865911850454,0.0354049420139073,0.0354049420139073,0.0354049420139073,0.0354049420139073,1.0,0.0,0.9330078210652288,0.8240915331989527,0.0354049420139073,0.3966364616559418,0.2582434022400443,0.0,0.0
2026-08-11,168.00999450683594,770.5599975585938,15.279999732971191,81.87625885009766,79.0766372680664,28.13999938964844,168.27999877929688,169.66000366210938,167.63999938964844,6680900.0,-0.0025528848749565,0.0216479028559313,0.0364589030277164,0.0044840369761542,0.0614062899297289,0.0078186556429612,0.0096991464665991,0.0106710971454837,0.7326945677348433,-0.0450263725896596,-0.303274585462509,0.0112068546226817,0.019855608040032,0.0300505160745141,,,,0.0071620004702884,0.0029797358731592,0.0025166801076503,0.0006218842736219,0.0007644769358661,-0.0025528848749565,0.0112068546226817,0.019855608040032,0.0120231196863633,-0.001604494143211,71.71053698442692,2.28093166336987,2.0750212805580226,0.2059103828118473,0.0711683716470708,0.92224537921897,0.0478095956882942,0.7344059693737527,-0.0097688524936003,-0.3265119561497503,0.0044248958241887,-0.0031952597501651,-0.0009983010050033,0.0249125201747721,,15.279999732971191,-0.0116429692581913,-0.0739394101229581,-0.102153546637678,-1.0936244661978012,-0.1171167091493708,0.0085808658557267,0.0015842705962176,-0.0076068446806415,-0.0185409028134004,,-0.0076068446806415,0.0059937027927843,-0.0005028954822146,-0.0153954001130928,-0.000710243532388,-0.000710243532388,1.0379115367137284,-0.9450913021533393,0.2180362269507254,0.0054138058825958,2.051998917225021,0.0397257618064621,-0.0342322060866596,0.0254074396020871,0.0374946349644871,0.0444035183759174,0.9234637944450657,2.1270582855579216,0.0374572040327197,199.7292633056641,0.0504339138110905,0.0586739158777911,1.0166031406021034,158.07000732421875,0.0407558746536933,0.0168543610640847,0.5749614683032362,55.8925666809082,0.0345592576203408,0.137342573204503,1.0303584791610738,56.210933685302734,-0.0021253839031813,-0.0119256693847715,-0.05761464599683,0.0,0.0,0.0,0.0,0.0,0.0,0.0,0.0,0.0,0.0,1.0,0.0,0.0,0.0,1.0,0.0,0.026530601744262,0.0657093920512469,-0.0735765036473183,-0.0170218883792074,-0.0878433258295194,-0.0957726418449118,0.2704284824810851,0.2076954645637842,0.005759461591619,-0.0431500625976938,0.0625518391931676,-0.0057568625952989,0.022900611081831,-0.0686041772153886,-0.0610407371984572,-0.0451166660475843,0.1189138212300415,0.14516821382727,0.0982488792012103,-0.043876693477862,-0.1715461518877986,0.0246695843678553,0.0691290029796952,0.0407171773279094,0.0948521536328507,-0.0247030904273546,0.0386229687765531,0.0977456910422175,0.0463362783344164,0.0283496330595242,0.0,0.0,0.0,1.0,0.0,0.1558154485612517,0.1441367548520883,0.5766639858484267,0.5049205821007489,-0.2532374285766854,-0.7946109529584646,0.0,0.0,3.0,-0.7633700354170053,0.0,0.0,0.0,-0.5049205821007493,-1.7086284158453864,0.0,0.0,0.0,0.0,0.0281009210988747,0.0308217922136736,0.0320670938138872,0.0338061116189145,0.0,-1.0,-0.7633700354170053,0.0,0.0,0.0354049420139073,0.0,0.0,0.0
2026-08-12,168.44000244140625,772.489990234375,14.550000190734863,81.79656219482422,79.17609405517578,28.200000762939453,166.4199981689453,168.8800048828125,165.75999450683594,7138300.0,0.0025594187764397,0.016658678703747,0.026072116738657,0.0132338599347114,0.0641228731176062,0.0073376470905993,0.0094283675928889,0.0106480689367281,0.6891058317798708,0.0684638297235402,-0.2407396574005627,0.0085986243297486,0.0211022208989306,0.0294836816961547,,,,0.005147606699474,0.0031075433252639,0.0024882206500467,0.0006665335871346,0.00077760003533,0.0,0.0085986243297486,0.0211022208989306,0.0185229775038853,0.0121379899933076,69.25193294859011,2.401543450412589,2.140325714528936,0.2612177358836534,0.0709599877520253,0.9154972771301438,0.0438583670476121,0.6960543656450784,-0.0029934741248092,0.3488064220085375,-0.0031937591610025,0.0025046624297864,0.0035074660415173,0.0234231034736775,,14.550000190734863,-0.0477748399864912,-0.0796964070486965,-0.1422254789423438,-1.455123784049926,-1.462377881287764,-0.0234898950843016,-0.0009733792969137,-0.0107229118884815,-0.0213584822439993,,-0.0107229118884815,0.0095469389462461,0.0011318695015143,-0.0077410032640359,0.0039160060432192,0.0039160060432192,1.3403601125526108,-0.598596234469844,0.2180481359898284,0.0035390955875689,2.059255278237898,0.0390479938075867,-0.0432062511163862,0.0182635310413556,0.0224857825783293,0.0371938550577153,1.1668524563684557,1.996490951591588,0.0225646506971397,200.70921325683597,0.0465068024999981,0.0569774063757848,0.9926781634521504,159.38999938964844,0.0416966545445334,0.0202918841644792,0.6677598965261096,55.99241256713867,0.0439315264643256,0.124749379027033,1.1778546584939404,56.9492416381836,0.0093723020715694,0.0099080415495766,0.2577479109155013,0.0,0.0,0.0,0.0,0.0,0.0,0.0,0.0,0.0,0.0,1.0,0.0,0.0,0.0,1.0,0.0,0.0210573525590954,0.0521535790331701,-0.0583977096449475,-0.0135102817598195,-0.0697212939150822,-0.0760147962071933,0.2146392287863191,0.1648479994687875,0.0045712876946532,-0.0342482273800364,0.0496474276688899,-0.0045692248699069,0.0181762270610065,-0.0544511715405603,-0.0484480652208727,-0.0358091215726166,0.0943819624570631,0.1152200876708764,0.0779801870993489,-0.0348249546918222,-0.136156270983894,0.0195802620885759,0.0548677260257405,0.0323172450617496,0.0752842042291182,-0.0196068558656241,0.0306550706330176,0.0775808063928873,0.0367771284861719,0.0225011186708005,0.0,0.0,0.0,2.0,0.0,0.0118016473379687,0.1441367548520883,0.2746971777329841,0.5049205821007489,-0.4320414036698491,-0.9059004243463278,0.0,0.0,3.0,-0.7633700354170053,0.0,0.0,0.0,-0.5049205821007493,-1.5382706235881964,0.0,0.0,0.0,0.0,0.0223037158568145,0.0268319285734096,0.0290439257114084,0.0322794818401789,0.0,0.0,-0.7633700354170053,0.0,0.0,0.0,0.0,0.0,0.0
2026-08-13,168.3800048828125,777.8800048828125,14.630000114440918,82.27472686767578,79.35511016845703,28.18000030517578,169.49000549316406,169.7100067138672,167.83999633789062,6730100.0,-0.0003561954270014,-0.0003561954270014,0.0238978899817627,0.029721137985379,0.0406675012790316,0.0076398665189421,0.0071759718520012,0.0096789068798793,0.7893314631936924,-0.057184483700601,-0.2642451983966687,0.003516332888195,0.0177400564565508,0.0270517820773155,,,,0.0047233609661158,0.0019931167711298,0.0023002795864571,0.0005726628640294,0.0007641907709432,-0.0003561954270014,0.003516332888195,0.0177400564565508,0.0111058933468854,-0.0065490623303822,66.978382620483,2.46388571820313,2.205037715263775,0.2588480029393554,0.0745322398583992,0.8629541005169054,0.0284419224582474,0.6236320397595154,-0.0002374636180009,-0.0466232465573977,-0.0020263362701015,0.0069774556519524,0.0121265839411688,0.0361786488166144,,14.630000114440918,0.0054982764712949,-0.0343234004741052,-0.1321370183146994,-1.2816460971578552,-0.8396570391423589,-0.0536869289558901,0.0058457795782744,0.0008482777316978,-0.0152868274192234,,0.0008482777316978,0.0089010412564449,0.004153032158533,0.0014214966735948,-0.0003547438344229,-0.0003547438344229,1.7853860923716869,-0.6564134875961055,0.2164601273022552,-0.0039835173994871,2.0465580536489862,0.0297824770755135,-0.0181854931964734,0.028197550909176,0.0116302705880495,0.0230300763491386,1.0051549089124174,1.784101544527671,0.0117713060405939,198.92930603027344,0.0309374605106105,0.0497599697368376,0.7150408772439678,156.86000061035156,0.0152750848566445,0.0319736882259971,0.275490081843206,56.02236175537109,0.0369617362298082,0.0749042052490371,0.9769874401294144,56.78960418701172,0.016610079652036,0.0090409387713576,0.4668573568178955,0.0,0.0,0.0,0.0,0.0,0.0,0.0,0.0,0.0,0.0,1.0,0.0,0.0,0.0,1.0,0.0,0.0167132318019866,0.0413943231105804,-0.0463502928614616,-0.0107231177389621,-0.0553378276526927,-0.0603329837322235,0.170359268784523,0.1308399438858032,0.0036282334476709,-0.0271828360855579,0.0394051894545555,-0.0036265961825847,0.0144264809787273,-0.0432179234921932,-0.0384532548487186,-0.0284217186272144,0.0749110132455825,0.0914502441883087,0.0618929155170917,-0.0276405848562717,-0.1080673038959503,0.0155408643186092,0.0435485430061817,0.0256502144038677,0.0597531124949455,-0.0155619718134403,0.0243309456855058,0.0615759268403053,0.0291900262236595,0.017859149724245,0.0,0.0,0.0,3.0,0.0,0.0,0.0934892691367512,0.0,0.345998391509056,-0.0354049420139073,-0.8240915331989527,0.0,0.0,2.0,-0.6859943393935606,0.0,0.0,0.0,-0.3459983915090563,-0.9729393190776836,0.0,0.0,0.0,0.0,0.0177024710069536,0.0233585505339031,0.0263057708199455,0.0308217922136736,0.0,0.0,-0.7633700354170053,0.0,0.0,0.0,0.0,0.0,0.0
2026-08-14,167.3699951171875,776.3400268554688,14.25,81.7268295288086,79.27554321289062,28.11000061035156,167.66000366210938,167.77000427246094,166.4499969482422,5023800.0,-0.0059983949182561,-0.0038092935573686,0.01020040147342,0.0296523652718416,0.0389844119564346,0.008738209947018,0.0071851336259735,0.009741680401802,0.8969919654117975,-0.2535326369593319,-0.4380580912677417,-0.0045084980567932,0.0086965634660172,0.0189395692957166,,,,0.0020297456942949,0.0019121854537611,0.0022215140368307,0.0005578172581213,0.0007656348091213,-0.0063524537444183,-0.0045084980567932,0.0086965634660172,0.0078867620405588,-0.0017297419693866,61.480622494744594,2.404080325986854,2.2448462374083906,0.1592340885784633,0.0747262491793089,0.7534526957223602,0.0109459445384947,0.0881124702452356,-0.0047286303991332,-0.6864557235601141,-0.0154124631905781,-0.0019797115463531,0.0039831583826213,0.0444645425138627,,14.25,-0.0259740335931938,-0.0436241365886953,-0.143192128330899,-1.345627616146407,-1.1376217812818092,-0.0674083606656522,-0.0066593638134877,-0.0086998921258536,-0.0254320579487735,,-0.0086998921258536,0.0077626635850978,0.0012560503129332,-0.0021299064884587,0.0014250415376642,0.0014250415376642,1.3573250801156391,-0.9498076154495624,0.2155885170511075,-0.0077345385291786,2.047919833451876,0.0271864275516262,-0.0092212046438526,0.0281462530793157,0.0061925770755104,0.0190661671971423,0.9733208657191534,2.151849677869732,0.0062172430907987,198.24932861328125,0.0027817856560135,0.0447934218984737,0.0692316023046617,157.41000366210938,0.0002542323579033,0.0204201300884516,0.0052105042835395,55.67290878295898,0.0253769270362673,0.103939861176205,0.6373099869296243,57.019081115722656,0.0014018222617468,0.0090042934227236,0.0427286372120553,1.0,0.0,0.0,0.0,0.0,0.0,0.0,1.0,0.6715865135192871,0.0244844425469636,0.3039290010929107,0.6471020709723234,0.0941618159413337,0.0178978089243173,0.8879403471946716,0.0762640070170164,0.0682973861694336,0.0707071721553802,-0.1205498799681663,-0.0079618617892265,-0.1439155489206314,0.0072949975728988,0.2422654628753662,0.1255109161138534,0.0422898381948471,-0.0165968835353851,0.0471022054553031,-0.004191955551505,-0.0181830003857612,0.0635685324668884,-0.1234668418765068,0.0957473739981651,0.1594520062208175,0.1094679608941078,0.0566760264337062,-0.0360629893839359,-0.2483405172824859,0.0003772303462028,0.1093681678175926,0.1040515825152397,0.0664620399475097,0.0150101110339164,0.0813522562384605,0.0880285948514938,-0.0126589983701705,-0.0036740005016326,0.0,0.0,0.0,0.0,1.0,0.0254213356723384,0.0223337898061847,0.2157006903241076,0.294238720834255,0.0762640070170164,0.6471020709723234,0.5608608926969502,1.014733727484129,2.0,0.9330078210652288,0.0,0.6471020709723235,0.0762640070170164,0.3528633501380681,1.0144042182797472,0.0,0.0,0.0,0.570838063955307,0.0762640070170164,0.0762640070170164,0.0762640070170164,0.0762640070170164,1.0,1.0,1.0289915090903408,0.6471020709723234,0.0762640070170164,0.0762640070170164,0.1466867071034694,0.0,0.0
2026-08-17,167.0500030517578,772.6699829101562,15.1899995803833,81.03946685791016,79.17609405517578,28.100000381469727,166.4499969482422,167.8699951171875,165.86000061035156,7225500.0,-0.0019118842968576,-0.0082521928847155,-0.0082521928847155,0.0296474198455103,0.0489796110000491,0.0031299137285383,0.0071854938048743,0.0092750767581415,0.3374541766823429,0.4382539113818224,-0.1944438870047427,-0.0047661420806802,0.0038580048311736,0.0145825513330233,,,,-0.0016572861433302,0.002390894630951,0.0020744754762966,0.0005439811501458,0.0008068560626474,-0.0082521928847155,-0.0047661420806802,0.0038580048311736,0.0120322925478377,0.003604722826773,49.23639470880682,2.304300890102354,2.2567371679471835,0.0475637221551705,0.0701832425814573,0.7077782501442321,0.0147144638045724,0.1760913517488004,0.0008388466647142,-0.6108422952948802,-0.0150023692954861,-0.0047273666413644,-0.0004657598968648,0.0412078790281913,,15.1899995803833,0.0659648828339158,-0.0174644538872869,-0.0770726549267291,-0.7329024184334781,0.9318178426514316,0.0439862117703597,-0.0084104898582434,-0.0086521240425545,-0.0263713725086526,,-0.0086521240425545,0.0037826948770252,0.0016355843546405,-0.0024849021879529,-0.0014214288929027,-0.0014214288929027,0.9536593198716126,-0.911469124439131,0.2161983857876641,-0.0052942285877676,2.06134133809954,0.0300931215279289,0.0096586644398555,0.0402792853933664,-0.0077900612859918,0.0004034216116646,1.0503821033347231,0.6547711694019398,-0.0077864329878507,201.9191436767578,0.009549042761237,0.0825604336729748,0.2338980482747089,159.52999877929688,0.009491868705858,0.0569100052931641,0.200516943847213,54.99397277832031,-0.0066726924529714,0.0889679258316724,-0.1652239678240455,56.12113952636719,-0.0183246309113684,-0.0037194387605012,-0.6181433028625429,0.0,0.0,0.0,0.0,0.0,0.0,0.0,0.0,0.0,0.0,1.0,0.0,0.0,0.0,1.0,0.0,0.0341486930847168,0.0353535860776901,-0.0602749399840831,-0.0039809308946132,-0.0719577744603157,0.0036474987864494,0.1211327314376831,0.0627554580569267,0.0211449190974235,-0.0082984417676925,0.0235511027276515,-0.0020959777757525,-0.0090915001928806,0.0317842662334442,-0.0617334209382534,0.0478736869990825,0.0797260031104087,0.0547339804470539,0.0283380132168531,-0.0180314946919679,-0.1241702586412429,0.0001886151731014,0.0546840839087963,0.0520257912576198,0.0332310199737548,0.0075050555169582,0.0406761281192302,0.0440142974257469,-0.0063294991850852,-0.0018370002508163,0.0,0.0,0.0,3.0,0.0,0.0254213356723384,0.0152528014034032,0.2157006903241076,0.1294204141944645,0.0,0.0,0.0,0.0,1.0,-0.6859943393935606,0.0,0.0,0.0,-0.1294204141944648,-0.3211284649980399,0.0,0.0,0.0,0.0,0.0381320035085082,0.0503154802830963,0.0566639394469932,0.0663916742678831,0.0,-1.0,-0.7633700354170053,0.0,0.0,0.0762640070170164,0.0,0.0,0.0
2026-08-18,169.72999572753906,767.4500122070312,15.84000015258789,81.3482894897461,79.09652709960938,28.13999938964844,168.6699981689453,170.3000030517578,168.4499969482422,7529600.0,0.0160430567304503,0.0080175246797629,0.0102374934643136,0.0470696442734923,0.0591575396414294,0.0084012890275311,0.0081173637901617,0.0097337129059882,0.8631123853314252,0.0420870527991141,-0.1648916436482088,0.0091322846306578,0.0153076585957583,0.0279003856669255,,,,0.0020370890510971,0.0028736909100278,0.0021451305082783,0.0006982887467856,0.000875334255926,0.0,0.0091322846306578,0.0153076585957583,0.0108997004070239,0.0062844463751758,61.32378132704895,2.413654868715554,2.2881207081008577,0.1255341606146962,0.0704155391830606,0.8962248388724589,0.0250619117916506,0.8643889862265138,0.0133705485038627,1.9095944406010232,-0.0037242450477153,-0.0067557570742746,-0.0040360067501765,0.0256187284968294,,15.84000015258789,0.0427913489243287,0.0366492427619831,-0.0340285252550515,-0.3225108241785723,1.505862886627004,0.0827067688777809,0.0038107683059835,-0.0064483815915208,-0.0199742660687022,,-0.0064483815915208,-0.0002514959573567,0.000251526016155,-0.000710243532388,0.0,0.0,0.649041461258929,-0.629871872460198,0.2211609786016289,0.0159014695057195,2.086460536443528,0.0386004290782728,0.0523633249925046,0.0619434088985757,0.0143313416059509,0.0167941702742759,1.8219521654914357,1.5107657370873817,0.0142735002144902,203.54905700683597,0.0191248575093681,0.0752733788367567,0.4640054571479508,160.11000061035156,0.0129056316290829,0.036310683562146,0.2823349026868305,55.35340881347656,-0.0096463250741319,0.1099098476155304,-0.2300440970073329,56.35061264038086,0.0024849072221451,-0.0149982966483146,0.0990619177088628,0.0,0.0,0.0,0.0,0.0,0.0,0.0,0.0,0.0,0.0,1.0,0.0,0.0,0.0,1.0,0.0,0.0271038356630093,0.0280601598652867,-0.0478402515690268,-0.0031596669449609,-0.0571129234377977,0.0028950217053312,0.0961431126559797,0.0498090400681558,0.0167827334095163,-0.006586477595866,0.0186925226224426,-0.0016635786630657,-0.0072159284850739,0.0252271888275033,-0.0489978486694895,0.0379973705519699,0.0632785706033414,0.0434423890700301,0.0224918959955607,-0.0143116068212944,-0.0985539995951362,0.0001497039620991,0.0434027861613702,0.0412928978859118,0.0263754780321573,0.0059567665113496,0.0322846642832296,0.0349341710176359,-0.0050237268324181,-0.0014580280653058,0.0,0.0,0.0,4.0,0.0,0.0254213356723384,0.0152528014034032,0.2157006903241076,0.1294204141944645,0.0,0.0,0.0,0.0,1.0,-0.6859943393935606,0.0,0.0,0.0,-0.1294204141944648,-0.3523608475757052,0.0,0.0,0.0,0.0,0.0302653912415304,0.0438021697029645,0.0513218708675588,0.0633935327442435,0.0,0.0,-0.6859943393935606,0.0,0.0,0.0,0.0,0.0,0.0
2026-08-19,175.67999267578125,769.0599975585938,14.890000343322754,82.70308685302734,79.27554321289062,27.8799991607666,172.47000122070312,176.60000610351562,172.2899932861328,16538900.0,0.0350556595652866,0.0496504618571287,0.0429826058503739,0.0701753701064935,0.1019256146680391,0.0170229379818894,0.0124860727805996,0.0118928605001624,1.431357624206497,1.1965177433064174,0.7294161995590427,0.0355925681469964,0.0437076021356122,0.0587245786487788,0.1059520237400839,,,0.0084168997685076,0.004852960407562,,0.0008395354560291,0.0010493429219799,0.0,0.0355925681469964,0.0437076021356122,0.0245333162401536,0.0186118828338756,82.61799571214915,2.9464686555946,2.419790297599606,0.5266783579949941,0.0832071346608425,1.2057637411520534,0.0833130420490675,0.9272148426177264,0.0185055056129104,2.059318875699551,0.0217601166932132,0.0020978374173614,-0.0044401775028056,0.0289667320372721,0.0252463381859535,14.890000343322754,-0.059974734855664,0.0233677077753164,-0.0870911139994233,-0.806523309703,-0.1164560815386642,0.0449123047945791,0.0166542821217159,0.0110826743065797,-0.0010256019893858,-0.0121056408014335,0.0110826743065797,0.0023893414994893,0.0012560503129332,-0.0074760053642057,-0.0113475742381325,-0.0113475742381325,1.0985089041338736,-1.737510473113676,0.2284347037077512,0.0456808221833282,2.1242253386259247,0.0522016191194971,0.0711911648699645,0.0699176014088005,0.0476342880473297,0.0315502701751584,2.7808560530338617,3.093249089522062,0.0474227833531796,216.94834899902344,0.0809087708465441,0.1602139870560972,1.5680721418441232,169.5500030517578,0.0637430434846291,0.1146538845008682,1.197704500829164,56.55153274536133,0.0099856418501744,0.1463265829254723,0.2245146738782042,56.370567321777344,-0.0101612295398549,0.0,-0.464310197362663,1.0,0.0,0.0,0.0,0.0,0.0,0.0,1.0,0.1741775125265121,0.0080721378326416,0.8177503347396851,0.1661053746938705,0.1491709202472728,0.0116928040930166,0.8391362968113727,0.1374781161542561,0.111590176820755,0.1029348000884056,0.1316129267215728,0.0131618157029151,0.1603666096925735,-0.0910887718200683,-0.4090742766857147,-0.0506677813827991,-0.0916206836700439,-0.0885821729898452,0.0935465842485427,0.0521338954567909,-0.0205600783228874,0.0217595472931861,0.0079899281263351,0.1119696721434593,-0.0251448526978492,-0.0765055269002914,0.0968674942851066,0.0055284202098846,-0.0432372465729713,-0.0191707387566566,0.0839720144867897,-0.0506309941411018,0.020743666216731,-0.0465452149510383,0.1057979688048362,-0.0699701607227325,-0.0220507681369781,0.1211361959576606,0.0,0.0,0.0,0.0,1.0,0.0458260387180849,0.0427484246342544,0.05536845823129,0.1626414891332386,0.0612141091372396,-0.4809966962784529,0.4915992472987371,1.9757620618411853,2.0,0.9330078210652288,0.0,0.1661053746938705,0.1374781161542562,0.0034638855606315,0.0224109992721241,0.0,0.0,0.0,0.0286272585396143,0.1374781161542561,0.1374781161542561,0.1374781161542561,0.1374781161542561,1.0,1.0,1.0289915090903408,0.1661053746938705,0.1374781161542561,0.1374781161542561,0.0116138715306667,0.0,0.0
2026-08-20,172.38999938964844,762.5999755859375,16.010000228881836,82.02568054199219,79.12635803222656,27.90999984741211,174.19000244140625,175.19000244140625,172.33999633789062,9673400.0,-0.0187271938939826,0.0319664545964486,0.0238151466358893,0.0482821683718561,0.0678270365624928,0.0209580073448627,0.0148715529779066,0.0128535612999891,1.630521318193662,-0.4151122505124283,-0.0052593720323161,0.0114172527593865,0.0193534720442509,0.0354810953673718,0.0824544802513349,,,0.0047071978916148,0.0032812888319188,0.0025584600378851,0.000769321908666,0.0009478920686197,-0.0187271938939826,0.0114172527593865,0.0193534720442509,0.0165323169186504,-0.0103335612063229,73.47328327633124,3.0678877574682133,2.549409789573328,0.5184779678948854,0.085717899735927,0.913928659902766,0.0851678183208871,0.6340559495884908,-0.0293826787594655,-0.8935578985287089,0.0090527082663421,-0.0083998933674405,-0.0196431701560151,0.033081339446275,0.0163196265723255,16.010000228881836,0.075218257873401,0.0943267329901627,-0.0102620981319674,-0.0994305038824273,1.0790877707678188,0.0539829276596888,-0.0081908225776261,-0.0030270088417813,-0.0059914530910198,-0.0198521108148834,-0.0030270088417813,0.0012584214558202,-0.0028826390102019,-0.0099326243824375,-0.0095812794478246,-0.0095812794478246,0.5618845091194776,-1.453000147869019,0.2260556057023133,0.033051103762669,2.101658873788864,0.037291212257561,0.0564749102510302,0.0505737837627116,0.0443290804622849,0.0269236536152168,2.8581947385819224,5.055758521718504,0.0434583167919044,210.81866455078125,0.0597667521078995,0.1156207357896799,1.079047639766595,163.3800048828125,0.0415657544759098,0.0732444949629356,0.7394290848142061,55.36339569091797,-0.0117625541624001,0.1215615947752097,-0.2726889022815894,56.27079772949219,-0.0091355885455913,0.0051684460400005,-0.4717701709593763,2.0,0.0,2.0,0.0,0.9999999995,0.0,0.0,1.0,0.3632115200161934,0.010807589162141,0.6259808391332626,0.3524039308540522,0.5543602068108949,0.0206582326937278,0.4249815625123223,0.533701974117167,0.0662641525268554,0.1349677219986915,-0.1019027195870876,0.0287130326032638,-0.0732673481106758,-0.1429086253046989,-0.1560420840978622,0.0367983169853687,-0.1049409303814172,0.0881846230477094,-0.0104938484728336,-0.0233481610193848,-0.1611013412475586,-0.0967133678495884,-0.1016907766461372,-0.0531886331737041,0.07758454605937,0.0418951082974672,-0.0222288109362125,0.060663279145956,0.0254267640411853,-0.0425639040768146,-0.0281533524394035,0.0199059769511222,-0.0167811587452888,-0.0630783922970295,0.0592795815318822,0.0267427638173103,-0.0292706247419118,0.023004662245512,0.0,0.0,0.0,0.0,2.0,0.2237266967571406,0.1494888194576878,0.1728364351826407,0.233122275304049,0.533701974117167,0.3524039308540522,1.556233153549954,2.0555925559885564,4.0,2.629385677547463,0.0,0.3524039308540523,0.5337019741171671,0.1192816555500029,0.3651419716905478,0.0,0.0,0.0,0.1812980432631147,0.533701974117167,0.533701974117167,0.533701974117167,0.533701974117167,1.0,1.0,2.629385677547463,0.3524039308540522,0.533701974117167,0.3962238579629109,0.4063859955522443,0.0,0.0
2026-08-21,174.6199951171875,765.719970703125,15.130000114440918,81.7367935180664,79.17609405517578,27.899999618530277,171.91000366210938,175.60000610351562,171.7899932861328,10166900.0,0.0129357604004549,0.0288104608068109,0.0433172026737753,0.0539594570051733,0.0741218382855644,0.0201949486528898,0.0150784220313694,0.0130095110515479,1.5523217606372046,0.0510161887237166,0.0321207208368716,0.0158585987255492,0.027109990657917,0.0450936530321282,0.0934263935595938,,,0.0084810510136744,0.0035751716560658,0.0027412807125069,0.0009710565859041,0.0009897067055436,-0.0060336839867131,0.0158585987255492,0.027109990657917,0.021818880563053,0.0157640125492908,77.05418539837262,3.305946396660431,2.7007171109907486,0.6052292856696826,0.0927954348119551,0.9859468908519916,0.0824023323099192,0.6924532750590636,0.0033322734648513,0.6405443253285783,0.004359013707784,0.0040912604472485,-0.0136796452391613,0.0362550962782455,0.0200882025363,15.130000114440918,-0.0549656528332466,0.0617543939958538,-0.0545817993596458,-0.5514207543066579,-0.5810789275792954,-0.0448232342997152,-0.0035219095046445,0.0001219182160283,-0.010444116729374,-0.0228653021335379,0.0001219182160283,0.0,-0.0012544746296822,-0.0060562906356316,-0.0074706861352381,-0.0074706861352381,0.653248546437592,-1.4090583061736648,0.228046807969292,0.040239793535683,2.136369529575331,0.0500643874002848,0.0643377882230638,0.0630796541246812,0.0577873584761994,0.0431900188077034,3.053349778771293,3.654017668283184,0.0569968479129366,213.54852294921875,0.0771714811997228,0.1351121882218589,1.280426487883196,165.72999572753906,0.0528555483887103,0.101342373956548,0.8612854240505374,56.08226776123047,0.007352929588561,0.1182560000523316,0.178930727031888,56.82951354980469,-0.0033246338279853,0.0083200272684367,-0.188078838211,0.0,0.0,0.0,0.0,0.0,0.0,0.0,0.0,0.0,0.0,1.0,0.0,0.0,0.0,1.0,0.0,0.0525938927144558,0.1071239519412372,-0.0808802421354816,0.0227895490798091,-0.0581523327329035,-0.1134266510720041,-0.1238506842241284,0.0292068435466167,-0.0832916716409916,0.0699921816966765,-0.0083289730524854,-0.0185314476818472,-0.1278662192849312,-0.076761450931912,-0.0807120229117707,-0.0422158461263443,0.0615788950155596,0.0332521694918605,-0.017643018932073,0.0481484765660655,0.0201812359935624,-0.0337829930537045,-0.0223453306393703,0.0157993843763331,-0.0133192145227584,-0.0500653531443837,0.0470502350419722,0.0212257457080677,-0.0232321102535386,0.0182588125243494,0.0,0.0,0.0,1.0,0.0,0.2237266967571406,0.1342360180542846,0.1728364351826407,0.1037018611095844,0.0,0.0,0.0,0.0,3.0,-0.7633700354170053,0.0,0.0,0.0,-0.1037018611095847,-0.3717596838471562,0.0,0.0,0.0,0.0,0.4235995375755478,0.4646145541999532,0.4833865076222812,0.5096008489761914,0.0,-2.0,-0.7633700354170053,0.0,0.0,0.533701974117167,0.0,0.0,0.0
2026-08-24,174.6999969482422,763.469970703125,15.850000381469728,82.24484252929688,79.26559448242188,27.959999084472656,174.41000366210938,174.9199981689453,173.3300018310547,5930800.0,0.0004581481691199,-0.0055783001388647,0.045794634880157,0.0371645358353254,0.0691554680162136,0.0199100200303835,0.0145933588742544,0.0130238551983531,1.5287346333646683,-0.416656011173514,-0.3913529384297485,0.007357695625759,0.0238107738085002,0.0420487695202187,0.0911394265807736,,,0.0089554025200307,0.0033434527299381,0.0025164310393059,0.0009584083607069,0.0009727370901141,-0.0055783001388647,0.007357695625759,0.0238107738085002,0.0091012957393564,0.0016627101659525,77.60735150257668,3.461166885152579,2.852807065823115,0.6083598193294644,0.0984477653037548,0.9271175621963552,0.0551425020710762,0.6334305725967131,0.0023175815487415,0.0230109334601293,-0.0055877989237154,-0.0029384110198065,-0.0119067809161949,0.0329864332649476,0.0168467256160183,15.850000381469728,0.0475875916446029,0.0434496918577118,-0.000787995012396,-0.0085940083748035,0.6127605715017824,0.0644728016126254,0.0062156709281502,0.0148739338759489,-0.010237890054099,-0.0163644965818767,0.0148739338759489,0.0027678303161824,0.0011303971017277,-0.0063965994697923,-0.004982252494537,-0.004982252494537,0.9081317299568784,-1.06211793764165,0.228823665176183,0.0419438533546405,2.124145315081749,0.0400243348593647,0.0501517574870342,0.0308832418639226,0.0583967329012284,0.0304675289926084,2.936896025726348,3.6715476242443086,0.0577014157963519,212.51856994628903,0.0524934192792503,0.1284978582015763,0.828154795449192,164.1699981689453,0.0290854348721438,0.0901786450713775,0.4516521568470568,55.792724609375,0.0145243522280966,0.0877945191867732,0.3856491941869067,57.1388053894043,0.01813337846711,0.0096967619128767,1.0502566883742104,0.0,0.0,0.0,0.0,0.0,0.0,0.0,0.0,0.0,0.0,1.0,0.0,0.0,0.0,1.0,0.0,0.0262969463572279,0.0535619759706186,-0.0404401210677408,0.0113947745399045,-0.0290761663664517,-0.056713325536002,-0.0619253421120642,0.0146034217733083,-0.0416458358204958,0.0349960908483382,-0.0041644865262427,-0.0092657238409236,-0.0639331096424656,-0.038380725465956,-0.0403560114558853,-0.0211079230631721,0.0307894475077798,0.0166260847459302,-0.0088215094660365,0.0240742382830327,0.0100906179967812,-0.0168914965268522,-0.0111726653196851,0.0078996921881665,-0.0066596072613792,-0.0250326765721918,0.0235251175209861,0.0106128728540338,-0.0116160551267693,0.0091294062621747,0.0,0.0,0.0,4.0,0.0,0.1779006580390553,0.1342360180542846,0.1174679769513506,0.1037018611095844,-0.1374781161542561,-0.1661053746938705,0.0,0.0,3.0,-0.7633700354170053,0.0,0.0,0.0,-0.1037018611095847,-0.3574339856703305,0.0,0.0,0.0,0.0,0.2117997687877739,0.3065312898635299,0.3591547948862819,0.4436333061324065,0.0,0.0,-0.7633700354170053,0.0,0.0,0.0,0.0,0.0,0.0
2026-08-25,175.2899932861328,765.9099731445312,15.449999809265137,83.15137481689453,79.4843978881836,27.940000534057617,174.4499969482422,175.82000732421875,174.0399932861328,5434000.0,0.0033771971848712,0.0168222861346474,0.0327578960616896,0.0433307482728395,0.0480090819264535,0.019617848956338,0.0144283079567744,0.0121276184839676,1.6176174542969637,-0.0837661023807918,-0.4205090114901098,0.0043200131906664,0.0229043005940077,0.0430699642746559,0.0918152780662542,,,0.0064465585863266,0.0023446125910828,0.0027291097471825,0.0011548062720496,0.0009799932541367,-0.0022199419735187,0.0043200131906664,0.0229043005940077,0.0101546814208632,0.0048151123679288,76.06556064817363,3.5904001166502155,3.000325675988535,0.5900744406616805,0.1062321098153942,0.9054326356645004,0.0292517589090495,0.647683877885714,-0.0022302315266778,0.1721492004673117,-0.0065445981261195,0.0031959376727799,-0.002006696251227,0.0338120404506414,0.0198390199062226,15.449999809265137,-0.0252366285537904,-0.0246212335584502,-0.017456846290219,-0.2037924624902502,-0.0339527675263069,-0.0349781643729439,0.0110223603051429,0.0221650060309592,-0.0051490494125817,-0.0052660875143422,0.0221650060309592,0.0051565245337241,0.0049037650930712,-0.0071072800258976,-0.0071072800258976,-0.0071072800258976,1.6070475324965214,-1.2415983864757685,0.2288650095081797,0.0413970215422103,2.1080829231282623,0.0294650226987165,0.0496650612097664,0.0273314013143268,0.0348344945625687,0.0103631898648755,2.8302867677482704,3.7446756940272343,0.0347645923129167,216.38836669921875,0.0630772251229423,0.1358387114136618,0.9527408945404138,169.10000610351562,0.0561489317275214,0.1289892340878375,0.8165590986931535,55.62298583984375,0.0048701070475276,0.0573163517633574,0.1321430117558392,56.869422912597656,0.0092068257629733,-0.0191016871567993,0.6841674994919136,0.0,0.0,0.0,0.0,0.0,0.0,0.0,0.0,0.0,0.0,1.0,0.0,0.0,0.0,1.0,0.0,0.0208719001555074,0.0425121685006277,-0.0320973453623265,0.0090440385457924,-0.0230777685386539,-0.0450133963082323,-0.0491501766060906,0.0115907435426425,-0.033054321795775,0.0277764157137134,-0.0033053551463325,-0.0073542098861644,-0.050743742751024,-0.0304628019899806,-0.0320305875191565,-0.0167533696376716,0.0244376006816846,0.013196132207901,-0.0070016367031668,0.0191077355879096,0.0080089288115498,-0.0134067896780212,-0.0088677503408784,0.0062699898448602,-0.0052857337862042,-0.0198684485621385,0.0186718981502444,0.008423442766449,-0.0092196690639771,0.0072460145522106,0.0,0.0,0.0,5.0,0.0,0.0,0.1342360180542846,0.0,0.1037018611095844,-0.533701974117167,-0.3524039308540522,0.0,0.0,3.0,-0.7633700354170053,0.0,0.0,0.0,-0.1037018611095847,-0.3432583951936229,0.0,0.0,0.0,0.0,0.1681055878901668,0.2668509870585835,0.3252949968623551,0.4235995375755478,0.0,0.0,-0.7633700354170053,0.0,0.0,0.0,0.0,0.0,0.0
2026-08-26,173.5399932861328,766.0800170898438,15.210000038146973,82.98202514648438,79.46451568603516,28.020000457763672,174.3300018310547,174.83999633789062,173.4499969482422,5617400.0,-0.0099834563696024,-0.0061848692088778,-0.0121812356492855,0.0302777889504046,0.0439123409032184,0.0122557731836651,0.015128826169508,0.012301066336716,0.9963178680507108,0.0337504600662494,-0.3810177604509863,-0.003262356317185,0.0096872515924582,0.0304185103698262,0.0779666090837671,,,-0.0024512069905726,0.0021487760641564,0.0027446349033586,0.0011369659770286,0.0009229772178834,-0.0121812356492854,-0.003262356317185,0.0096872515924582,0.008009677558052,-0.004531684372306,69.92546538977146,3.511133843702197,3.102487309531268,0.4086465341709293,0.1093342931041334,0.778215640365047,0.0264050592449192,0.3764495740408988,-0.0079218332999764,-0.8145920624833829,-0.0156728901015716,0.0002220155779071,-0.0038748348350063,0.0502015107259163,0.01985067249283,15.210000038146973,-0.0155339659599373,0.0214909125215514,-0.0156614004643768,-0.3537442709570155,-0.8251369342214299,0.005287503179177,-0.0020366430595173,0.0033727676205452,0.0094817753726661,-0.0069934286633267,0.0033727676205452,0.003642786807068,0.0023837423937551,-0.0063829893725513,0.0050215674752991,0.0050215674752991,1.5487965538042536,-0.5702002754614384,0.2265298525151068,0.0310915864834713,2.091296193118818,0.0195502502507165,0.0388983674947536,0.0155594671624867,-0.0083387119458057,-0.0155017195719956,3.029562721616629,2.412130369645981,-0.0083064008142791,215.2184295654297,-0.0079738769231266,0.1416220107459118,-0.1171353118300864,168.38999938964844,-0.0068416611101757,0.1384625462813473,-0.095359987490132,55.30348587036133,-0.0220691962606861,0.0392119911240151,-0.5797595873060988,57.27848434448242,0.0161062246814451,0.0061338795260228,1.4454875311291009,1.0,0.0,1.0,0.0,0.999999999,0.0,0.0,1.0,0.2290783077478408,0.0087123233824968,0.7622093558311462,0.220365984365344,0.466490775346756,0.0105262640863657,0.5229829549789429,0.4559645112603903,0.127308577299118,0.2103311270475387,-0.0918529331684112,0.0017080530524253,-0.0028040707111358,-0.2903385758399963,-0.2419746816158294,-0.0469106584787368,-0.2139880061149597,0.1863596439361572,-0.0675893425941467,0.0118335913866758,-0.2257493734359741,-0.0934788435697555,-0.1553528010845184,-0.0136885717511177,0.089268647134304,-0.0688368082046508,-0.1729773879051208,0.0217050574719905,0.0455869473516941,-0.1142498552799224,0.025178276002407,-0.034483328461647,-0.0302682761102914,-0.0390513837337493,0.1025454476475715,0.1657892763614654,-0.0760538280010223,-0.0427459850907325,0.0,0.0,0.0,0.0,1.0,0.1519881704201297,0.1979332970755114,0.0734553281217811,0.1145539830438791,0.4559645112603903,0.220365984365344,1.732002194557813,1.6877396600071712,3.0,0.8451542532999404,0.0,0.220365984365344,0.4559645112603903,0.1058120013214645,0.3130373536089564,0.0,0.0,0.0,0.2355985268950463,0.4559645112603903,0.4559645112603903,0.4559645112603903,0.4559645112603903,1.0,1.0,0.9330078210652288,0.220365984365344,0.4559645112603903,0.4559645112603903,0.2717874309299348,0.0,0.0
2026-08-27,171.5800018310547,771.0999755859375,14.510000228881836,82.81266784667969,79.43467712402344,28.020000457763672,171.9499969482422,173.11000061035156,171.42999267578125,7110400.0,-0.0112941773130443,-0.0178591595402938,-0.004698634268006,0.0190046137038022,0.0492905904354306,0.0100264068984988,0.015786706098566,0.0119451513137692,0.8393703684248017,0.2657813223199345,-0.1926403829689632,-0.0136018897579002,-0.0035715022155174,0.0163487911185424,0.0629502087640416,,,-0.0009419415099629,0.002405715383657,0.0027184601963666,0.0009576104218947,0.0008273328402061,-0.0233378359270149,-0.0136018897579002,-0.0035715022155174,0.0097913971129603,-0.002151759952045,62.531883683138254,3.252665122398213,3.1325228721046567,0.120142250293556,0.1067148332459199,0.6532007371540118,0.0337023241583035,0.0964109272105213,-0.0053411241329464,-1.1264430319791168,-0.0265301454171475,0.0065527861112515,0.0111460795595608,0.0396526487450592,0.0262265624189717,14.510000228881836,-0.0460223410591402,-0.0936914415087901,-0.0530574804492798,-1.362628993593279,-1.4684703694019938,-0.0845425943430567,-0.0020408913798588,0.0095944014056013,0.0080298426154561,-0.0086532149590368,0.0095944014056013,0.0010026695873459,0.0038965409184041,-0.0056777801873452,0.0039412615891418,0.0039412615891418,1.361830092643194,-0.5143734277989808,0.2225133021184131,0.0123386490205235,2.0719052566778773,0.0080947134113069,0.0279643872134727,0.0123852841524321,-0.0156700541572278,-0.0141572057587761,3.207819570676372,2.733194356296568,-0.0158447138275669,214.7884521484375,0.0188303422095723,0.1307643058830145,0.2736398280091257,168.22999572753906,0.0296853390854365,0.1107222254740365,0.4058679583012278,54.5346908569336,-0.0149684610859286,0.0356465692510679,-0.3840803808441052,57.12882614135742,0.0152482006029128,0.008986772660732,1.3303378373460544,1.0,0.0,1.0,0.0,0.999999999,0.0,0.0,1.0,0.6988288760185242,0.0089011024683713,0.2922699749469757,0.6899277735501528,0.807947488782822,0.0239900748667149,0.1680624640704888,0.7839574139161071,-0.0033690333366394,0.2803400754928589,-0.307116150856018,0.0174081213772296,-0.1033083647489547,0.1185231655836105,-0.0851678401231765,-0.1544918268918991,0.1434410065412521,0.0043749921023845,-0.0361368730664253,0.1814091056585312,0.0265280678868293,-0.1869236975908279,-0.0489401146769523,0.0038710832595825,0.0798928439617157,-0.1327263712882995,0.0463891103863716,-0.0283695515245199,-0.0270800963044166,-0.0086748860776424,-0.12263685464859,0.1790794730186462,-0.0612095594406127,-0.0848176926374435,0.050339475274086,0.0316164307296276,-0.0605641566216945,0.0254435762763023,0.0,0.0,0.0,0.0,1.0,0.4133073083921654,0.2479843850352994,0.3034312526384988,0.1820587515830992,0.7839574139161071,0.6899277735501528,2.830179882411511,3.4751761222633224,2.0,0.8451542532999404,0.0,0.6899277735501529,0.7839574139161071,0.5078690219670534,1.5890660418363596,0.0,0.0,0.0,0.0940296403659542,0.7839574139161071,0.7839574139161071,0.7839574139161071,0.7839574139161071,1.0,0.0,0.8451542532999404,0.6899277735501528,0.7839574139161071,0.3279929026557168,0.5695817301489923,0.0,0.0
2026-08-28,171.16000366210938,769.3499755859375,14.43000030517578,82.5636215209961,79.30538177490234,28.18000030517578,171.42999267578125,171.7100067138672,170.58999633789062,4911700.0,-0.0024478270454785,-0.0235608978390562,-0.019814405863178,0.0226444921759616,0.0529683202012001,0.0064364532577716,0.0156260507317051,0.0118410307316994,0.5435719963945952,-0.3092231098109811,-0.4270279224294007,-0.0120862673714993,-0.0081935509170159,0.0112821215382723,0.0576991202178516,,,-0.0040026686951432,0.0025806573710127,0.0025472038224315,0.0009973673125043,0.0007009644235774,-0.0257285359865283,-0.0120862673714993,-0.0081935509170159,0.0065436454312515,-0.0015749228560167,56.41510275939604,2.9795896022311297,3.101936218129952,-0.122346615898822,0.1011262178781963,0.6115647531865696,0.0424223737953237,0.2150968630418417,0.0054058055675402,-0.3803067570196634,-0.0342971763613098,-0.0022694852229377,0.004740642822048,0.02987824506877,0.0235105220616749,14.43000030517578,-0.0055134336625864,-0.0462656843338036,-0.053460132627415,-1.343247156028074,-1.0800819537037072,-0.0660193861929808,-0.0030073457619392,0.0101157381803451,0.0117187697203646,-0.0112857175741433,0.0101157381803451,0.0003763905083764,0.0016329135867256,0.0024902060940703,0.0100358670420748,0.0100358670420748,0.6656850387935561,0.9863807816574258,0.2224735284247637,0.0110356912326283,2.073068023288962,0.0066715911503576,0.0319358909641003,0.0122798702499491,-0.0244391912088451,-0.0296304105680406,3.169928482213586,1.6289568563315535,-0.024555048685226,208.9387664794922,-0.0215864591618961,0.1209162576440279,-0.331840017974877,162.3800048828125,-0.0202135457134383,0.1045507853227072,-0.2893256966250818,55.103797912597656,-0.0174470449875285,0.0510379279030122,-0.4799443222306481,56.719764709472656,-0.0019311944353676,0.0083362601512659,-0.175606636844991,2.0,0.0,1.0,0.0,0.49999999975,0.0,0.0,1.0,0.7429159283638,0.0264781299047171,0.2306059375405311,0.7164377984590828,0.3681895232155731,0.026394365734599,0.605416077327624,0.341795157480974,0.035033032298088,0.1156393885612487,-0.2430389299988746,-0.0275762788951396,-0.1265220865607261,0.0457018986344337,0.1880936659872532,0.0806287676095962,0.0002756416797637,-0.0161286732181906,0.0093505196273326,0.0404327241703867,-0.0076912343502044,-0.0208767764270305,-0.0470159500837326,0.0529177766293287,0.0867963582277298,0.0850808629766106,0.0831865444779396,-0.005653868895024,-0.1370832063257694,0.020547866821289,0.0971011146903038,0.0385417714715004,0.0700670834630727,0.0322295352816581,-0.0361336283385753,0.0649158935993909,0.0447671469300985,-0.0255321990698575,0.0,0.0,0.0,0.0,2.0,0.5272390275524901,0.3163434165314943,0.5422438521248597,0.3253463112749158,0.341795157480974,0.7164377984590828,2.8301383275905527,2.1666440819632817,4.0,2.110579408862519,0.0,0.716437798459083,0.341795157480974,0.3910914871841668,1.1025074205215923,0.0,0.0,0.0,0.3746426409781088,0.341795157480974,0.341795157480974,0.341795157480974,0.341795157480974,1.0,1.0,2.535462759899821,0.7164377984590828,0.341795157480974,0.442162256435133,0.049412629280773,0.0,0.0
2026-08-31,170.5399932861328,767.0499877929688,14.920000076293944,82.20499420166016,79.375,28.1200008392334,170.25,170.97999572753906,169.1999969482422,7312600.0,-0.0036224022126135,-0.0172870814570886,-0.0238122709489333,0.0208918896774499,0.0511587001475937,0.0059755417069576,0.0156871366407921,0.0118819168667355,0.5029105380105966,0.4888124274691043,-0.1282729550159232,-0.010915102574831,-0.0137807190645921,0.0051542296022228,0.0517956399936752,,,-0.0048200731451659,0.002494653984227,0.0019827284544477,0.0009834654176117,0.0006123076018058,-0.0292577390934569,-0.010915102574831,-0.0137807190645921,0.0104374272861051,0.0017033379508535,55.9139800287342,2.6822265908857617,3.017994292681114,-0.3357677017953522,0.0932024525581415,0.5553014374703023,0.0453994149803721,0.2595761403632604,0.0021399582730826,-0.606204723195398,-0.0371236371773686,-0.0029895208500099,0.0046891393600545,0.0123800666442988,0.0201814147763983,14.920000076293944,0.03395701737736,-0.0586750967061834,-0.0182918786939074,-0.4689293787723905,0.0364219841387321,-0.0190664011259501,-0.0043436481192232,-0.0004845085285746,0.0040150265312484,-0.015125341179233,-0.0004845085285746,0.0025121969856911,0.0013802396650464,0.0007117600531016,0.0057225236051454,0.0057225236051454,1.053470362613523,0.4537980336654607,0.2223323068902291,0.0085143002109819,2.0745697380353163,0.0051301687830898,0.0283717247944177,0.0064173747895497,-0.0283683869889767,-0.0233390703990161,3.262431622233325,1.507489986825692,-0.0285014103089878,209.03875732421875,-0.0163741579051175,0.1244687844507776,-0.2734111579713665,162.5,-0.0101723712467045,0.1031158963624603,-0.1566729550447551,54.8841438293457,-0.0162849329619695,0.0140196058393233,-0.4250396023260715,56.58008575439453,-0.0097782869488093,-0.0024626152064202,-0.8891204531531485,1.0,0.0,1.0,0.0,0.999999999,0.0,0.0,1.0,0.7423290014266968,0.0129139488562941,0.2447570115327835,0.7294150525704026,0.6319998502731323,0.0140247792005538,0.3539753258228302,0.6179750710725784,0.0213376879692077,0.3017733097076416,-0.3605892956256866,0.0075303874909877,-0.1956751644611358,-0.0170756131410598,0.0305710211396217,0.0611239932477474,0.0497458726167678,0.0637615174055099,-0.0782466232776641,-0.0969527065753936,-0.0598156601190567,-0.1712711751461029,-0.0473885908722877,-0.1530632972717285,-0.0858008041977882,0.0941796228289604,-0.1085362359881401,0.046491015702486,0.0904354602098465,0.1768384575843811,-0.0246054604649543,-0.0688573345541954,0.145612895488739,-0.0057786405086517,0.0876061394810676,-0.0600515678524971,0.0658555775880813,0.0623894557356834,0.0,0.0,0.0,0.0,1.0,0.5812425474898861,0.4399384307460099,0.7119268748598793,0.4712293217889963,0.1620105598121881,0.5090490682050586,1.307226462848506,0.9357901982511768,5.0,0.5353033782125952,0.0,0.7294150525704026,0.6179750710725785,0.258185730781406,0.6285118057378237,0.0,0.0,0.0,0.1114399814978241,0.6179750710725784,0.6179750710725784,0.6179750710725784,0.6179750710725784,1.0,-1.0,0.603022688246434,0.7294150525704026,0.6179750710725784,0.2761799135916044,0.3206512799443001,0.0,0.0
2026-09-01,171.6699981689453,761.780029296875,16.34000015258789,81.87000274658203,79.0999984741211,28.209999084472656,172.6199951171875,173.52999877929688,171.02999877929688,7821200.0,0.00662604038524,0.0005245153102355,-0.0206514647489228,0.0114299327769999,0.0590375799203757,0.0071478514687855,0.0150313796150384,0.0118862318813288,0.6013554959043086,0.0695511856248118,-0.0251788092429281,-0.0001630763214958,-0.0083585010324231,0.0089688747881881,0.0566651446861028,,,-0.0041735376632526,0.0028680276111148,0.0019911882912368,0.0011864639415658,0.0006479464438422,-0.0228255616690308,-0.0001630763214958,-0.0083585010324231,0.0145628241781634,-0.0055034003887977,57.31099704425467,2.508826027453381,2.916160639635568,-0.4073346121821868,0.0834062750357893,0.6075323743248299,0.0261454856987088,0.4937627350520433,0.0064512019484948,0.9269973623792228,-0.0209295160314403,-0.006870423805438,-0.0053922053406619,-0.0123811955730699,0.012585935050112,16.34000015258789,0.0951742673614426,0.0576052009262184,0.075707708428927,1.9994391576023431,1.6317447519776127,0.1261199100509646,-0.0040750742498241,-0.0154101128590378,-0.0076826726971517,-0.0187048074394358,-0.0154101128590378,4.388782464936902e-05,-0.0048361618666755,0.0024875513980988,0.0096635127148949,0.0096635127148949,-0.8782798437774092,1.2565730331040093,0.225353765610523,0.0187085615760074,2.0968607842890576,0.0126893615011423,0.0189580776654387,0.0049846367395269,-0.0153419865500724,-0.0053233858668859,3.115619930999125,1.440089327461031,-0.0152592594082608,210.8086700439453,-0.0257855666660179,0.1087037155926491,-0.4842543080528123,163.39999389648438,-0.0337079361401202,0.0758492799796817,-0.5760242057294835,54.20520782470703,-0.0254890670417973,0.0033266120419641,-0.6239157896937377,57.29843521118164,0.0075438131180498,0.0171802937736307,0.6860242056749937,0.0,0.0,0.0,0.0,0.0,0.0,0.0,0.0,0.0,0.0,1.0,0.0,0.0,0.0,1.0,0.0,0.0169357341644448,0.2395176346429177,-0.2861999136023435,0.005976872512461,-0.1553074809548287,-0.0135529231315602,0.0242642355583888,0.0485141455909856,0.0394833252614666,0.0506075499022975,-0.0621043860519617,-0.076951414204472,-0.0474757208985814,-0.1359380217993767,-0.0376123495009801,-0.1214864195534315,-0.0681001434216432,0.07475041617633,-0.0861452675921211,0.0368999436165982,0.0717786723361692,0.1403567767989402,-0.0195293669131152,-0.054652102653528,0.1155730317394799,-0.0045865100111899,0.0695330389855598,-0.0476629609906968,0.0522696065706468,0.0495185438332736,0.0,0.0,0.0,1.0,0.0,0.3199234095178504,0.4399384307460099,0.4819509503431616,0.4712293217889963,-0.7839574139161071,-0.6899277735501528,0.0,0.0,5.0,-0.9045340323696508,0.0,0.0,0.0,-0.4712293217889966,-1.4825409309886122,0.0,0.0,0.0,0.0,0.4904871389553669,0.5379785462251955,0.5597146457956039,0.5900683080395944,0.0,-1.0,-0.9941348452519626,0.0,0.0,0.6179750710725784,0.0,0.0,0.0
2026-09-02,172.9499969482422,765.1599731445312,15.199999809265137,81.94999694824219,79.11000061035156,28.170000076293945,172.08999633789062,174.47999572753906,172.08999633789062,7805000.0,0.0074561588684656,0.0104580114970462,-0.0033997715841663,-0.0155395938146314,0.0535452795446158,0.0078105095143774,0.0097315471508308,0.0117158301143947,0.6666628631050334,-0.0020712934076612,0.019906137273747,0.0079846029764083,0.0006132683667423,0.0138729675592077,0.0622585978120893,,,-0.0006811127879524,0.0026080466723641,0.0021542569968258,0.0012689279413837,0.0007149671846241,-0.0155395938146314,0.0079846029764083,0.0006132683667423,0.0138190195537481,0.0049973887422427,59.80265022652544,2.4464884398938125,2.8222261996872167,-0.3757377597934042,0.0774634896101838,0.6790904028339024,0.0206650127506224,0.8863826784315805,0.0039701550361168,0.9546314360297552,-0.0152970869195852,0.004436902672253,-0.0012009763011538,-0.0060146338806297,0.0164517779815598,15.199999809265137,-0.0697674622201397,-0.0006574772423901,0.0026715777229404,0.0727861423051664,0.1557321794932218,0.0533610178658949,0.0009770880539452,-0.0124367680400713,-0.0088672167100594,-0.0174123371760981,-0.0124367680400713,-0.0020881925979934,-0.0044613004008516,0.0104017548155253,0.0053533053561642,0.0053533053561642,-0.8226283549442786,0.8311132755478344,0.2260311608270361,0.0188281577620701,2.110433232321822,0.0161763816300277,-0.0105217939380616,-0.0064927698833611,-0.0022014391592712,0.0091508028685616,1.9349864144395332,1.4047595198719514,-0.0021987952830124,213.78851318359372,-0.0066440238632129,0.1147028564986483,-0.141335456168806,165.3699951171875,-0.0179345821213097,0.0807790409390503,-0.3458426964609505,54.334999084472656,-0.017512219539993,0.0130304434851373,-0.40826151427795,57.5179328918457,0.0041804274345529,0.0194518252287667,0.3596877553390956,0.0,0.0,0.0,0.0,0.0,0.0,0.0,0.0,0.0,0.0,1.0,0.0,0.0,0.0,1.0,0.0,0.0134419011142467,0.1901052725985512,-0.2271570219627839,0.0047438468568802,-0.1232676293231131,-0.0107569622181414,0.0192585365252952,0.0385057028732345,0.0313379360276274,0.0401672389762201,-0.0492922838753616,-0.0610763779293097,-0.0376815046486784,-0.1078940794034033,-0.0298529415824256,-0.0964238350994836,-0.0540511196533509,0.0593294446366834,-0.0683735441989076,0.0292875046572776,0.0569707699876579,0.1114012475707517,-0.015500468791076,-0.0433774026222422,0.0917303760812022,-0.0036403154083127,0.0551884096161117,-0.0378301172082756,0.0414864142281043,0.039302894286436,0.0,0.0,0.0,2.0,0.0,0.2059916903575257,0.3487455284939319,0.2431383508568007,0.4271561249159274,-0.341795157480974,-0.7164377984590828,0.0,0.0,4.0,-0.9045340323696508,0.0,0.0,0.0,-0.4271561249159278,-1.2607148782586337,0.0,0.0,0.0,0.0,0.3892999001773109,0.4683375264575738,0.506946799932169,0.563421769665232,0.0,0.0,-0.9045340323696508,0.0,0.0,0.0,0.0,0.0,0.0
2026-09-03,173.25999450683594,773.1699829101562,14.31999969482422,82.06999969482422,79.20999908447266,28.01000022888184,174.07000732421875,174.16000366210938,171.3800048828125,5933900.0,0.0017924114718921,0.0159493451846188,0.009791308181914,0.0050466681377558,0.053572500590356,0.0050645812014827,0.0076390479695946,0.011715725783646,0.4322891182945968,-0.2397309417040358,-0.2064437744438225,0.0078177552605793,0.0019024802320275,0.0130741711221507,0.0620568547770339,,,0.0019487367881408,0.0026093385339771,0.0019757790008523,0.0012162533957787,0.0007282042982596,-0.0137750356889611,0.0078177552605793,0.0019024802320275,0.0160452433766364,-0.0046533738340925,63.02522596332622,2.3944973894726047,2.7366804376442944,-0.3421830481716896,0.0705771544389798,0.685246504000873,0.0270363018126938,0.7891577152356228,-0.0035240369229808,0.3539110237696146,-0.0163741139925476,0.0104684118965432,0.0026844863049642,0.0059982114164236,0.0262286996794811,14.31999969482422,-0.0578947450975962,-0.0130944542426281,-0.0527847819872003,-1.3588422597734764,-0.8920247919070583,-0.0402145025738339,0.0014643410744459,-0.0089680500721273,-0.0016421691668121,-0.0155654685360328,-0.0089680500721273,0.0010570567675063,-0.0028284629293574,0.0035829588683784,-0.0003568960998737,-0.0003568960998737,-0.1899319276207308,-0.5593720320007175,0.2240904307416304,0.0077821126545798,2.1111245906068,0.0138088753445584,-0.0086933254965186,0.0045039263678747,0.0070877947889065,0.0189291155097541,1.4499300394933574,0.73674288995482,0.0071068218769498,213.7985076904297,-0.0046089277524271,0.1079960764845124,-0.1194729797782918,164.3800048828125,-0.0228852817125544,0.0639482516686893,-0.5300535359218502,53.82579803466797,-0.0129989335435188,-0.0036961806839025,-0.2808081945090414,57.867130279541016,0.0129234956859916,0.0358992418576056,1.0402984649210063,0.0,0.0,0.0,0.0,0.0,0.0,0.0,0.0,0.0,0.0,1.0,0.0,0.0,0.0,1.0,0.0,0.0106688439846038,0.1508866548538208,-0.1802946478128433,0.0037651937454938,-0.0978375822305679,-0.0085378065705299,0.0152855105698108,0.0305619966238737,0.0248729363083839,0.0318807587027549,-0.039123311638832,-0.0484763532876968,-0.0299078300595283,-0.0856355875730514,-0.0236942954361438,-0.0765316486358642,-0.0429004020988941,0.0470898114144802,-0.05426811799407,0.023245507851243,0.0452177301049232,0.0884192287921905,-0.0123027302324771,-0.0344286672770977,0.0728064477443695,-0.0028893202543258,0.0438030697405338,-0.0300257839262485,0.0329277887940406,0.0311947278678417,0.0,0.0,0.0,3.0,0.0,0.0,0.1919540457107104,0.0,0.289170570205897,-0.6179750710725784,-0.7294150525704026,0.0,0.0,3.0,-0.8221786007980759,0.0,0.0,0.0,-0.2891705702058973,-0.7944805402996891,0.0,0.0,0.0,0.0,0.3089875355362892,0.4077114974703544,0.4591537132214257,0.5379785462251955,0.0,0.0,-0.9045340323696508,0.0,0.0,0.0,0.0,0.0,0.0
